<?xml version="1.0" encoding="UTF-8" ?>
<class name="AnimationNodeOutput" inherits="AnimationNode" version="3.4">
	<brief_description>
		Generic output node to be added to [AnimationNodeBlendTree].
	</brief_description>
	<description>
	</description>
	<tutorials>
		<link title="AnimationTree">https://docs.godotengine.org/en/3.4/tutorials/animation/animation_tree.html</link>
		<link title="3D Platformer Demo">https://godotengine.org/asset-library/asset/125</link>
		<link title="Third Person Shooter Demo">https://godotengine.org/asset-library/asset/678</link>
	</tutorials>
	<methods>
	</methods>
	<constants>
	</constants>
</class>
