<?xml version="1.0" encoding="UTF-8" ?>
<class name="AnimationNodeTimeScale" inherits="AnimationNode" version="3.4">
	<brief_description>
		A time-scaling animation node to be used with [AnimationTree].
	</brief_description>
	<description>
		Allows scaling the speed of the animation (or reversing it) in any children nodes. Setting it to 0 will pause the animation.
	</description>
	<tutorials>
		<link title="AnimationTree">https://docs.godotengine.org/en/3.4/tutorials/animation/animation_tree.html</link>
		<link title="3D Platformer Demo">https://godotengine.org/asset-library/asset/125</link>
	</tutorials>
	<methods>
	</methods>
	<constants>
	</constants>
</class>
