<?xml version="1.0" encoding="UTF-8" ?>
<class name="AudioStreamPlayback" inherits="Reference" version="3.4">
	<brief_description>
		Meta class for playing back audio.
	</brief_description>
	<description>
		Can play, loop, pause a scroll through audio. See [AudioStream] and [AudioStreamOGGVorbis] for usage.
	</description>
	<tutorials>
		<link title="Audio Generator Demo">https://godotengine.org/asset-library/asset/526</link>
	</tutorials>
	<methods>
	</methods>
	<constants>
	</constants>
</class>
