<?xml version="1.0" encoding="UTF-8" ?>
<class name="EditorNavigationMeshGenerator" inherits="Object" version="3.4">
	<brief_description>
	</brief_description>
	<description>
	</description>
	<tutorials>
	</tutorials>
	<methods>
		<method name="bake">
			<return type="void" />
			<argument index="0" name="nav_mesh" type="NavigationMesh" />
			<argument index="1" name="root_node" type="Node" />
			<description>
			</description>
		</method>
		<method name="clear">
			<return type="void" />
			<argument index="0" name="nav_mesh" type="NavigationMesh" />
			<description>
			</description>
		</method>
	</methods>
	<constants>
	</constants>
</class>
