<?xml version="1.0" encoding="UTF-8" ?>
<class name="MainLoop" inherits="Object" version="3.4">
	<brief_description>
		Abstract base class for the game's main loop.
	</brief_description>
	<description>
		[MainLoop] is the abstract base class for a Godot project's game loop. It is inherited by [SceneTree], which is the default game loop implementation used in Godot projects, though it is also possible to write and use one's own [MainLoop] subclass instead of the scene tree.
		Upon the application start, a [MainLoop] implementation must be provided to the OS; otherwise, the application will exit. This happens automatically (and a [SceneTree] is created) unless a main [Script] is provided from the command line (with e.g. [code]godot -s my_loop.gd[/code], which should then be a [MainLoop] implementation.
		Here is an example script implementing a simple [MainLoop]:
		[codeblock]
		extends MainLoop

		var time_elapsed = 0
		var keys_typed = []
		var quit = false

		func _initialize():
		    print("Initialized:")
		    print("  Starting time: %s" % str(time_elapsed))

		func _idle(delta):
		    time_elapsed += delta
		    # Return true to end the main loop.
		    return quit

		func _input_event(event):
		    # Record keys.
		    if event is InputEventKey and event.pressed and !event.echo:
		        keys_typed.append(OS.get_scancode_string(event.scancode))
		        # Quit on Escape press.
		        if event.scancode == KEY_ESCAPE:
		            quit = true
		    # Quit on any mouse click.
		    if event is InputEventMouseButton:
		        quit = true

		func _finalize():
		    print("Finalized:")
		    print("  End time: %s" % str(time_elapsed))
		    print("  Keys typed: %s" % var2str(keys_typed))
		[/codeblock]
	</description>
	<tutorials>
	</tutorials>
	<methods>
		<method name="_drop_files" qualifiers="virtual">
			<return type="void" />
			<argument index="0" name="files" type="PoolStringArray" />
			<argument index="1" name="from_screen" type="int" />
			<description>
				Called when files are dragged from the OS file manager and dropped in the game window. The arguments are a list of file paths and the identifier of the screen where the drag originated.
			</description>
		</method>
		<method name="_finalize" qualifiers="virtual">
			<return type="void" />
			<description>
				Called before the program exits.
			</description>
		</method>
		<method name="_global_menu_action" qualifiers="virtual">
			<return type="void" />
			<argument index="0" name="id" type="Variant" />
			<argument index="1" name="meta" type="Variant" />
			<description>
				Called when the user performs an action in the system global menu (e.g. the Mac OS menu bar).
			</description>
		</method>
		<method name="_idle" qualifiers="virtual">
			<return type="bool" />
			<argument index="0" name="delta" type="float" />
			<description>
				Called each idle frame with the time since the last idle frame as argument (in seconds). Equivalent to [method Node._process].
				If implemented, the method must return a boolean value. [code]true[/code] ends the main loop, while [code]false[/code] lets it proceed to the next frame.
			</description>
		</method>
		<method name="_initialize" qualifiers="virtual">
			<return type="void" />
			<description>
				Called once during initialization.
			</description>
		</method>
		<method name="_input_event" qualifiers="virtual">
			<return type="void" />
			<argument index="0" name="event" type="InputEvent" />
			<description>
				Called whenever an [InputEvent] is received by the main loop.
			</description>
		</method>
		<method name="_input_text" qualifiers="virtual">
			<return type="void" />
			<argument index="0" name="text" type="String" />
			<description>
				Deprecated callback, does not do anything. Use [method _input_event] to parse text input. Will be removed in Godot 4.0.
			</description>
		</method>
		<method name="_iteration" qualifiers="virtual">
			<return type="bool" />
			<argument index="0" name="delta" type="float" />
			<description>
				Called each physics frame with the time since the last physics frame as argument ([code]delta[/code], in seconds). Equivalent to [method Node._physics_process].
				If implemented, the method must return a boolean value. [code]true[/code] ends the main loop, while [code]false[/code] lets it proceed to the next frame.
			</description>
		</method>
		<method name="finish">
			<return type="void" />
			<description>
				Should not be called manually, override [method _finalize] instead. Will be removed in Godot 4.0.
			</description>
		</method>
		<method name="idle">
			<return type="bool" />
			<argument index="0" name="delta" type="float" />
			<description>
				Should not be called manually, override [method _idle] instead. Will be removed in Godot 4.0.
			</description>
		</method>
		<method name="init">
			<return type="void" />
			<description>
				Should not be called manually, override [method _initialize] instead. Will be removed in Godot 4.0.
			</description>
		</method>
		<method name="input_event">
			<return type="void" />
			<argument index="0" name="event" type="InputEvent" />
			<description>
				Should not be called manually, override [method _input_event] instead. Will be removed in Godot 4.0.
			</description>
		</method>
		<method name="input_text">
			<return type="void" />
			<argument index="0" name="text" type="String" />
			<description>
				Should not be called manually, override [method _input_text] instead. Will be removed in Godot 4.0.
			</description>
		</method>
		<method name="iteration">
			<return type="bool" />
			<argument index="0" name="delta" type="float" />
			<description>
				Should not be called manually, override [method _iteration] instead. Will be removed in Godot 4.0.
			</description>
		</method>
	</methods>
	<signals>
		<signal name="on_request_permissions_result">
			<argument index="0" name="permission" type="String" />
			<argument index="1" name="granted" type="bool" />
			<description>
				Emitted when a user responds to a permission request.
			</description>
		</signal>
	</signals>
	<constants>
		<constant name="NOTIFICATION_WM_MOUSE_ENTER" value="1002">
			Notification received from the OS when the mouse enters the game window.
			Implemented on desktop and web platforms.
		</constant>
		<constant name="NOTIFICATION_WM_MOUSE_EXIT" value="1003">
			Notification received from the OS when the mouse leaves the game window.
			Implemented on desktop and web platforms.
		</constant>
		<constant name="NOTIFICATION_WM_FOCUS_IN" value="1004">
			Notification received from the OS when the game window is focused.
			Implemented on all platforms.
		</constant>
		<constant name="NOTIFICATION_WM_FOCUS_OUT" value="1005">
			Notification received from the OS when the game window is unfocused.
			Implemented on all platforms.
		</constant>
		<constant name="NOTIFICATION_WM_QUIT_REQUEST" value="1006">
			Notification received from the OS when a quit request is sent (e.g. closing the window with a "Close" button or Alt+F4).
			Implemented on desktop platforms.
		</constant>
		<constant name="NOTIFICATION_WM_GO_BACK_REQUEST" value="1007">
			Notification received from the OS when a go back request is sent (e.g. pressing the "Back" button on Android).
			Specific to the Android platform.
		</constant>
		<constant name="NOTIFICATION_WM_UNFOCUS_REQUEST" value="1008">
			Notification received from the OS when an unfocus request is sent (e.g. another OS window wants to take the focus).
			No supported platforms currently send this notification.
		</constant>
		<constant name="NOTIFICATION_OS_MEMORY_WARNING" value="1009">
			Notification received from the OS when the application is exceeding its allocated memory.
			Specific to the iOS platform.
		</constant>
		<constant name="NOTIFICATION_TRANSLATION_CHANGED" value="1010">
			Notification received when translations may have changed. Can be triggered by the user changing the locale. Can be used to respond to language changes, for example to change the UI strings on the fly. Useful when working with the built-in translation support, like [method Object.tr].
		</constant>
		<constant name="NOTIFICATION_WM_ABOUT" value="1011">
			Notification received from the OS when a request for "About" information is sent.
			Specific to the macOS platform.
		</constant>
		<constant name="NOTIFICATION_CRASH" value="1012">
			Notification received from Godot's crash handler when the engine is about to crash.
			Implemented on desktop platforms if the crash handler is enabled.
		</constant>
		<constant name="NOTIFICATION_OS_IME_UPDATE" value="1013">
			Notification received from the OS when an update of the Input Method Engine occurs (e.g. change of IME cursor position or composition string).
			Specific to the macOS platform.
		</constant>
		<constant name="NOTIFICATION_APP_RESUMED" value="1014">
			Notification received from the OS when the app is resumed.
			Specific to the Android platform.
		</constant>
		<constant name="NOTIFICATION_APP_PAUSED" value="1015">
			Notification received from the OS when the app is paused.
			Specific to the Android platform.
		</constant>
	</constants>
</class>
