<?xml version="1.0" encoding="UTF-8" ?>
<class name="Path2D" inherits="Node2D" version="3.4">
	<brief_description>
		Contains a [Curve2D] path for [PathFollow2D] nodes to follow.
	</brief_description>
	<description>
		Can have [PathFollow2D] child nodes moving along the [Curve2D]. See [PathFollow2D] for more information on usage.
		[b]Note:[/b] The path is considered as relative to the moved nodes (children of [PathFollow2D]). As such, the curve should usually start with a zero vector ([code](0, 0)[/code]).
	</description>
	<tutorials>
	</tutorials>
	<methods>
	</methods>
	<members>
		<member name="curve" type="Curve2D" setter="set_curve" getter="get_curve">
			A [Curve2D] describing the path.
		</member>
		<member name="self_modulate" type="Color" setter="set_self_modulate" getter="get_self_modulate" override="true" default="Color( 0.5, 0.6, 1, 0.7 )" />
	</members>
	<constants>
	</constants>
</class>
