<?xml version="1.0" encoding="UTF-8" ?>
<class name="AudioStreamGenerator" inherits="AudioStream" version="3.4">
	<brief_description>
		Audio stream that generates sounds procedurally.
	</brief_description>
	<description>
		This audio stream does not play back sounds, but expects a script to generate audio data for it instead. See also [AudioStreamGeneratorPlayback].
		See also [AudioEffectSpectrumAnalyzer] for performing real-time audio spectrum analysis.
		[b]Note:[/b] Due to performance constraints, this class is best used from C# or from a compiled language via GDNative. If you still want to use this class from GDScript, consider using a lower [member mix_rate] such as 11,025 Hz or 22,050 Hz.
	</description>
	<tutorials>
		<link title="Audio Generator Demo">https://godotengine.org/asset-library/asset/526</link>
		<link title="https://godotengine.org/article/godot-32-will-get-new-audio-features">Godot 3.2 will get new audio features</link>
	</tutorials>
	<methods>
	</methods>
	<members>
		<member name="buffer_length" type="float" setter="set_buffer_length" getter="get_buffer_length" default="0.5">
			The length of the buffer to generate (in seconds). Lower values result in less latency, but require the script to generate audio data faster, resulting in increased CPU usage and more risk for audio cracking if the CPU can't keep up.
		</member>
		<member name="mix_rate" type="float" setter="set_mix_rate" getter="get_mix_rate" default="44100.0">
			The sample rate to use (in Hz). Higher values are more demanding for the CPU to generate, but result in better quality.
			In games, common sample rates in use are [code]11025[/code], [code]16000[/code], [code]22050[/code], [code]32000[/code], [code]44100[/code], and [code]48000[/code].
			According to the [url=https://en.wikipedia.org/wiki/Nyquist%E2%80%93Shannon_sampling_theorem]Nyquist-Shannon sampling theorem[/url], there is no quality difference to human hearing when going past 40,000 Hz (since most humans can only hear up to ~20,000 Hz, often less). If you are generating lower-pitched sounds such as voices, lower sample rates such as [code]32000[/code] or [code]22050[/code] may be usable with no loss in quality.
		</member>
	</members>
	<constants>
	</constants>
</class>
