<?xml version="1.0" encoding="UTF-8" ?>
<class name="HSeparator" inherits="Separator" version="3.4">
	<brief_description>
		Horizontal separator.
	</brief_description>
	<description>
		Horizontal separator. See [Separator]. Even though it looks horizontal, it is used to separate objects vertically.
	</description>
	<tutorials>
	</tutorials>
	<methods>
	</methods>
	<constants>
	</constants>
	<theme_items>
		<theme_item name="separation" data_type="constant" type="int" default="4">
			The height of the area covered by the separator. Effectively works like a minimum height.
		</theme_item>
		<theme_item name="separator" data_type="style" type="StyleBox">
			The style for the separator line. Works best with [StyleBoxLine].
		</theme_item>
	</theme_items>
</class>
