<?xml version="1.0" encoding="UTF-8" ?>
<class name="Panel" inherits="Control" version="3.4">
	<brief_description>
		Provides an opaque background for [Control] children.
	</brief_description>
	<description>
		Panel is a [Control] that displays an opaque background. It's commonly used as a parent and container for other types of [Control] nodes.
	</description>
	<tutorials>
		<link title="2D Role Playing Game Demo">https://godotengine.org/asset-library/asset/520</link>
		<link title="2D Finite State Machine Demo">https://godotengine.org/asset-library/asset/516</link>
		<link title="3D Inverse Kinematics Demo">https://godotengine.org/asset-library/asset/523</link>
	</tutorials>
	<methods>
	</methods>
	<constants>
	</constants>
	<theme_items>
		<theme_item name="panel" data_type="style" type="StyleBox">
			The style of this [Panel].
		</theme_item>
	</theme_items>
</class>
