<?xml version="1.0" encoding="UTF-8" ?>
<class name="SpatialVelocityTracker" inherits="Reference" version="3.4">
	<brief_description>
	</brief_description>
	<description>
	</description>
	<tutorials>
	</tutorials>
	<methods>
		<method name="get_tracked_linear_velocity" qualifiers="const">
			<return type="Vector3" />
			<description>
			</description>
		</method>
		<method name="reset">
			<return type="void" />
			<argument index="0" name="position" type="Vector3" />
			<description>
			</description>
		</method>
		<method name="update_position">
			<return type="void" />
			<argument index="0" name="position" type="Vector3" />
			<description>
			</description>
		</method>
	</methods>
	<members>
		<member name="track_physics_step" type="bool" setter="set_track_physics_step" getter="is_tracking_physics_step" default="false">
		</member>
	</members>
	<constants>
	</constants>
</class>
