<?xml version="1.0" encoding="UTF-8" ?>
<class name="VisualShaderNodeBooleanConstant" inherits="VisualShaderNode" version="3.4">
	<brief_description>
		A boolean constant to be used within the visual shader graph.
	</brief_description>
	<description>
		Has only one output port and no inputs.
		Translated to [code]bool[/code] in the shader language.
	</description>
	<tutorials>
	</tutorials>
	<methods>
	</methods>
	<members>
		<member name="constant" type="bool" setter="set_constant" getter="get_constant" default="false">
			A boolean constant which represents a state of this node.
		</member>
	</members>
	<constants>
	</constants>
</class>
