<?xml version="1.0" encoding="UTF-8" ?>
<class name="AcceptDialog" inherits="WindowDialog" version="3.2">
	<brief_description>
	</brief_description>
	<description>
	</description>
	<tutorials>
	</tutorials>
	<methods>
		<method name="add_button">
			<return type="Button">
			</return>
			<argument index="0" name="text" type="String">
			</argument>
			<argument index="1" name="right" type="bool" default="false">
			</argument>
			<argument index="2" name="action" type="String" default="&quot;&quot;">
			</argument>
			<description>
			</description>
		</method>
		<method name="add_cancel">
			<return type="Button">
			</return>
			<argument index="0" name="name" type="String">
			</argument>
			<description>
			</description>
		</method>
		<method name="get_label">
			<return type="Label">
			</return>
			<description>
			</description>
		</method>
		<method name="get_ok">
			<return type="Button">
			</return>
			<description>
			</description>
		</method>
		<method name="register_text_enter">
			<return type="void">
			</return>
			<argument index="0" name="line_edit" type="Node">
			</argument>
			<description>
			</description>
		</method>
	</methods>
	<members>
		<member name="dialog_autowrap" type="bool" setter="set_autowrap" getter="has_autowrap" default="false">
		</member>
		<member name="dialog_hide_on_ok" type="bool" setter="set_hide_on_ok" getter="get_hide_on_ok" default="true">
		</member>
		<member name="dialog_text" type="String" setter="set_text" getter="get_text" default="&quot;&quot;">
		</member>
		<member name="window_title" type="String" setter="set_title" getter="get_title" override="true" default="&quot;Alert!&quot;" />
	</members>
	<signals>
		<signal name="confirmed">
			<description>
			</description>
		</signal>
		<signal name="custom_action">
			<argument index="0" name="action" type="String">
			</argument>
			<description>
			</description>
		</signal>
	</signals>
	<constants>
	</constants>
</class>
