<?xml version="1.0" encoding="UTF-8" ?>
<class name="AnimatedSprite3D" inherits="SpriteBase3D" version="3.2">
	<brief_description>
	</brief_description>
	<description>
	</description>
	<tutorials>
	</tutorials>
	<methods>
		<method name="is_playing" qualifiers="const">
			<return type="bool">
			</return>
			<description>
			</description>
		</method>
		<method name="play">
			<return type="void">
			</return>
			<argument index="0" name="anim" type="String" default="&quot;&quot;">
			</argument>
			<description>
			</description>
		</method>
		<method name="stop">
			<return type="void">
			</return>
			<description>
			</description>
		</method>
	</methods>
	<members>
		<member name="animation" type="String" setter="set_animation" getter="get_animation" default="&quot;default&quot;">
		</member>
		<member name="frame" type="int" setter="set_frame" getter="get_frame" default="0">
		</member>
		<member name="frames" type="SpriteFrames" setter="set_sprite_frames" getter="get_sprite_frames">
		</member>
		<member name="playing" type="bool" setter="_set_playing" getter="_is_playing" default="false">
		</member>
	</members>
	<signals>
		<signal name="frame_changed">
			<description>
			</description>
		</signal>
	</signals>
	<constants>
	</constants>
</class>
