<?xml version="1.0" encoding="UTF-8" ?>
<class name="AnimatedTexture" inherits="Texture" version="3.2">
	<brief_description>
	</brief_description>
	<description>
	</description>
	<tutorials>
	</tutorials>
	<methods>
		<method name="get_frame_delay" qualifiers="const">
			<return type="float">
			</return>
			<argument index="0" name="frame" type="int">
			</argument>
			<description>
			</description>
		</method>
		<method name="get_frame_texture" qualifiers="const">
			<return type="Texture">
			</return>
			<argument index="0" name="frame" type="int">
			</argument>
			<description>
			</description>
		</method>
		<method name="set_frame_delay">
			<return type="void">
			</return>
			<argument index="0" name="frame" type="int">
			</argument>
			<argument index="1" name="delay" type="float">
			</argument>
			<description>
			</description>
		</method>
		<method name="set_frame_texture">
			<return type="void">
			</return>
			<argument index="0" name="frame" type="int">
			</argument>
			<argument index="1" name="texture" type="Texture">
			</argument>
			<description>
			</description>
		</method>
	</methods>
	<members>
		<member name="flags" type="int" setter="set_flags" getter="get_flags" override="true" default="0" />
		<member name="fps" type="float" setter="set_fps" getter="get_fps" default="4.0">
		</member>
		<member name="frames" type="int" setter="set_frames" getter="get_frames" default="1">
		</member>
	</members>
	<constants>
		<constant name="MAX_FRAMES" value="256">
		</constant>
	</constants>
</class>
