<?xml version="1.0" encoding="UTF-8" ?>
<class name="Array" version="3.2">
	<brief_description>
	</brief_description>
	<description>
	</description>
	<tutorials>
	</tutorials>
	<methods>
		<method name="Array">
			<return type="Array">
			</return>
			<argument index="0" name="from" type="PoolColorArray">
			</argument>
			<description>
			</description>
		</method>
		<method name="Array">
			<return type="Array">
			</return>
			<argument index="0" name="from" type="PoolVector3Array">
			</argument>
			<description>
			</description>
		</method>
		<method name="Array">
			<return type="Array">
			</return>
			<argument index="0" name="from" type="PoolVector2Array">
			</argument>
			<description>
			</description>
		</method>
		<method name="Array">
			<return type="Array">
			</return>
			<argument index="0" name="from" type="PoolStringArray">
			</argument>
			<description>
			</description>
		</method>
		<method name="Array">
			<return type="Array">
			</return>
			<argument index="0" name="from" type="PoolRealArray">
			</argument>
			<description>
			</description>
		</method>
		<method name="Array">
			<return type="Array">
			</return>
			<argument index="0" name="from" type="PoolIntArray">
			</argument>
			<description>
			</description>
		</method>
		<method name="Array">
			<return type="Array">
			</return>
			<argument index="0" name="from" type="PoolByteArray">
			</argument>
			<description>
			</description>
		</method>
		<method name="append">
			<argument index="0" name="value" type="Variant">
			</argument>
			<description>
			</description>
		</method>
		<method name="back">
			<return type="Variant">
			</return>
			<description>
			</description>
		</method>
		<method name="bsearch">
			<return type="int">
			</return>
			<argument index="0" name="value" type="Variant">
			</argument>
			<argument index="1" name="before" type="bool" default="true">
			</argument>
			<description>
			</description>
		</method>
		<method name="bsearch_custom">
			<return type="int">
			</return>
			<argument index="0" name="value" type="Variant">
			</argument>
			<argument index="1" name="obj" type="Object">
			</argument>
			<argument index="2" name="func" type="String">
			</argument>
			<argument index="3" name="before" type="bool" default="true">
			</argument>
			<description>
			</description>
		</method>
		<method name="clear">
			<description>
			</description>
		</method>
		<method name="count">
			<return type="int">
			</return>
			<argument index="0" name="value" type="Variant">
			</argument>
			<description>
			</description>
		</method>
		<method name="duplicate">
			<return type="Array">
			</return>
			<argument index="0" name="deep" type="bool" default="false">
			</argument>
			<description>
			</description>
		</method>
		<method name="empty">
			<return type="bool">
			</return>
			<description>
			</description>
		</method>
		<method name="erase">
			<argument index="0" name="value" type="Variant">
			</argument>
			<description>
			</description>
		</method>
		<method name="find">
			<return type="int">
			</return>
			<argument index="0" name="what" type="Variant">
			</argument>
			<argument index="1" name="from" type="int" default="0">
			</argument>
			<description>
			</description>
		</method>
		<method name="find_last">
			<return type="int">
			</return>
			<argument index="0" name="value" type="Variant">
			</argument>
			<description>
			</description>
		</method>
		<method name="front">
			<return type="Variant">
			</return>
			<description>
			</description>
		</method>
		<method name="has">
			<return type="bool">
			</return>
			<argument index="0" name="value" type="Variant">
			</argument>
			<description>
			</description>
		</method>
		<method name="hash">
			<return type="int">
			</return>
			<description>
			</description>
		</method>
		<method name="insert">
			<argument index="0" name="position" type="int">
			</argument>
			<argument index="1" name="value" type="Variant">
			</argument>
			<description>
			</description>
		</method>
		<method name="invert">
			<description>
			</description>
		</method>
		<method name="max">
			<return type="Variant">
			</return>
			<description>
			</description>
		</method>
		<method name="min">
			<return type="Variant">
			</return>
			<description>
			</description>
		</method>
		<method name="pop_back">
			<return type="Variant">
			</return>
			<description>
			</description>
		</method>
		<method name="pop_front">
			<return type="Variant">
			</return>
			<description>
			</description>
		</method>
		<method name="push_back">
			<argument index="0" name="value" type="Variant">
			</argument>
			<description>
			</description>
		</method>
		<method name="push_front">
			<argument index="0" name="value" type="Variant">
			</argument>
			<description>
			</description>
		</method>
		<method name="remove">
			<argument index="0" name="position" type="int">
			</argument>
			<description>
			</description>
		</method>
		<method name="resize">
			<argument index="0" name="size" type="int">
			</argument>
			<description>
			</description>
		</method>
		<method name="rfind">
			<return type="int">
			</return>
			<argument index="0" name="what" type="Variant">
			</argument>
			<argument index="1" name="from" type="int" default="-1">
			</argument>
			<description>
			</description>
		</method>
		<method name="shuffle">
			<description>
			</description>
		</method>
		<method name="size">
			<return type="int">
			</return>
			<description>
			</description>
		</method>
		<method name="slice">
			<return type="Array">
			</return>
			<argument index="0" name="begin" type="int">
			</argument>
			<argument index="1" name="end" type="int">
			</argument>
			<argument index="2" name="step" type="int" default="1">
			</argument>
			<argument index="3" name="deep" type="bool" default="false">
			</argument>
			<description>
			</description>
		</method>
		<method name="sort">
			<description>
			</description>
		</method>
		<method name="sort_custom">
			<argument index="0" name="obj" type="Object">
			</argument>
			<argument index="1" name="func" type="String">
			</argument>
			<description>
			</description>
		</method>
	</methods>
	<constants>
	</constants>
</class>
