<?xml version="1.0" encoding="UTF-8" ?>
<class name="ArrayMesh" inherits="Mesh" version="3.2">
	<brief_description>
	</brief_description>
	<description>
	</description>
	<tutorials>
	</tutorials>
	<methods>
		<method name="add_blend_shape">
			<return type="void">
			</return>
			<argument index="0" name="name" type="String">
			</argument>
			<description>
			</description>
		</method>
		<method name="add_surface_from_arrays">
			<return type="void">
			</return>
			<argument index="0" name="primitive" type="int" enum="Mesh.PrimitiveType">
			</argument>
			<argument index="1" name="arrays" type="Array">
			</argument>
			<argument index="2" name="blend_shapes" type="Array" default="[  ]">
			</argument>
			<argument index="3" name="compress_flags" type="int" default="97280">
			</argument>
			<description>
			</description>
		</method>
		<method name="clear_blend_shapes">
			<return type="void">
			</return>
			<description>
			</description>
		</method>
		<method name="get_blend_shape_count" qualifiers="const">
			<return type="int">
			</return>
			<description>
			</description>
		</method>
		<method name="get_blend_shape_name" qualifiers="const">
			<return type="String">
			</return>
			<argument index="0" name="index" type="int">
			</argument>
			<description>
			</description>
		</method>
		<method name="lightmap_unwrap">
			<return type="int" enum="Error">
			</return>
			<argument index="0" name="transform" type="Transform">
			</argument>
			<argument index="1" name="texel_size" type="float">
			</argument>
			<description>
			</description>
		</method>
		<method name="regen_normalmaps">
			<return type="void">
			</return>
			<description>
			</description>
		</method>
		<method name="surface_find_by_name" qualifiers="const">
			<return type="int">
			</return>
			<argument index="0" name="name" type="String">
			</argument>
			<description>
			</description>
		</method>
		<method name="surface_get_array_index_len" qualifiers="const">
			<return type="int">
			</return>
			<argument index="0" name="surf_idx" type="int">
			</argument>
			<description>
			</description>
		</method>
		<method name="surface_get_array_len" qualifiers="const">
			<return type="int">
			</return>
			<argument index="0" name="surf_idx" type="int">
			</argument>
			<description>
			</description>
		</method>
		<method name="surface_get_format" qualifiers="const">
			<return type="int">
			</return>
			<argument index="0" name="surf_idx" type="int">
			</argument>
			<description>
			</description>
		</method>
		<method name="surface_get_name" qualifiers="const">
			<return type="String">
			</return>
			<argument index="0" name="surf_idx" type="int">
			</argument>
			<description>
			</description>
		</method>
		<method name="surface_get_primitive_type" qualifiers="const">
			<return type="int" enum="Mesh.PrimitiveType">
			</return>
			<argument index="0" name="surf_idx" type="int">
			</argument>
			<description>
			</description>
		</method>
		<method name="surface_remove">
			<return type="void">
			</return>
			<argument index="0" name="surf_idx" type="int">
			</argument>
			<description>
			</description>
		</method>
		<method name="surface_set_name">
			<return type="void">
			</return>
			<argument index="0" name="surf_idx" type="int">
			</argument>
			<argument index="1" name="name" type="String">
			</argument>
			<description>
			</description>
		</method>
		<method name="surface_update_region">
			<return type="void">
			</return>
			<argument index="0" name="surf_idx" type="int">
			</argument>
			<argument index="1" name="offset" type="int">
			</argument>
			<argument index="2" name="data" type="PoolByteArray">
			</argument>
			<description>
			</description>
		</method>
	</methods>
	<members>
		<member name="blend_shape_mode" type="int" setter="set_blend_shape_mode" getter="get_blend_shape_mode" enum="Mesh.BlendShapeMode" default="1">
		</member>
		<member name="custom_aabb" type="AABB" setter="set_custom_aabb" getter="get_custom_aabb" default="AABB( 0, 0, 0, 0, 0, 0 )">
		</member>
	</members>
	<constants>
		<constant name="NO_INDEX_ARRAY" value="-1">
		</constant>
		<constant name="ARRAY_WEIGHTS_SIZE" value="4">
		</constant>
		<constant name="ARRAY_VERTEX" value="0" enum="ArrayType">
		</constant>
		<constant name="ARRAY_NORMAL" value="1" enum="ArrayType">
		</constant>
		<constant name="ARRAY_TANGENT" value="2" enum="ArrayType">
		</constant>
		<constant name="ARRAY_COLOR" value="3" enum="ArrayType">
		</constant>
		<constant name="ARRAY_TEX_UV" value="4" enum="ArrayType">
		</constant>
		<constant name="ARRAY_TEX_UV2" value="5" enum="ArrayType">
		</constant>
		<constant name="ARRAY_BONES" value="6" enum="ArrayType">
		</constant>
		<constant name="ARRAY_WEIGHTS" value="7" enum="ArrayType">
		</constant>
		<constant name="ARRAY_INDEX" value="8" enum="ArrayType">
		</constant>
		<constant name="ARRAY_MAX" value="9" enum="ArrayType">
		</constant>
		<constant name="ARRAY_FORMAT_VERTEX" value="1" enum="ArrayFormat">
		</constant>
		<constant name="ARRAY_FORMAT_NORMAL" value="2" enum="ArrayFormat">
		</constant>
		<constant name="ARRAY_FORMAT_TANGENT" value="4" enum="ArrayFormat">
		</constant>
		<constant name="ARRAY_FORMAT_COLOR" value="8" enum="ArrayFormat">
		</constant>
		<constant name="ARRAY_FORMAT_TEX_UV" value="16" enum="ArrayFormat">
		</constant>
		<constant name="ARRAY_FORMAT_TEX_UV2" value="32" enum="ArrayFormat">
		</constant>
		<constant name="ARRAY_FORMAT_BONES" value="64" enum="ArrayFormat">
		</constant>
		<constant name="ARRAY_FORMAT_WEIGHTS" value="128" enum="ArrayFormat">
		</constant>
		<constant name="ARRAY_FORMAT_INDEX" value="256" enum="ArrayFormat">
		</constant>
	</constants>
</class>
