<?xml version="1.0" encoding="UTF-8" ?>
<class name="ARVRServer" inherits="Object" version="3.2">
	<brief_description>
	</brief_description>
	<description>
	</description>
	<tutorials>
	</tutorials>
	<methods>
		<method name="center_on_hmd">
			<return type="void">
			</return>
			<argument index="0" name="rotation_mode" type="int" enum="ARVRServer.RotationMode">
			</argument>
			<argument index="1" name="keep_height" type="bool">
			</argument>
			<description>
			</description>
		</method>
		<method name="find_interface" qualifiers="const">
			<return type="ARVRInterface">
			</return>
			<argument index="0" name="name" type="String">
			</argument>
			<description>
			</description>
		</method>
		<method name="get_hmd_transform">
			<return type="Transform">
			</return>
			<description>
			</description>
		</method>
		<method name="get_interface" qualifiers="const">
			<return type="ARVRInterface">
			</return>
			<argument index="0" name="idx" type="int">
			</argument>
			<description>
			</description>
		</method>
		<method name="get_interface_count" qualifiers="const">
			<return type="int">
			</return>
			<description>
			</description>
		</method>
		<method name="get_interfaces" qualifiers="const">
			<return type="Array">
			</return>
			<description>
			</description>
		</method>
		<method name="get_last_commit_usec">
			<return type="int">
			</return>
			<description>
			</description>
		</method>
		<method name="get_last_frame_usec">
			<return type="int">
			</return>
			<description>
			</description>
		</method>
		<method name="get_last_process_usec">
			<return type="int">
			</return>
			<description>
			</description>
		</method>
		<method name="get_reference_frame" qualifiers="const">
			<return type="Transform">
			</return>
			<description>
			</description>
		</method>
		<method name="get_tracker" qualifiers="const">
			<return type="ARVRPositionalTracker">
			</return>
			<argument index="0" name="idx" type="int">
			</argument>
			<description>
			</description>
		</method>
		<method name="get_tracker_count" qualifiers="const">
			<return type="int">
			</return>
			<description>
			</description>
		</method>
	</methods>
	<members>
		<member name="primary_interface" type="ARVRInterface" setter="set_primary_interface" getter="get_primary_interface">
		</member>
		<member name="world_scale" type="float" setter="set_world_scale" getter="get_world_scale" default="1.0">
		</member>
	</members>
	<signals>
		<signal name="interface_added">
			<argument index="0" name="interface_name" type="String">
			</argument>
			<description>
			</description>
		</signal>
		<signal name="interface_removed">
			<argument index="0" name="interface_name" type="String">
			</argument>
			<description>
			</description>
		</signal>
		<signal name="tracker_added">
			<argument index="0" name="tracker_name" type="String">
			</argument>
			<argument index="1" name="type" type="int">
			</argument>
			<argument index="2" name="id" type="int">
			</argument>
			<description>
			</description>
		</signal>
		<signal name="tracker_removed">
			<argument index="0" name="tracker_name" type="String">
			</argument>
			<argument index="1" name="type" type="int">
			</argument>
			<argument index="2" name="id" type="int">
			</argument>
			<description>
			</description>
		</signal>
	</signals>
	<constants>
		<constant name="TRACKER_CONTROLLER" value="1" enum="TrackerType">
		</constant>
		<constant name="TRACKER_BASESTATION" value="2" enum="TrackerType">
		</constant>
		<constant name="TRACKER_ANCHOR" value="4" enum="TrackerType">
		</constant>
		<constant name="TRACKER_ANY_KNOWN" value="127" enum="TrackerType">
		</constant>
		<constant name="TRACKER_UNKNOWN" value="128" enum="TrackerType">
		</constant>
		<constant name="TRACKER_ANY" value="255" enum="TrackerType">
		</constant>
		<constant name="RESET_FULL_ROTATION" value="0" enum="RotationMode">
		</constant>
		<constant name="RESET_BUT_KEEP_TILT" value="1" enum="RotationMode">
		</constant>
		<constant name="DONT_RESET_ROTATION" value="2" enum="RotationMode">
		</constant>
	</constants>
</class>
