<?xml version="1.0" encoding="UTF-8" ?>
<class name="ARVRPositionalTracker" inherits="Object" version="3.2">
	<brief_description>
	</brief_description>
	<description>
	</description>
	<tutorials>
	</tutorials>
	<methods>
		<method name="get_hand" qualifiers="const">
			<return type="int" enum="ARVRPositionalTracker.TrackerHand">
			</return>
			<description>
			</description>
		</method>
		<method name="get_joy_id" qualifiers="const">
			<return type="int">
			</return>
			<description>
			</description>
		</method>
		<method name="get_mesh" qualifiers="const">
			<return type="Mesh">
			</return>
			<description>
			</description>
		</method>
		<method name="get_name" qualifiers="const">
			<return type="String">
			</return>
			<description>
			</description>
		</method>
		<method name="get_orientation" qualifiers="const">
			<return type="Basis">
			</return>
			<description>
			</description>
		</method>
		<method name="get_position" qualifiers="const">
			<return type="Vector3">
			</return>
			<description>
			</description>
		</method>
		<method name="get_tracker_id" qualifiers="const">
			<return type="int">
			</return>
			<description>
			</description>
		</method>
		<method name="get_tracks_orientation" qualifiers="const">
			<return type="bool">
			</return>
			<description>
			</description>
		</method>
		<method name="get_tracks_position" qualifiers="const">
			<return type="bool">
			</return>
			<description>
			</description>
		</method>
		<method name="get_transform" qualifiers="const">
			<return type="Transform">
			</return>
			<argument index="0" name="adjust_by_reference_frame" type="bool">
			</argument>
			<description>
			</description>
		</method>
		<method name="get_type" qualifiers="const">
			<return type="int" enum="ARVRServer.TrackerType">
			</return>
			<description>
			</description>
		</method>
	</methods>
	<members>
		<member name="rumble" type="float" setter="set_rumble" getter="get_rumble" default="0.0">
		</member>
	</members>
	<constants>
		<constant name="TRACKER_HAND_UNKNOWN" value="0" enum="TrackerHand">
		</constant>
		<constant name="TRACKER_LEFT_HAND" value="1" enum="TrackerHand">
		</constant>
		<constant name="TRACKER_RIGHT_HAND" value="2" enum="TrackerHand">
		</constant>
	</constants>
</class>
