<?xml version="1.0" encoding="UTF-8" ?>
<class name="AStar" inherits="Reference" version="3.2">
	<brief_description>
	</brief_description>
	<description>
	</description>
	<tutorials>
	</tutorials>
	<methods>
		<method name="_compute_cost" qualifiers="virtual">
			<return type="float">
			</return>
			<argument index="0" name="from_id" type="int">
			</argument>
			<argument index="1" name="to_id" type="int">
			</argument>
			<description>
			</description>
		</method>
		<method name="_estimate_cost" qualifiers="virtual">
			<return type="float">
			</return>
			<argument index="0" name="from_id" type="int">
			</argument>
			<argument index="1" name="to_id" type="int">
			</argument>
			<description>
			</description>
		</method>
		<method name="add_point">
			<return type="void">
			</return>
			<argument index="0" name="id" type="int">
			</argument>
			<argument index="1" name="position" type="Vector3">
			</argument>
			<argument index="2" name="weight_scale" type="float" default="1.0">
			</argument>
			<description>
			</description>
		</method>
		<method name="are_points_connected" qualifiers="const">
			<return type="bool">
			</return>
			<argument index="0" name="id" type="int">
			</argument>
			<argument index="1" name="to_id" type="int">
			</argument>
			<argument index="2" name="bidirectional" type="bool" default="true">
			</argument>
			<description>
			</description>
		</method>
		<method name="clear">
			<return type="void">
			</return>
			<description>
			</description>
		</method>
		<method name="connect_points">
			<return type="void">
			</return>
			<argument index="0" name="id" type="int">
			</argument>
			<argument index="1" name="to_id" type="int">
			</argument>
			<argument index="2" name="bidirectional" type="bool" default="true">
			</argument>
			<description>
			</description>
		</method>
		<method name="disconnect_points">
			<return type="void">
			</return>
			<argument index="0" name="id" type="int">
			</argument>
			<argument index="1" name="to_id" type="int">
			</argument>
			<argument index="2" name="bidirectional" type="bool" default="true">
			</argument>
			<description>
			</description>
		</method>
		<method name="get_available_point_id" qualifiers="const">
			<return type="int">
			</return>
			<description>
			</description>
		</method>
		<method name="get_closest_point" qualifiers="const">
			<return type="int">
			</return>
			<argument index="0" name="to_position" type="Vector3">
			</argument>
			<argument index="1" name="include_disabled" type="bool" default="false">
			</argument>
			<description>
			</description>
		</method>
		<method name="get_closest_position_in_segment" qualifiers="const">
			<return type="Vector3">
			</return>
			<argument index="0" name="to_position" type="Vector3">
			</argument>
			<description>
			</description>
		</method>
		<method name="get_id_path">
			<return type="PoolIntArray">
			</return>
			<argument index="0" name="from_id" type="int">
			</argument>
			<argument index="1" name="to_id" type="int">
			</argument>
			<description>
			</description>
		</method>
		<method name="get_point_capacity" qualifiers="const">
			<return type="int">
			</return>
			<description>
			</description>
		</method>
		<method name="get_point_connections">
			<return type="PoolIntArray">
			</return>
			<argument index="0" name="id" type="int">
			</argument>
			<description>
			</description>
		</method>
		<method name="get_point_count" qualifiers="const">
			<return type="int">
			</return>
			<description>
			</description>
		</method>
		<method name="get_point_path">
			<return type="PoolVector3Array">
			</return>
			<argument index="0" name="from_id" type="int">
			</argument>
			<argument index="1" name="to_id" type="int">
			</argument>
			<description>
			</description>
		</method>
		<method name="get_point_position" qualifiers="const">
			<return type="Vector3">
			</return>
			<argument index="0" name="id" type="int">
			</argument>
			<description>
			</description>
		</method>
		<method name="get_point_weight_scale" qualifiers="const">
			<return type="float">
			</return>
			<argument index="0" name="id" type="int">
			</argument>
			<description>
			</description>
		</method>
		<method name="get_points">
			<return type="Array">
			</return>
			<description>
			</description>
		</method>
		<method name="has_point" qualifiers="const">
			<return type="bool">
			</return>
			<argument index="0" name="id" type="int">
			</argument>
			<description>
			</description>
		</method>
		<method name="is_point_disabled" qualifiers="const">
			<return type="bool">
			</return>
			<argument index="0" name="id" type="int">
			</argument>
			<description>
			</description>
		</method>
		<method name="remove_point">
			<return type="void">
			</return>
			<argument index="0" name="id" type="int">
			</argument>
			<description>
			</description>
		</method>
		<method name="reserve_space">
			<return type="void">
			</return>
			<argument index="0" name="num_nodes" type="int">
			</argument>
			<description>
			</description>
		</method>
		<method name="set_point_disabled">
			<return type="void">
			</return>
			<argument index="0" name="id" type="int">
			</argument>
			<argument index="1" name="disabled" type="bool" default="true">
			</argument>
			<description>
			</description>
		</method>
		<method name="set_point_position">
			<return type="void">
			</return>
			<argument index="0" name="id" type="int">
			</argument>
			<argument index="1" name="position" type="Vector3">
			</argument>
			<description>
			</description>
		</method>
		<method name="set_point_weight_scale">
			<return type="void">
			</return>
			<argument index="0" name="id" type="int">
			</argument>
			<argument index="1" name="weight_scale" type="float">
			</argument>
			<description>
			</description>
		</method>
	</methods>
	<constants>
	</constants>
</class>
