<?xml version="1.0" encoding="UTF-8" ?>
<class name="AudioStreamPlayer2D" inherits="Node2D" version="3.2">
	<brief_description>
	</brief_description>
	<description>
	</description>
	<tutorials>
	</tutorials>
	<methods>
		<method name="get_playback_position">
			<return type="float">
			</return>
			<description>
			</description>
		</method>
		<method name="get_stream_playback">
			<return type="AudioStreamPlayback">
			</return>
			<description>
			</description>
		</method>
		<method name="play">
			<return type="void">
			</return>
			<argument index="0" name="from_position" type="float" default="0.0">
			</argument>
			<description>
			</description>
		</method>
		<method name="seek">
			<return type="void">
			</return>
			<argument index="0" name="to_position" type="float">
			</argument>
			<description>
			</description>
		</method>
		<method name="stop">
			<return type="void">
			</return>
			<description>
			</description>
		</method>
	</methods>
	<members>
		<member name="area_mask" type="int" setter="set_area_mask" getter="get_area_mask" default="1">
		</member>
		<member name="attenuation" type="float" setter="set_attenuation" getter="get_attenuation" default="1.0">
		</member>
		<member name="autoplay" type="bool" setter="set_autoplay" getter="is_autoplay_enabled" default="false">
		</member>
		<member name="bus" type="String" setter="set_bus" getter="get_bus" default="&quot;Master&quot;">
		</member>
		<member name="max_distance" type="float" setter="set_max_distance" getter="get_max_distance" default="2000.0">
		</member>
		<member name="pitch_scale" type="float" setter="set_pitch_scale" getter="get_pitch_scale" default="1.0">
		</member>
		<member name="playing" type="bool" setter="_set_playing" getter="is_playing" default="false">
		</member>
		<member name="stream" type="AudioStream" setter="set_stream" getter="get_stream">
		</member>
		<member name="stream_paused" type="bool" setter="set_stream_paused" getter="get_stream_paused" default="false">
		</member>
		<member name="volume_db" type="float" setter="set_volume_db" getter="get_volume_db" default="0.0">
		</member>
	</members>
	<signals>
		<signal name="finished">
			<description>
			</description>
		</signal>
	</signals>
	<constants>
	</constants>
</class>
