<?xml version="1.0" encoding="UTF-8" ?>
<class name="AudioEffectChorus" inherits="AudioEffect" version="3.2">
	<brief_description>
	</brief_description>
	<description>
	</description>
	<tutorials>
	</tutorials>
	<methods>
		<method name="get_voice_cutoff_hz" qualifiers="const">
			<return type="float">
			</return>
			<argument index="0" name="voice_idx" type="int">
			</argument>
			<description>
			</description>
		</method>
		<method name="get_voice_delay_ms" qualifiers="const">
			<return type="float">
			</return>
			<argument index="0" name="voice_idx" type="int">
			</argument>
			<description>
			</description>
		</method>
		<method name="get_voice_depth_ms" qualifiers="const">
			<return type="float">
			</return>
			<argument index="0" name="voice_idx" type="int">
			</argument>
			<description>
			</description>
		</method>
		<method name="get_voice_level_db" qualifiers="const">
			<return type="float">
			</return>
			<argument index="0" name="voice_idx" type="int">
			</argument>
			<description>
			</description>
		</method>
		<method name="get_voice_pan" qualifiers="const">
			<return type="float">
			</return>
			<argument index="0" name="voice_idx" type="int">
			</argument>
			<description>
			</description>
		</method>
		<method name="get_voice_rate_hz" qualifiers="const">
			<return type="float">
			</return>
			<argument index="0" name="voice_idx" type="int">
			</argument>
			<description>
			</description>
		</method>
		<method name="set_voice_cutoff_hz">
			<return type="void">
			</return>
			<argument index="0" name="voice_idx" type="int">
			</argument>
			<argument index="1" name="cutoff_hz" type="float">
			</argument>
			<description>
			</description>
		</method>
		<method name="set_voice_delay_ms">
			<return type="void">
			</return>
			<argument index="0" name="voice_idx" type="int">
			</argument>
			<argument index="1" name="delay_ms" type="float">
			</argument>
			<description>
			</description>
		</method>
		<method name="set_voice_depth_ms">
			<return type="void">
			</return>
			<argument index="0" name="voice_idx" type="int">
			</argument>
			<argument index="1" name="depth_ms" type="float">
			</argument>
			<description>
			</description>
		</method>
		<method name="set_voice_level_db">
			<return type="void">
			</return>
			<argument index="0" name="voice_idx" type="int">
			</argument>
			<argument index="1" name="level_db" type="float">
			</argument>
			<description>
			</description>
		</method>
		<method name="set_voice_pan">
			<return type="void">
			</return>
			<argument index="0" name="voice_idx" type="int">
			</argument>
			<argument index="1" name="pan" type="float">
			</argument>
			<description>
			</description>
		</method>
		<method name="set_voice_rate_hz">
			<return type="void">
			</return>
			<argument index="0" name="voice_idx" type="int">
			</argument>
			<argument index="1" name="rate_hz" type="float">
			</argument>
			<description>
			</description>
		</method>
	</methods>
	<members>
		<member name="dry" type="float" setter="set_dry" getter="get_dry" default="1.0">
		</member>
		<member name="voice/1/cutoff_hz" type="float" setter="set_voice_cutoff_hz" getter="get_voice_cutoff_hz" default="8000.0">
		</member>
		<member name="voice/1/delay_ms" type="float" setter="set_voice_delay_ms" getter="get_voice_delay_ms" default="15.0">
		</member>
		<member name="voice/1/depth_ms" type="float" setter="set_voice_depth_ms" getter="get_voice_depth_ms" default="2.0">
		</member>
		<member name="voice/1/level_db" type="float" setter="set_voice_level_db" getter="get_voice_level_db" default="0.0">
		</member>
		<member name="voice/1/pan" type="float" setter="set_voice_pan" getter="get_voice_pan" default="-0.5">
		</member>
		<member name="voice/1/rate_hz" type="float" setter="set_voice_rate_hz" getter="get_voice_rate_hz" default="0.8">
		</member>
		<member name="voice/2/cutoff_hz" type="float" setter="set_voice_cutoff_hz" getter="get_voice_cutoff_hz" default="8000.0">
		</member>
		<member name="voice/2/delay_ms" type="float" setter="set_voice_delay_ms" getter="get_voice_delay_ms" default="20.0">
		</member>
		<member name="voice/2/depth_ms" type="float" setter="set_voice_depth_ms" getter="get_voice_depth_ms" default="3.0">
		</member>
		<member name="voice/2/level_db" type="float" setter="set_voice_level_db" getter="get_voice_level_db" default="0.0">
		</member>
		<member name="voice/2/pan" type="float" setter="set_voice_pan" getter="get_voice_pan" default="0.5">
		</member>
		<member name="voice/2/rate_hz" type="float" setter="set_voice_rate_hz" getter="get_voice_rate_hz" default="1.2">
		</member>
		<member name="voice/3/cutoff_hz" type="float" setter="set_voice_cutoff_hz" getter="get_voice_cutoff_hz">
		</member>
		<member name="voice/3/delay_ms" type="float" setter="set_voice_delay_ms" getter="get_voice_delay_ms">
		</member>
		<member name="voice/3/depth_ms" type="float" setter="set_voice_depth_ms" getter="get_voice_depth_ms">
		</member>
		<member name="voice/3/level_db" type="float" setter="set_voice_level_db" getter="get_voice_level_db">
		</member>
		<member name="voice/3/pan" type="float" setter="set_voice_pan" getter="get_voice_pan">
		</member>
		<member name="voice/3/rate_hz" type="float" setter="set_voice_rate_hz" getter="get_voice_rate_hz">
		</member>
		<member name="voice/4/cutoff_hz" type="float" setter="set_voice_cutoff_hz" getter="get_voice_cutoff_hz">
		</member>
		<member name="voice/4/delay_ms" type="float" setter="set_voice_delay_ms" getter="get_voice_delay_ms">
		</member>
		<member name="voice/4/depth_ms" type="float" setter="set_voice_depth_ms" getter="get_voice_depth_ms">
		</member>
		<member name="voice/4/level_db" type="float" setter="set_voice_level_db" getter="get_voice_level_db">
		</member>
		<member name="voice/4/pan" type="float" setter="set_voice_pan" getter="get_voice_pan">
		</member>
		<member name="voice/4/rate_hz" type="float" setter="set_voice_rate_hz" getter="get_voice_rate_hz">
		</member>
		<member name="voice_count" type="int" setter="set_voice_count" getter="get_voice_count" default="2">
		</member>
		<member name="wet" type="float" setter="set_wet" getter="get_wet" default="0.5">
		</member>
	</members>
	<constants>
	</constants>
</class>
