<?xml version="1.0" encoding="UTF-8" ?>
<class name="AudioEffectEQ" inherits="AudioEffect" version="3.2">
	<brief_description>
	</brief_description>
	<description>
	</description>
	<tutorials>
	</tutorials>
	<methods>
		<method name="get_band_count" qualifiers="const">
			<return type="int">
			</return>
			<description>
			</description>
		</method>
		<method name="get_band_gain_db" qualifiers="const">
			<return type="float">
			</return>
			<argument index="0" name="band_idx" type="int">
			</argument>
			<description>
			</description>
		</method>
		<method name="set_band_gain_db">
			<return type="void">
			</return>
			<argument index="0" name="band_idx" type="int">
			</argument>
			<argument index="1" name="volume_db" type="float">
			</argument>
			<description>
			</description>
		</method>
	</methods>
	<constants>
	</constants>
</class>
