<?xml version="1.0" encoding="UTF-8" ?>
<class name="BackBufferCopy" inherits="Node2D" version="3.2">
	<brief_description>
	</brief_description>
	<description>
	</description>
	<tutorials>
	</tutorials>
	<methods>
	</methods>
	<members>
		<member name="copy_mode" type="int" setter="set_copy_mode" getter="get_copy_mode" enum="BackBufferCopy.CopyMode" default="1">
		</member>
		<member name="rect" type="Rect2" setter="set_rect" getter="get_rect" default="Rect2( -100, -100, 200, 200 )">
		</member>
	</members>
	<constants>
		<constant name="COPY_MODE_DISABLED" value="0" enum="CopyMode">
		</constant>
		<constant name="COPY_MODE_RECT" value="1" enum="CopyMode">
		</constant>
		<constant name="COPY_MODE_VIEWPORT" value="2" enum="CopyMode">
		</constant>
	</constants>
</class>
