<?xml version="1.0" encoding="UTF-8" ?>
<class name="BakedLightmap" inherits="VisualInstance" version="3.2">
	<brief_description>
	</brief_description>
	<description>
	</description>
	<tutorials>
	</tutorials>
	<methods>
		<method name="bake">
			<return type="int" enum="BakedLightmap.BakeError">
			</return>
			<argument index="0" name="from_node" type="Node" default="null">
			</argument>
			<argument index="1" name="create_visual_debug" type="bool" default="false">
			</argument>
			<description>
			</description>
		</method>
		<method name="debug_bake">
			<return type="void">
			</return>
			<description>
			</description>
		</method>
	</methods>
	<members>
		<member name="bake_cell_size" type="float" setter="set_bake_cell_size" getter="get_bake_cell_size" default="0.25">
		</member>
		<member name="bake_default_texels_per_unit" type="float" setter="set_bake_default_texels_per_unit" getter="get_bake_default_texels_per_unit" default="20.0">
		</member>
		<member name="bake_energy" type="float" setter="set_energy" getter="get_energy" default="1.0">
		</member>
		<member name="bake_extents" type="Vector3" setter="set_extents" getter="get_extents" default="Vector3( 10, 10, 10 )">
		</member>
		<member name="bake_hdr" type="bool" setter="set_hdr" getter="is_hdr" default="false">
		</member>
		<member name="bake_mode" type="int" setter="set_bake_mode" getter="get_bake_mode" enum="BakedLightmap.BakeMode" default="0">
		</member>
		<member name="bake_propagation" type="float" setter="set_propagation" getter="get_propagation" default="1.0">
		</member>
		<member name="bake_quality" type="int" setter="set_bake_quality" getter="get_bake_quality" enum="BakedLightmap.BakeQuality" default="1">
		</member>
		<member name="capture_cell_size" type="float" setter="set_capture_cell_size" getter="get_capture_cell_size" default="0.5">
		</member>
		<member name="image_path" type="String" setter="set_image_path" getter="get_image_path" default="&quot;.&quot;">
		</member>
		<member name="light_data" type="BakedLightmapData" setter="set_light_data" getter="get_light_data">
		</member>
	</members>
	<constants>
		<constant name="BAKE_QUALITY_LOW" value="0" enum="BakeQuality">
		</constant>
		<constant name="BAKE_QUALITY_MEDIUM" value="1" enum="BakeQuality">
		</constant>
		<constant name="BAKE_QUALITY_HIGH" value="2" enum="BakeQuality">
		</constant>
		<constant name="BAKE_MODE_CONE_TRACE" value="0" enum="BakeMode">
		</constant>
		<constant name="BAKE_MODE_RAY_TRACE" value="1" enum="BakeMode">
		</constant>
		<constant name="BAKE_ERROR_OK" value="0" enum="BakeError">
		</constant>
		<constant name="BAKE_ERROR_NO_SAVE_PATH" value="1" enum="BakeError">
		</constant>
		<constant name="BAKE_ERROR_NO_MESHES" value="2" enum="BakeError">
		</constant>
		<constant name="BAKE_ERROR_CANT_CREATE_IMAGE" value="3" enum="BakeError">
		</constant>
		<constant name="BAKE_ERROR_USER_ABORTED" value="4" enum="BakeError">
		</constant>
	</constants>
</class>
