<?xml version="1.0" encoding="UTF-8" ?>
<class name="BoxContainer" inherits="Container" version="3.2">
	<brief_description>
	</brief_description>
	<description>
	</description>
	<tutorials>
	</tutorials>
	<methods>
		<method name="add_spacer">
			<return type="void">
			</return>
			<argument index="0" name="begin" type="bool">
			</argument>
			<description>
			</description>
		</method>
	</methods>
	<members>
		<member name="alignment" type="int" setter="set_alignment" getter="get_alignment" enum="BoxContainer.AlignMode" default="0">
		</member>
		<member name="mouse_filter" type="int" setter="set_mouse_filter" getter="get_mouse_filter" override="true" enum="Control.MouseFilter" default="1" />
	</members>
	<constants>
		<constant name="ALIGN_BEGIN" value="0" enum="AlignMode">
		</constant>
		<constant name="ALIGN_CENTER" value="1" enum="AlignMode">
		</constant>
		<constant name="ALIGN_END" value="2" enum="AlignMode">
		</constant>
	</constants>
</class>
