<?xml version="1.0" encoding="UTF-8" ?>
<class name="Button" inherits="BaseButton" version="3.2">
	<brief_description>
	</brief_description>
	<description>
	</description>
	<tutorials>
	</tutorials>
	<methods>
	</methods>
	<members>
		<member name="align" type="int" setter="set_text_align" getter="get_text_align" enum="Button.TextAlign" default="1">
		</member>
		<member name="clip_text" type="bool" setter="set_clip_text" getter="get_clip_text" default="false">
		</member>
		<member name="expand_icon" type="bool" setter="set_expand_icon" getter="is_expand_icon" default="false">
		</member>
		<member name="flat" type="bool" setter="set_flat" getter="is_flat" default="false">
		</member>
		<member name="icon" type="Texture" setter="set_button_icon" getter="get_button_icon">
		</member>
		<member name="text" type="String" setter="set_text" getter="get_text" default="&quot;&quot;">
		</member>
	</members>
	<constants>
		<constant name="ALIGN_LEFT" value="0" enum="TextAlign">
		</constant>
		<constant name="ALIGN_CENTER" value="1" enum="TextAlign">
		</constant>
		<constant name="ALIGN_RIGHT" value="2" enum="TextAlign">
		</constant>
	</constants>
	<theme_items>
		<theme_item name="disabled" type="StyleBox">
		</theme_item>
		<theme_item name="focus" type="StyleBox">
		</theme_item>
		<theme_item name="font" type="Font">
		</theme_item>
		<theme_item name="font_color" type="Color" default="Color( 0.88, 0.88, 0.88, 1 )">
		</theme_item>
		<theme_item name="font_color_disabled" type="Color" default="Color( 0.9, 0.9, 0.9, 0.2 )">
		</theme_item>
		<theme_item name="font_color_hover" type="Color" default="Color( 0.94, 0.94, 0.94, 1 )">
		</theme_item>
		<theme_item name="font_color_pressed" type="Color" default="Color( 1, 1, 1, 1 )">
		</theme_item>
		<theme_item name="hover" type="StyleBox">
		</theme_item>
		<theme_item name="hseparation" type="int" default="2">
		</theme_item>
		<theme_item name="normal" type="StyleBox">
		</theme_item>
		<theme_item name="pressed" type="StyleBox">
		</theme_item>
	</theme_items>
</class>
