<?xml version="1.0" encoding="UTF-8" ?>
<class name="Camera2D" inherits="Node2D" version="3.2">
	<brief_description>
	</brief_description>
	<description>
	</description>
	<tutorials>
	</tutorials>
	<methods>
		<method name="align">
			<return type="void">
			</return>
			<description>
			</description>
		</method>
		<method name="clear_current">
			<return type="void">
			</return>
			<description>
			</description>
		</method>
		<method name="force_update_scroll">
			<return type="void">
			</return>
			<description>
			</description>
		</method>
		<method name="get_camera_position" qualifiers="const">
			<return type="Vector2">
			</return>
			<description>
			</description>
		</method>
		<method name="get_camera_screen_center" qualifiers="const">
			<return type="Vector2">
			</return>
			<description>
			</description>
		</method>
		<method name="get_drag_margin" qualifiers="const">
			<return type="float">
			</return>
			<argument index="0" name="margin" type="int" enum="Margin">
			</argument>
			<description>
			</description>
		</method>
		<method name="get_limit" qualifiers="const">
			<return type="int">
			</return>
			<argument index="0" name="margin" type="int" enum="Margin">
			</argument>
			<description>
			</description>
		</method>
		<method name="make_current">
			<return type="void">
			</return>
			<description>
			</description>
		</method>
		<method name="reset_smoothing">
			<return type="void">
			</return>
			<description>
			</description>
		</method>
		<method name="set_drag_margin">
			<return type="void">
			</return>
			<argument index="0" name="margin" type="int" enum="Margin">
			</argument>
			<argument index="1" name="drag_margin" type="float">
			</argument>
			<description>
			</description>
		</method>
		<method name="set_limit">
			<return type="void">
			</return>
			<argument index="0" name="margin" type="int" enum="Margin">
			</argument>
			<argument index="1" name="limit" type="int">
			</argument>
			<description>
			</description>
		</method>
	</methods>
	<members>
		<member name="anchor_mode" type="int" setter="set_anchor_mode" getter="get_anchor_mode" enum="Camera2D.AnchorMode" default="1">
		</member>
		<member name="current" type="bool" setter="_set_current" getter="is_current" default="false">
		</member>
		<member name="custom_viewport" type="Node" setter="set_custom_viewport" getter="get_custom_viewport">
		</member>
		<member name="drag_margin_bottom" type="float" setter="set_drag_margin" getter="get_drag_margin" default="0.2">
		</member>
		<member name="drag_margin_h_enabled" type="bool" setter="set_h_drag_enabled" getter="is_h_drag_enabled" default="false">
		</member>
		<member name="drag_margin_left" type="float" setter="set_drag_margin" getter="get_drag_margin" default="0.2">
		</member>
		<member name="drag_margin_right" type="float" setter="set_drag_margin" getter="get_drag_margin" default="0.2">
		</member>
		<member name="drag_margin_top" type="float" setter="set_drag_margin" getter="get_drag_margin" default="0.2">
		</member>
		<member name="drag_margin_v_enabled" type="bool" setter="set_v_drag_enabled" getter="is_v_drag_enabled" default="false">
		</member>
		<member name="editor_draw_drag_margin" type="bool" setter="set_margin_drawing_enabled" getter="is_margin_drawing_enabled" default="false">
		</member>
		<member name="editor_draw_limits" type="bool" setter="set_limit_drawing_enabled" getter="is_limit_drawing_enabled" default="false">
		</member>
		<member name="editor_draw_screen" type="bool" setter="set_screen_drawing_enabled" getter="is_screen_drawing_enabled" default="true">
		</member>
		<member name="limit_bottom" type="int" setter="set_limit" getter="get_limit" default="10000000">
		</member>
		<member name="limit_left" type="int" setter="set_limit" getter="get_limit" default="-10000000">
		</member>
		<member name="limit_right" type="int" setter="set_limit" getter="get_limit" default="10000000">
		</member>
		<member name="limit_smoothed" type="bool" setter="set_limit_smoothing_enabled" getter="is_limit_smoothing_enabled" default="false">
		</member>
		<member name="limit_top" type="int" setter="set_limit" getter="get_limit" default="-10000000">
		</member>
		<member name="offset" type="Vector2" setter="set_offset" getter="get_offset" default="Vector2( 0, 0 )">
		</member>
		<member name="offset_h" type="float" setter="set_h_offset" getter="get_h_offset" default="0.0">
		</member>
		<member name="offset_v" type="float" setter="set_v_offset" getter="get_v_offset" default="0.0">
		</member>
		<member name="process_mode" type="int" setter="set_process_mode" getter="get_process_mode" enum="Camera2D.Camera2DProcessMode" default="1">
		</member>
		<member name="rotating" type="bool" setter="set_rotating" getter="is_rotating" default="false">
		</member>
		<member name="smoothing_enabled" type="bool" setter="set_enable_follow_smoothing" getter="is_follow_smoothing_enabled" default="false">
		</member>
		<member name="smoothing_speed" type="float" setter="set_follow_smoothing" getter="get_follow_smoothing" default="5.0">
		</member>
		<member name="zoom" type="Vector2" setter="set_zoom" getter="get_zoom" default="Vector2( 1, 1 )">
		</member>
	</members>
	<constants>
		<constant name="ANCHOR_MODE_FIXED_TOP_LEFT" value="0" enum="AnchorMode">
		</constant>
		<constant name="ANCHOR_MODE_DRAG_CENTER" value="1" enum="AnchorMode">
		</constant>
		<constant name="CAMERA2D_PROCESS_PHYSICS" value="0" enum="Camera2DProcessMode">
		</constant>
		<constant name="CAMERA2D_PROCESS_IDLE" value="1" enum="Camera2DProcessMode">
		</constant>
	</constants>
</class>
