<?xml version="1.0" encoding="UTF-8" ?>
<class name="CanvasItemMaterial" inherits="Material" version="3.2">
	<brief_description>
	</brief_description>
	<description>
	</description>
	<tutorials>
	</tutorials>
	<methods>
	</methods>
	<members>
		<member name="blend_mode" type="int" setter="set_blend_mode" getter="get_blend_mode" enum="CanvasItemMaterial.BlendMode" default="0">
		</member>
		<member name="light_mode" type="int" setter="set_light_mode" getter="get_light_mode" enum="CanvasItemMaterial.LightMode" default="0">
		</member>
		<member name="particles_anim_h_frames" type="int" setter="set_particles_anim_h_frames" getter="get_particles_anim_h_frames">
		</member>
		<member name="particles_anim_loop" type="bool" setter="set_particles_anim_loop" getter="get_particles_anim_loop">
		</member>
		<member name="particles_anim_v_frames" type="int" setter="set_particles_anim_v_frames" getter="get_particles_anim_v_frames">
		</member>
		<member name="particles_animation" type="bool" setter="set_particles_animation" getter="get_particles_animation" default="false">
		</member>
	</members>
	<constants>
		<constant name="BLEND_MODE_MIX" value="0" enum="BlendMode">
		</constant>
		<constant name="BLEND_MODE_ADD" value="1" enum="BlendMode">
		</constant>
		<constant name="BLEND_MODE_SUB" value="2" enum="BlendMode">
		</constant>
		<constant name="BLEND_MODE_MUL" value="3" enum="BlendMode">
		</constant>
		<constant name="BLEND_MODE_PREMULT_ALPHA" value="4" enum="BlendMode">
		</constant>
		<constant name="LIGHT_MODE_NORMAL" value="0" enum="LightMode">
		</constant>
		<constant name="LIGHT_MODE_UNSHADED" value="1" enum="LightMode">
		</constant>
		<constant name="LIGHT_MODE_LIGHT_ONLY" value="2" enum="LightMode">
		</constant>
	</constants>
</class>
