<?xml version="1.0" encoding="UTF-8" ?>
<class name="CollisionPolygon" inherits="Spatial" version="3.2">
	<brief_description>
	</brief_description>
	<description>
	</description>
	<tutorials>
	</tutorials>
	<methods>
	</methods>
	<members>
		<member name="depth" type="float" setter="set_depth" getter="get_depth" default="1.0">
		</member>
		<member name="disabled" type="bool" setter="set_disabled" getter="is_disabled" default="false">
		</member>
		<member name="polygon" type="PoolVector2Array" setter="set_polygon" getter="get_polygon" default="PoolVector2Array(  )">
		</member>
	</members>
	<constants>
	</constants>
</class>
