<?xml version="1.0" encoding="UTF-8" ?>
<class name="ConcavePolygonShape" inherits="Shape" version="3.2">
	<brief_description>
	</brief_description>
	<description>
	</description>
	<tutorials>
	</tutorials>
	<methods>
		<method name="get_faces" qualifiers="const">
			<return type="PoolVector3Array">
			</return>
			<description>
			</description>
		</method>
		<method name="set_faces">
			<return type="void">
			</return>
			<argument index="0" name="faces" type="PoolVector3Array">
			</argument>
			<description>
			</description>
		</method>
	</methods>
	<constants>
	</constants>
</class>
