<?xml version="1.0" encoding="UTF-8" ?>
<class name="ConfigFile" inherits="Reference" version="3.2">
	<brief_description>
	</brief_description>
	<description>
	</description>
	<tutorials>
	</tutorials>
	<methods>
		<method name="erase_section">
			<return type="void">
			</return>
			<argument index="0" name="section" type="String">
			</argument>
			<description>
			</description>
		</method>
		<method name="erase_section_key">
			<return type="void">
			</return>
			<argument index="0" name="section" type="String">
			</argument>
			<argument index="1" name="key" type="String">
			</argument>
			<description>
			</description>
		</method>
		<method name="get_section_keys" qualifiers="const">
			<return type="PoolStringArray">
			</return>
			<argument index="0" name="section" type="String">
			</argument>
			<description>
			</description>
		</method>
		<method name="get_sections" qualifiers="const">
			<return type="PoolStringArray">
			</return>
			<description>
			</description>
		</method>
		<method name="get_value" qualifiers="const">
			<return type="Variant">
			</return>
			<argument index="0" name="section" type="String">
			</argument>
			<argument index="1" name="key" type="String">
			</argument>
			<argument index="2" name="default" type="Variant" default="null">
			</argument>
			<description>
			</description>
		</method>
		<method name="has_section" qualifiers="const">
			<return type="bool">
			</return>
			<argument index="0" name="section" type="String">
			</argument>
			<description>
			</description>
		</method>
		<method name="has_section_key" qualifiers="const">
			<return type="bool">
			</return>
			<argument index="0" name="section" type="String">
			</argument>
			<argument index="1" name="key" type="String">
			</argument>
			<description>
			</description>
		</method>
		<method name="load">
			<return type="int" enum="Error">
			</return>
			<argument index="0" name="path" type="String">
			</argument>
			<description>
			</description>
		</method>
		<method name="load_encrypted">
			<return type="int" enum="Error">
			</return>
			<argument index="0" name="path" type="String">
			</argument>
			<argument index="1" name="key" type="PoolByteArray">
			</argument>
			<description>
			</description>
		</method>
		<method name="load_encrypted_pass">
			<return type="int" enum="Error">
			</return>
			<argument index="0" name="path" type="String">
			</argument>
			<argument index="1" name="password" type="String">
			</argument>
			<description>
			</description>
		</method>
		<method name="parse">
			<return type="int" enum="Error">
			</return>
			<argument index="0" name="data" type="String">
			</argument>
			<description>
			</description>
		</method>
		<method name="save">
			<return type="int" enum="Error">
			</return>
			<argument index="0" name="path" type="String">
			</argument>
			<description>
			</description>
		</method>
		<method name="save_encrypted">
			<return type="int" enum="Error">
			</return>
			<argument index="0" name="path" type="String">
			</argument>
			<argument index="1" name="key" type="PoolByteArray">
			</argument>
			<description>
			</description>
		</method>
		<method name="save_encrypted_pass">
			<return type="int" enum="Error">
			</return>
			<argument index="0" name="path" type="String">
			</argument>
			<argument index="1" name="password" type="String">
			</argument>
			<description>
			</description>
		</method>
		<method name="set_value">
			<return type="void">
			</return>
			<argument index="0" name="section" type="String">
			</argument>
			<argument index="1" name="key" type="String">
			</argument>
			<argument index="2" name="value" type="Variant">
			</argument>
			<description>
			</description>
		</method>
	</methods>
	<constants>
	</constants>
</class>
