<?xml version="1.0" encoding="UTF-8" ?>
<class name="CubeMesh" inherits="PrimitiveMesh" version="3.2">
	<brief_description>
	</brief_description>
	<description>
	</description>
	<tutorials>
	</tutorials>
	<methods>
	</methods>
	<members>
		<member name="size" type="Vector3" setter="set_size" getter="get_size" default="Vector3( 2, 2, 2 )">
		</member>
		<member name="subdivide_depth" type="int" setter="set_subdivide_depth" getter="get_subdivide_depth" default="0">
		</member>
		<member name="subdivide_height" type="int" setter="set_subdivide_height" getter="get_subdivide_height" default="0">
		</member>
		<member name="subdivide_width" type="int" setter="set_subdivide_width" getter="get_subdivide_width" default="0">
		</member>
	</members>
	<constants>
	</constants>
</class>
