<?xml version="1.0" encoding="UTF-8" ?>
<class name="CylinderMesh" inherits="PrimitiveMesh" version="3.2">
	<brief_description>
	</brief_description>
	<description>
	</description>
	<tutorials>
	</tutorials>
	<methods>
	</methods>
	<members>
		<member name="bottom_radius" type="float" setter="set_bottom_radius" getter="get_bottom_radius" default="1.0">
		</member>
		<member name="height" type="float" setter="set_height" getter="get_height" default="2.0">
		</member>
		<member name="radial_segments" type="int" setter="set_radial_segments" getter="get_radial_segments" default="64">
		</member>
		<member name="rings" type="int" setter="set_rings" getter="get_rings" default="4">
		</member>
		<member name="top_radius" type="float" setter="set_top_radius" getter="get_top_radius" default="1.0">
		</member>
	</members>
	<constants>
	</constants>
</class>
