<?xml version="1.0" encoding="UTF-8" ?>
<class name="Dictionary" version="3.2">
	<brief_description>
	</brief_description>
	<description>
	</description>
	<tutorials>
	</tutorials>
	<methods>
		<method name="clear">
			<description>
			</description>
		</method>
		<method name="duplicate">
			<return type="Dictionary">
			</return>
			<argument index="0" name="deep" type="bool" default="false">
			</argument>
			<description>
			</description>
		</method>
		<method name="empty">
			<return type="bool">
			</return>
			<description>
			</description>
		</method>
		<method name="erase">
			<return type="bool">
			</return>
			<argument index="0" name="key" type="Variant">
			</argument>
			<description>
			</description>
		</method>
		<method name="get">
			<return type="Variant">
			</return>
			<argument index="0" name="key" type="Variant">
			</argument>
			<argument index="1" name="default" type="Variant" default="null">
			</argument>
			<description>
			</description>
		</method>
		<method name="has">
			<return type="bool">
			</return>
			<argument index="0" name="key" type="Variant">
			</argument>
			<description>
			</description>
		</method>
		<method name="has_all">
			<return type="bool">
			</return>
			<argument index="0" name="keys" type="Array">
			</argument>
			<description>
			</description>
		</method>
		<method name="hash">
			<return type="int">
			</return>
			<description>
			</description>
		</method>
		<method name="keys">
			<return type="Array">
			</return>
			<description>
			</description>
		</method>
		<method name="size">
			<return type="int">
			</return>
			<description>
			</description>
		</method>
		<method name="values">
			<return type="Array">
			</return>
			<description>
			</description>
		</method>
	</methods>
	<constants>
	</constants>
</class>
