<?xml version="1.0" encoding="UTF-8" ?>
<class name="DirectionalLight" inherits="Light" version="3.2">
	<brief_description>
	</brief_description>
	<description>
	</description>
	<tutorials>
	</tutorials>
	<methods>
	</methods>
	<members>
		<member name="directional_shadow_bias_split_scale" type="float" setter="set_param" getter="get_param" default="0.25">
		</member>
		<member name="directional_shadow_blend_splits" type="bool" setter="set_blend_splits" getter="is_blend_splits_enabled" default="false">
		</member>
		<member name="directional_shadow_depth_range" type="int" setter="set_shadow_depth_range" getter="get_shadow_depth_range" enum="DirectionalLight.ShadowDepthRange" default="0">
		</member>
		<member name="directional_shadow_max_distance" type="float" setter="set_param" getter="get_param" default="100.0">
		</member>
		<member name="directional_shadow_mode" type="int" setter="set_shadow_mode" getter="get_shadow_mode" enum="DirectionalLight.ShadowMode" default="2">
		</member>
		<member name="directional_shadow_normal_bias" type="float" setter="set_param" getter="get_param" default="0.8">
		</member>
		<member name="directional_shadow_split_1" type="float" setter="set_param" getter="get_param" default="0.1">
		</member>
		<member name="directional_shadow_split_2" type="float" setter="set_param" getter="get_param" default="0.2">
		</member>
		<member name="directional_shadow_split_3" type="float" setter="set_param" getter="get_param" default="0.5">
		</member>
		<member name="shadow_bias" type="float" setter="set_param" getter="get_param" override="true" default="0.1" />
	</members>
	<constants>
		<constant name="SHADOW_ORTHOGONAL" value="0" enum="ShadowMode">
		</constant>
		<constant name="SHADOW_PARALLEL_2_SPLITS" value="1" enum="ShadowMode">
		</constant>
		<constant name="SHADOW_PARALLEL_4_SPLITS" value="2" enum="ShadowMode">
		</constant>
		<constant name="SHADOW_DEPTH_RANGE_STABLE" value="0" enum="ShadowDepthRange">
		</constant>
		<constant name="SHADOW_DEPTH_RANGE_OPTIMIZED" value="1" enum="ShadowDepthRange">
		</constant>
	</constants>
</class>
