<?xml version="1.0" encoding="UTF-8" ?>
<class name="DynamicFontData" inherits="Resource" version="3.2">
	<brief_description>
	</brief_description>
	<description>
	</description>
	<tutorials>
	</tutorials>
	<methods>
	</methods>
	<members>
		<member name="antialiased" type="bool" setter="set_antialiased" getter="is_antialiased" default="true">
		</member>
		<member name="font_path" type="String" setter="set_font_path" getter="get_font_path" default="&quot;&quot;">
		</member>
		<member name="hinting" type="int" setter="set_hinting" getter="get_hinting" enum="DynamicFontData.Hinting" default="2">
		</member>
	</members>
	<constants>
		<constant name="HINTING_NONE" value="0" enum="Hinting">
		</constant>
		<constant name="HINTING_LIGHT" value="1" enum="Hinting">
		</constant>
		<constant name="HINTING_NORMAL" value="2" enum="Hinting">
		</constant>
	</constants>
</class>
