<?xml version="1.0" encoding="UTF-8" ?>
<class name="EditorScript" inherits="Reference" version="3.2">
	<brief_description>
	</brief_description>
	<description>
	</description>
	<tutorials>
	</tutorials>
	<methods>
		<method name="_run" qualifiers="virtual">
			<return type="void">
			</return>
			<description>
			</description>
		</method>
		<method name="add_root_node">
			<return type="void">
			</return>
			<argument index="0" name="node" type="Node">
			</argument>
			<description>
			</description>
		</method>
		<method name="get_editor_interface">
			<return type="EditorInterface">
			</return>
			<description>
			</description>
		</method>
		<method name="get_scene">
			<return type="Node">
			</return>
			<description>
			</description>
		</method>
	</methods>
	<constants>
	</constants>
</class>
