<?xml version="1.0" encoding="UTF-8" ?>
<class name="EditorSettings" inherits="Resource" version="3.2">
	<brief_description>
	</brief_description>
	<description>
	</description>
	<tutorials>
	</tutorials>
	<methods>
		<method name="add_property_info">
			<return type="void">
			</return>
			<argument index="0" name="info" type="Dictionary">
			</argument>
			<description>
			</description>
		</method>
		<method name="erase">
			<return type="void">
			</return>
			<argument index="0" name="property" type="String">
			</argument>
			<description>
			</description>
		</method>
		<method name="get_favorites" qualifiers="const">
			<return type="PoolStringArray">
			</return>
			<description>
			</description>
		</method>
		<method name="get_project_metadata" qualifiers="const">
			<return type="Variant">
			</return>
			<argument index="0" name="section" type="String">
			</argument>
			<argument index="1" name="key" type="String">
			</argument>
			<argument index="2" name="default" type="Variant" default="null">
			</argument>
			<description>
			</description>
		</method>
		<method name="get_project_settings_dir" qualifiers="const">
			<return type="String">
			</return>
			<description>
			</description>
		</method>
		<method name="get_recent_dirs" qualifiers="const">
			<return type="PoolStringArray">
			</return>
			<description>
			</description>
		</method>
		<method name="get_setting" qualifiers="const">
			<return type="Variant">
			</return>
			<argument index="0" name="name" type="String">
			</argument>
			<description>
			</description>
		</method>
		<method name="get_settings_dir" qualifiers="const">
			<return type="String">
			</return>
			<description>
			</description>
		</method>
		<method name="has_setting" qualifiers="const">
			<return type="bool">
			</return>
			<argument index="0" name="name" type="String">
			</argument>
			<description>
			</description>
		</method>
		<method name="property_can_revert">
			<return type="bool">
			</return>
			<argument index="0" name="name" type="String">
			</argument>
			<description>
			</description>
		</method>
		<method name="property_get_revert">
			<return type="Variant">
			</return>
			<argument index="0" name="name" type="String">
			</argument>
			<description>
			</description>
		</method>
		<method name="set_favorites">
			<return type="void">
			</return>
			<argument index="0" name="dirs" type="PoolStringArray">
			</argument>
			<description>
			</description>
		</method>
		<method name="set_initial_value">
			<return type="void">
			</return>
			<argument index="0" name="name" type="String">
			</argument>
			<argument index="1" name="value" type="Variant">
			</argument>
			<argument index="2" name="update_current" type="bool">
			</argument>
			<description>
			</description>
		</method>
		<method name="set_project_metadata">
			<return type="void">
			</return>
			<argument index="0" name="section" type="String">
			</argument>
			<argument index="1" name="key" type="String">
			</argument>
			<argument index="2" name="data" type="Variant">
			</argument>
			<description>
			</description>
		</method>
		<method name="set_recent_dirs">
			<return type="void">
			</return>
			<argument index="0" name="dirs" type="PoolStringArray">
			</argument>
			<description>
			</description>
		</method>
		<method name="set_setting">
			<return type="void">
			</return>
			<argument index="0" name="name" type="String">
			</argument>
			<argument index="1" name="value" type="Variant">
			</argument>
			<description>
			</description>
		</method>
	</methods>
	<signals>
		<signal name="settings_changed">
			<description>
			</description>
		</signal>
	</signals>
	<constants>
		<constant name="NOTIFICATION_EDITOR_SETTINGS_CHANGED" value="10000">
		</constant>
	</constants>
</class>
