<?xml version="1.0" encoding="UTF-8" ?>
<class name="EditorSpatialGizmo" inherits="SpatialGizmo" version="3.2">
	<brief_description>
	</brief_description>
	<description>
	</description>
	<tutorials>
	</tutorials>
	<methods>
		<method name="add_collision_segments">
			<return type="void">
			</return>
			<argument index="0" name="segments" type="PoolVector3Array">
			</argument>
			<description>
			</description>
		</method>
		<method name="add_collision_triangles">
			<return type="void">
			</return>
			<argument index="0" name="triangles" type="TriangleMesh">
			</argument>
			<description>
			</description>
		</method>
		<method name="add_handles">
			<return type="void">
			</return>
			<argument index="0" name="handles" type="PoolVector3Array">
			</argument>
			<argument index="1" name="material" type="Material">
			</argument>
			<argument index="2" name="billboard" type="bool" default="false">
			</argument>
			<argument index="3" name="secondary" type="bool" default="false">
			</argument>
			<description>
			</description>
		</method>
		<method name="add_lines">
			<return type="void">
			</return>
			<argument index="0" name="lines" type="PoolVector3Array">
			</argument>
			<argument index="1" name="material" type="Material">
			</argument>
			<argument index="2" name="billboard" type="bool" default="false">
			</argument>
			<argument index="3" name="modulate" type="Color" default="Color( 1, 1, 1, 1 )">
			</argument>
			<description>
			</description>
		</method>
		<method name="add_mesh">
			<return type="void">
			</return>
			<argument index="0" name="mesh" type="ArrayMesh">
			</argument>
			<argument index="1" name="billboard" type="bool" default="false">
			</argument>
			<argument index="2" name="skeleton" type="SkinReference" default="null">
			</argument>
			<argument index="3" name="material" type="Material" default="null">
			</argument>
			<description>
			</description>
		</method>
		<method name="add_unscaled_billboard">
			<return type="void">
			</return>
			<argument index="0" name="material" type="Material">
			</argument>
			<argument index="1" name="default_scale" type="float" default="1">
			</argument>
			<argument index="2" name="modulate" type="Color" default="Color( 1, 1, 1, 1 )">
			</argument>
			<description>
			</description>
		</method>
		<method name="clear">
			<return type="void">
			</return>
			<description>
			</description>
		</method>
		<method name="commit_handle" qualifiers="virtual">
			<return type="void">
			</return>
			<argument index="0" name="index" type="int">
			</argument>
			<argument index="1" name="restore" type="Variant">
			</argument>
			<argument index="2" name="cancel" type="bool" default="false">
			</argument>
			<description>
			</description>
		</method>
		<method name="get_handle_name" qualifiers="virtual">
			<return type="String">
			</return>
			<argument index="0" name="index" type="int">
			</argument>
			<description>
			</description>
		</method>
		<method name="get_handle_value" qualifiers="virtual">
			<return type="Variant">
			</return>
			<argument index="0" name="index" type="int">
			</argument>
			<description>
			</description>
		</method>
		<method name="get_plugin" qualifiers="const">
			<return type="EditorSpatialGizmoPlugin">
			</return>
			<description>
			</description>
		</method>
		<method name="get_spatial_node" qualifiers="const">
			<return type="Spatial">
			</return>
			<description>
			</description>
		</method>
		<method name="is_handle_highlighted" qualifiers="virtual">
			<return type="bool">
			</return>
			<argument index="0" name="index" type="int">
			</argument>
			<description>
			</description>
		</method>
		<method name="redraw" qualifiers="virtual">
			<return type="void">
			</return>
			<description>
			</description>
		</method>
		<method name="set_handle" qualifiers="virtual">
			<return type="void">
			</return>
			<argument index="0" name="index" type="int">
			</argument>
			<argument index="1" name="camera" type="Camera">
			</argument>
			<argument index="2" name="point" type="Vector2">
			</argument>
			<description>
			</description>
		</method>
		<method name="set_hidden">
			<return type="void">
			</return>
			<argument index="0" name="hidden" type="bool">
			</argument>
			<description>
			</description>
		</method>
		<method name="set_spatial_node">
			<return type="void">
			</return>
			<argument index="0" name="node" type="Node">
			</argument>
			<description>
			</description>
		</method>
	</methods>
	<constants>
	</constants>
</class>
