<?xml version="1.0" encoding="UTF-8" ?>
<class name="EditorSelection" inherits="Object" version="3.2">
	<brief_description>
	</brief_description>
	<description>
	</description>
	<tutorials>
	</tutorials>
	<methods>
		<method name="add_node">
			<return type="void">
			</return>
			<argument index="0" name="node" type="Node">
			</argument>
			<description>
			</description>
		</method>
		<method name="clear">
			<return type="void">
			</return>
			<description>
			</description>
		</method>
		<method name="get_selected_nodes">
			<return type="Array">
			</return>
			<description>
			</description>
		</method>
		<method name="get_transformable_selected_nodes">
			<return type="Array">
			</return>
			<description>
			</description>
		</method>
		<method name="remove_node">
			<return type="void">
			</return>
			<argument index="0" name="node" type="Node">
			</argument>
			<description>
			</description>
		</method>
	</methods>
	<signals>
		<signal name="selection_changed">
			<description>
			</description>
		</signal>
	</signals>
	<constants>
	</constants>
</class>
