<?xml version="1.0" encoding="UTF-8" ?>
<class name="EditorVCSInterface" inherits="Object" version="3.2">
	<brief_description>
	</brief_description>
	<description>
	</description>
	<tutorials>
	</tutorials>
	<methods>
		<method name="commit">
			<return type="void">
			</return>
			<argument index="0" name="msg" type="String">
			</argument>
			<description>
			</description>
		</method>
		<method name="get_file_diff">
			<return type="Array">
			</return>
			<argument index="0" name="file_path" type="String">
			</argument>
			<description>
			</description>
		</method>
		<method name="get_modified_files_data">
			<return type="Dictionary">
			</return>
			<description>
			</description>
		</method>
		<method name="get_project_name">
			<return type="String">
			</return>
			<description>
			</description>
		</method>
		<method name="get_vcs_name">
			<return type="String">
			</return>
			<description>
			</description>
		</method>
		<method name="initialize">
			<return type="bool">
			</return>
			<argument index="0" name="project_root_path" type="String">
			</argument>
			<description>
			</description>
		</method>
		<method name="is_addon_ready">
			<return type="bool">
			</return>
			<description>
			</description>
		</method>
		<method name="is_vcs_initialized">
			<return type="bool">
			</return>
			<description>
			</description>
		</method>
		<method name="shut_down">
			<return type="bool">
			</return>
			<description>
			</description>
		</method>
		<method name="stage_file">
			<return type="void">
			</return>
			<argument index="0" name="file_path" type="String">
			</argument>
			<description>
			</description>
		</method>
		<method name="unstage_file">
			<return type="void">
			</return>
			<argument index="0" name="file_path" type="String">
			</argument>
			<description>
			</description>
		</method>
	</methods>
	<constants>
	</constants>
</class>
