<?xml version="1.0" encoding="UTF-8" ?>
<class name="EditorResourcePreviewGenerator" inherits="Reference" version="3.2">
	<brief_description>
	</brief_description>
	<description>
	</description>
	<tutorials>
	</tutorials>
	<methods>
		<method name="can_generate_small_preview" qualifiers="virtual">
			<return type="bool">
			</return>
			<description>
			</description>
		</method>
		<method name="generate" qualifiers="virtual">
			<return type="Texture">
			</return>
			<argument index="0" name="from" type="Resource">
			</argument>
			<argument index="1" name="size" type="Vector2">
			</argument>
			<description>
			</description>
		</method>
		<method name="generate_from_path" qualifiers="virtual">
			<return type="Texture">
			</return>
			<argument index="0" name="path" type="String">
			</argument>
			<argument index="1" name="size" type="Vector2">
			</argument>
			<description>
			</description>
		</method>
		<method name="generate_small_preview_automatically" qualifiers="virtual">
			<return type="bool">
			</return>
			<description>
			</description>
		</method>
		<method name="handles" qualifiers="virtual">
			<return type="bool">
			</return>
			<argument index="0" name="type" type="String">
			</argument>
			<description>
			</description>
		</method>
	</methods>
	<constants>
	</constants>
</class>
