<?xml version="1.0" encoding="UTF-8" ?>
<class name="EditorFileSystem" inherits="Node" version="3.2">
	<brief_description>
	</brief_description>
	<description>
	</description>
	<tutorials>
	</tutorials>
	<methods>
		<method name="get_file_type" qualifiers="const">
			<return type="String">
			</return>
			<argument index="0" name="path" type="String">
			</argument>
			<description>
			</description>
		</method>
		<method name="get_filesystem">
			<return type="EditorFileSystemDirectory">
			</return>
			<description>
			</description>
		</method>
		<method name="get_filesystem_path">
			<return type="EditorFileSystemDirectory">
			</return>
			<argument index="0" name="path" type="String">
			</argument>
			<description>
			</description>
		</method>
		<method name="get_scanning_progress" qualifiers="const">
			<return type="float">
			</return>
			<description>
			</description>
		</method>
		<method name="is_scanning" qualifiers="const">
			<return type="bool">
			</return>
			<description>
			</description>
		</method>
		<method name="scan">
			<return type="void">
			</return>
			<description>
			</description>
		</method>
		<method name="scan_sources">
			<return type="void">
			</return>
			<description>
			</description>
		</method>
		<method name="update_file">
			<return type="void">
			</return>
			<argument index="0" name="path" type="String">
			</argument>
			<description>
			</description>
		</method>
		<method name="update_script_classes">
			<return type="void">
			</return>
			<description>
			</description>
		</method>
	</methods>
	<signals>
		<signal name="filesystem_changed">
			<description>
			</description>
		</signal>
		<signal name="resources_reimported">
			<argument index="0" name="resources" type="PoolStringArray">
			</argument>
			<description>
			</description>
		</signal>
		<signal name="resources_reload">
			<argument index="0" name="resources" type="PoolStringArray">
			</argument>
			<description>
			</description>
		</signal>
		<signal name="sources_changed">
			<argument index="0" name="exist" type="bool">
			</argument>
			<description>
			</description>
		</signal>
	</signals>
	<constants>
	</constants>
</class>
