<?xml version="1.0" encoding="UTF-8" ?>
<class name="EditorResourcePreview" inherits="Node" version="3.2">
	<brief_description>
	</brief_description>
	<description>
	</description>
	<tutorials>
	</tutorials>
	<methods>
		<method name="add_preview_generator">
			<return type="void">
			</return>
			<argument index="0" name="generator" type="EditorResourcePreviewGenerator">
			</argument>
			<description>
			</description>
		</method>
		<method name="check_for_invalidation">
			<return type="void">
			</return>
			<argument index="0" name="path" type="String">
			</argument>
			<description>
			</description>
		</method>
		<method name="queue_edited_resource_preview">
			<return type="void">
			</return>
			<argument index="0" name="resource" type="Resource">
			</argument>
			<argument index="1" name="receiver" type="Object">
			</argument>
			<argument index="2" name="receiver_func" type="String">
			</argument>
			<argument index="3" name="userdata" type="Variant">
			</argument>
			<description>
			</description>
		</method>
		<method name="queue_resource_preview">
			<return type="void">
			</return>
			<argument index="0" name="path" type="String">
			</argument>
			<argument index="1" name="receiver" type="Object">
			</argument>
			<argument index="2" name="receiver_func" type="String">
			</argument>
			<argument index="3" name="userdata" type="Variant">
			</argument>
			<description>
			</description>
		</method>
		<method name="remove_preview_generator">
			<return type="void">
			</return>
			<argument index="0" name="generator" type="EditorResourcePreviewGenerator">
			</argument>
			<description>
			</description>
		</method>
	</methods>
	<signals>
		<signal name="preview_invalidated">
			<argument index="0" name="path" type="String">
			</argument>
			<description>
			</description>
		</signal>
	</signals>
	<constants>
	</constants>
</class>
