<?xml version="1.0" encoding="UTF-8" ?>
<class name="EditorProperty" inherits="Container" version="3.2">
	<brief_description>
	</brief_description>
	<description>
	</description>
	<tutorials>
	</tutorials>
	<methods>
		<method name="add_focusable">
			<return type="void">
			</return>
			<argument index="0" name="control" type="Control">
			</argument>
			<description>
			</description>
		</method>
		<method name="emit_changed">
			<return type="void">
			</return>
			<argument index="0" name="property" type="String">
			</argument>
			<argument index="1" name="value" type="Variant">
			</argument>
			<argument index="2" name="field" type="String" default="&quot;&quot;">
			</argument>
			<argument index="3" name="changing" type="bool" default="false">
			</argument>
			<description>
			</description>
		</method>
		<method name="get_edited_object">
			<return type="Object">
			</return>
			<description>
			</description>
		</method>
		<method name="get_edited_property">
			<return type="String">
			</return>
			<description>
			</description>
		</method>
		<method name="get_tooltip_text" qualifiers="const">
			<return type="String">
			</return>
			<description>
			</description>
		</method>
		<method name="set_bottom_editor">
			<return type="void">
			</return>
			<argument index="0" name="editor" type="Control">
			</argument>
			<description>
			</description>
		</method>
		<method name="update_property" qualifiers="virtual">
			<return type="void">
			</return>
			<description>
			</description>
		</method>
	</methods>
	<members>
		<member name="checkable" type="bool" setter="set_checkable" getter="is_checkable" default="false">
		</member>
		<member name="checked" type="bool" setter="set_checked" getter="is_checked" default="false">
		</member>
		<member name="draw_red" type="bool" setter="set_draw_red" getter="is_draw_red" default="false">
		</member>
		<member name="keying" type="bool" setter="set_keying" getter="is_keying" default="false">
		</member>
		<member name="label" type="String" setter="set_label" getter="get_label" default="&quot;&quot;">
		</member>
		<member name="read_only" type="bool" setter="set_read_only" getter="is_read_only" default="false">
		</member>
	</members>
	<signals>
		<signal name="multiple_properties_changed">
			<argument index="0" name="properties" type="PoolStringArray">
			</argument>
			<argument index="1" name="value" type="Array">
			</argument>
			<description>
			</description>
		</signal>
		<signal name="object_id_selected">
			<argument index="0" name="property" type="String">
			</argument>
			<argument index="1" name="id" type="int">
			</argument>
			<description>
			</description>
		</signal>
		<signal name="property_changed">
			<argument index="0" name="property" type="String">
			</argument>
			<argument index="1" name="value" type="Variant">
			</argument>
			<description>
			</description>
		</signal>
		<signal name="property_checked">
			<argument index="0" name="property" type="String">
			</argument>
			<argument index="1" name="bool" type="String">
			</argument>
			<description>
			</description>
		</signal>
		<signal name="property_keyed">
			<argument index="0" name="property" type="String">
			</argument>
			<description>
			</description>
		</signal>
		<signal name="property_keyed_with_value">
			<argument index="0" name="property" type="String">
			</argument>
			<argument index="1" name="value" type="Variant">
			</argument>
			<description>
			</description>
		</signal>
		<signal name="resource_selected">
			<argument index="0" name="path" type="String">
			</argument>
			<argument index="1" name="resource" type="Resource">
			</argument>
			<description>
			</description>
		</signal>
		<signal name="selected">
			<argument index="0" name="path" type="String">
			</argument>
			<argument index="1" name="focusable_idx" type="int">
			</argument>
			<description>
			</description>
		</signal>
	</signals>
	<constants>
	</constants>
</class>
