<?xml version="1.0" encoding="UTF-8" ?>
<class name="Environment" inherits="Resource" version="3.2">
	<brief_description>
	</brief_description>
	<description>
	</description>
	<tutorials>
	</tutorials>
	<methods>
		<method name="is_glow_level_enabled" qualifiers="const">
			<return type="bool">
			</return>
			<argument index="0" name="idx" type="int">
			</argument>
			<description>
			</description>
		</method>
		<method name="set_glow_level">
			<return type="void">
			</return>
			<argument index="0" name="idx" type="int">
			</argument>
			<argument index="1" name="enabled" type="bool">
			</argument>
			<description>
			</description>
		</method>
	</methods>
	<members>
		<member name="adjustment_brightness" type="float" setter="set_adjustment_brightness" getter="get_adjustment_brightness" default="1.0">
		</member>
		<member name="adjustment_color_correction" type="Texture" setter="set_adjustment_color_correction" getter="get_adjustment_color_correction">
		</member>
		<member name="adjustment_contrast" type="float" setter="set_adjustment_contrast" getter="get_adjustment_contrast" default="1.0">
		</member>
		<member name="adjustment_enabled" type="bool" setter="set_adjustment_enable" getter="is_adjustment_enabled" default="false">
		</member>
		<member name="adjustment_saturation" type="float" setter="set_adjustment_saturation" getter="get_adjustment_saturation" default="1.0">
		</member>
		<member name="ambient_light_color" type="Color" setter="set_ambient_light_color" getter="get_ambient_light_color" default="Color( 0, 0, 0, 1 )">
		</member>
		<member name="ambient_light_energy" type="float" setter="set_ambient_light_energy" getter="get_ambient_light_energy" default="1.0">
		</member>
		<member name="ambient_light_sky_contribution" type="float" setter="set_ambient_light_sky_contribution" getter="get_ambient_light_sky_contribution" default="1.0">
		</member>
		<member name="auto_exposure_enabled" type="bool" setter="set_tonemap_auto_exposure" getter="get_tonemap_auto_exposure" default="false">
		</member>
		<member name="auto_exposure_max_luma" type="float" setter="set_tonemap_auto_exposure_max" getter="get_tonemap_auto_exposure_max" default="8.0">
		</member>
		<member name="auto_exposure_min_luma" type="float" setter="set_tonemap_auto_exposure_min" getter="get_tonemap_auto_exposure_min" default="0.05">
		</member>
		<member name="auto_exposure_scale" type="float" setter="set_tonemap_auto_exposure_grey" getter="get_tonemap_auto_exposure_grey" default="0.4">
		</member>
		<member name="auto_exposure_speed" type="float" setter="set_tonemap_auto_exposure_speed" getter="get_tonemap_auto_exposure_speed" default="0.5">
		</member>
		<member name="background_camera_feed_id" type="int" setter="set_camera_feed_id" getter="get_camera_feed_id" default="1">
		</member>
		<member name="background_canvas_max_layer" type="int" setter="set_canvas_max_layer" getter="get_canvas_max_layer" default="0">
		</member>
		<member name="background_color" type="Color" setter="set_bg_color" getter="get_bg_color" default="Color( 0, 0, 0, 1 )">
		</member>
		<member name="background_energy" type="float" setter="set_bg_energy" getter="get_bg_energy" default="1.0">
		</member>
		<member name="background_mode" type="int" setter="set_background" getter="get_background" enum="Environment.BGMode" default="0">
		</member>
		<member name="background_sky" type="Sky" setter="set_sky" getter="get_sky">
		</member>
		<member name="background_sky_custom_fov" type="float" setter="set_sky_custom_fov" getter="get_sky_custom_fov" default="0.0">
		</member>
		<member name="background_sky_orientation" type="Basis" setter="set_sky_orientation" getter="get_sky_orientation" default="Basis( 1, 0, 0, 0, 1, 0, 0, 0, 1 )">
		</member>
		<member name="background_sky_rotation" type="Vector3" setter="set_sky_rotation" getter="get_sky_rotation" default="Vector3( 0, 0, 0 )">
		</member>
		<member name="background_sky_rotation_degrees" type="Vector3" setter="set_sky_rotation_degrees" getter="get_sky_rotation_degrees" default="Vector3( 0, 0, 0 )">
		</member>
		<member name="dof_blur_far_amount" type="float" setter="set_dof_blur_far_amount" getter="get_dof_blur_far_amount" default="0.1">
		</member>
		<member name="dof_blur_far_distance" type="float" setter="set_dof_blur_far_distance" getter="get_dof_blur_far_distance" default="10.0">
		</member>
		<member name="dof_blur_far_enabled" type="bool" setter="set_dof_blur_far_enabled" getter="is_dof_blur_far_enabled" default="false">
		</member>
		<member name="dof_blur_far_quality" type="int" setter="set_dof_blur_far_quality" getter="get_dof_blur_far_quality" enum="Environment.DOFBlurQuality" default="1">
		</member>
		<member name="dof_blur_far_transition" type="float" setter="set_dof_blur_far_transition" getter="get_dof_blur_far_transition" default="5.0">
		</member>
		<member name="dof_blur_near_amount" type="float" setter="set_dof_blur_near_amount" getter="get_dof_blur_near_amount" default="0.1">
		</member>
		<member name="dof_blur_near_distance" type="float" setter="set_dof_blur_near_distance" getter="get_dof_blur_near_distance" default="2.0">
		</member>
		<member name="dof_blur_near_enabled" type="bool" setter="set_dof_blur_near_enabled" getter="is_dof_blur_near_enabled" default="false">
		</member>
		<member name="dof_blur_near_quality" type="int" setter="set_dof_blur_near_quality" getter="get_dof_blur_near_quality" enum="Environment.DOFBlurQuality" default="1">
		</member>
		<member name="dof_blur_near_transition" type="float" setter="set_dof_blur_near_transition" getter="get_dof_blur_near_transition" default="1.0">
		</member>
		<member name="fog_color" type="Color" setter="set_fog_color" getter="get_fog_color" default="Color( 0.5, 0.6, 0.7, 1 )">
		</member>
		<member name="fog_depth_begin" type="float" setter="set_fog_depth_begin" getter="get_fog_depth_begin" default="10.0">
		</member>
		<member name="fog_depth_curve" type="float" setter="set_fog_depth_curve" getter="get_fog_depth_curve" default="1.0">
		</member>
		<member name="fog_depth_enabled" type="bool" setter="set_fog_depth_enabled" getter="is_fog_depth_enabled" default="true">
		</member>
		<member name="fog_depth_end" type="float" setter="set_fog_depth_end" getter="get_fog_depth_end" default="100.0">
		</member>
		<member name="fog_enabled" type="bool" setter="set_fog_enabled" getter="is_fog_enabled" default="false">
		</member>
		<member name="fog_height_curve" type="float" setter="set_fog_height_curve" getter="get_fog_height_curve" default="1.0">
		</member>
		<member name="fog_height_enabled" type="bool" setter="set_fog_height_enabled" getter="is_fog_height_enabled" default="false">
		</member>
		<member name="fog_height_max" type="float" setter="set_fog_height_max" getter="get_fog_height_max" default="0.0">
		</member>
		<member name="fog_height_min" type="float" setter="set_fog_height_min" getter="get_fog_height_min" default="10.0">
		</member>
		<member name="fog_sun_amount" type="float" setter="set_fog_sun_amount" getter="get_fog_sun_amount" default="0.0">
		</member>
		<member name="fog_sun_color" type="Color" setter="set_fog_sun_color" getter="get_fog_sun_color" default="Color( 1, 0.9, 0.7, 1 )">
		</member>
		<member name="fog_transmit_curve" type="float" setter="set_fog_transmit_curve" getter="get_fog_transmit_curve" default="1.0">
		</member>
		<member name="fog_transmit_enabled" type="bool" setter="set_fog_transmit_enabled" getter="is_fog_transmit_enabled" default="false">
		</member>
		<member name="glow_bicubic_upscale" type="bool" setter="set_glow_bicubic_upscale" getter="is_glow_bicubic_upscale_enabled" default="false">
		</member>
		<member name="glow_blend_mode" type="int" setter="set_glow_blend_mode" getter="get_glow_blend_mode" enum="Environment.GlowBlendMode" default="2">
		</member>
		<member name="glow_bloom" type="float" setter="set_glow_bloom" getter="get_glow_bloom" default="0.0">
		</member>
		<member name="glow_enabled" type="bool" setter="set_glow_enabled" getter="is_glow_enabled" default="false">
		</member>
		<member name="glow_hdr_luminance_cap" type="float" setter="set_glow_hdr_luminance_cap" getter="get_glow_hdr_luminance_cap" default="12.0">
		</member>
		<member name="glow_hdr_scale" type="float" setter="set_glow_hdr_bleed_scale" getter="get_glow_hdr_bleed_scale" default="2.0">
		</member>
		<member name="glow_hdr_threshold" type="float" setter="set_glow_hdr_bleed_threshold" getter="get_glow_hdr_bleed_threshold" default="1.0">
		</member>
		<member name="glow_intensity" type="float" setter="set_glow_intensity" getter="get_glow_intensity" default="0.8">
		</member>
		<member name="glow_levels/1" type="bool" setter="set_glow_level" getter="is_glow_level_enabled" default="false">
		</member>
		<member name="glow_levels/2" type="bool" setter="set_glow_level" getter="is_glow_level_enabled" default="false">
		</member>
		<member name="glow_levels/3" type="bool" setter="set_glow_level" getter="is_glow_level_enabled" default="true">
		</member>
		<member name="glow_levels/4" type="bool" setter="set_glow_level" getter="is_glow_level_enabled" default="false">
		</member>
		<member name="glow_levels/5" type="bool" setter="set_glow_level" getter="is_glow_level_enabled" default="true">
		</member>
		<member name="glow_levels/6" type="bool" setter="set_glow_level" getter="is_glow_level_enabled" default="false">
		</member>
		<member name="glow_levels/7" type="bool" setter="set_glow_level" getter="is_glow_level_enabled" default="false">
		</member>
		<member name="glow_strength" type="float" setter="set_glow_strength" getter="get_glow_strength" default="1.0">
		</member>
		<member name="ss_reflections_depth_tolerance" type="float" setter="set_ssr_depth_tolerance" getter="get_ssr_depth_tolerance" default="0.2">
		</member>
		<member name="ss_reflections_enabled" type="bool" setter="set_ssr_enabled" getter="is_ssr_enabled" default="false">
		</member>
		<member name="ss_reflections_fade_in" type="float" setter="set_ssr_fade_in" getter="get_ssr_fade_in" default="0.15">
		</member>
		<member name="ss_reflections_fade_out" type="float" setter="set_ssr_fade_out" getter="get_ssr_fade_out" default="2.0">
		</member>
		<member name="ss_reflections_max_steps" type="int" setter="set_ssr_max_steps" getter="get_ssr_max_steps" default="64">
		</member>
		<member name="ss_reflections_roughness" type="bool" setter="set_ssr_rough" getter="is_ssr_rough" default="true">
		</member>
		<member name="ssao_ao_channel_affect" type="float" setter="set_ssao_ao_channel_affect" getter="get_ssao_ao_channel_affect" default="0.0">
		</member>
		<member name="ssao_bias" type="float" setter="set_ssao_bias" getter="get_ssao_bias" default="0.01">
		</member>
		<member name="ssao_blur" type="int" setter="set_ssao_blur" getter="get_ssao_blur" enum="Environment.SSAOBlur" default="3">
		</member>
		<member name="ssao_color" type="Color" setter="set_ssao_color" getter="get_ssao_color" default="Color( 0, 0, 0, 1 )">
		</member>
		<member name="ssao_edge_sharpness" type="float" setter="set_ssao_edge_sharpness" getter="get_ssao_edge_sharpness" default="4.0">
		</member>
		<member name="ssao_enabled" type="bool" setter="set_ssao_enabled" getter="is_ssao_enabled" default="false">
		</member>
		<member name="ssao_intensity" type="float" setter="set_ssao_intensity" getter="get_ssao_intensity" default="1.0">
		</member>
		<member name="ssao_intensity2" type="float" setter="set_ssao_intensity2" getter="get_ssao_intensity2" default="1.0">
		</member>
		<member name="ssao_light_affect" type="float" setter="set_ssao_direct_light_affect" getter="get_ssao_direct_light_affect" default="0.0">
		</member>
		<member name="ssao_quality" type="int" setter="set_ssao_quality" getter="get_ssao_quality" enum="Environment.SSAOQuality" default="1">
		</member>
		<member name="ssao_radius" type="float" setter="set_ssao_radius" getter="get_ssao_radius" default="1.0">
		</member>
		<member name="ssao_radius2" type="float" setter="set_ssao_radius2" getter="get_ssao_radius2" default="0.0">
		</member>
		<member name="tonemap_exposure" type="float" setter="set_tonemap_exposure" getter="get_tonemap_exposure" default="1.0">
		</member>
		<member name="tonemap_mode" type="int" setter="set_tonemapper" getter="get_tonemapper" enum="Environment.ToneMapper" default="0">
		</member>
		<member name="tonemap_white" type="float" setter="set_tonemap_white" getter="get_tonemap_white" default="1.0">
		</member>
	</members>
	<constants>
		<constant name="BG_KEEP" value="5" enum="BGMode">
		</constant>
		<constant name="BG_CLEAR_COLOR" value="0" enum="BGMode">
		</constant>
		<constant name="BG_COLOR" value="1" enum="BGMode">
		</constant>
		<constant name="BG_SKY" value="2" enum="BGMode">
		</constant>
		<constant name="BG_COLOR_SKY" value="3" enum="BGMode">
		</constant>
		<constant name="BG_CANVAS" value="4" enum="BGMode">
		</constant>
		<constant name="BG_CAMERA_FEED" value="6" enum="BGMode">
		</constant>
		<constant name="BG_MAX" value="7" enum="BGMode">
		</constant>
		<constant name="GLOW_BLEND_MODE_ADDITIVE" value="0" enum="GlowBlendMode">
		</constant>
		<constant name="GLOW_BLEND_MODE_SCREEN" value="1" enum="GlowBlendMode">
		</constant>
		<constant name="GLOW_BLEND_MODE_SOFTLIGHT" value="2" enum="GlowBlendMode">
		</constant>
		<constant name="GLOW_BLEND_MODE_REPLACE" value="3" enum="GlowBlendMode">
		</constant>
		<constant name="TONE_MAPPER_LINEAR" value="0" enum="ToneMapper">
		</constant>
		<constant name="TONE_MAPPER_REINHARDT" value="1" enum="ToneMapper">
		</constant>
		<constant name="TONE_MAPPER_FILMIC" value="2" enum="ToneMapper">
		</constant>
		<constant name="TONE_MAPPER_ACES" value="3" enum="ToneMapper">
		</constant>
		<constant name="DOF_BLUR_QUALITY_LOW" value="0" enum="DOFBlurQuality">
		</constant>
		<constant name="DOF_BLUR_QUALITY_MEDIUM" value="1" enum="DOFBlurQuality">
		</constant>
		<constant name="DOF_BLUR_QUALITY_HIGH" value="2" enum="DOFBlurQuality">
		</constant>
		<constant name="SSAO_BLUR_DISABLED" value="0" enum="SSAOBlur">
		</constant>
		<constant name="SSAO_BLUR_1x1" value="1" enum="SSAOBlur">
		</constant>
		<constant name="SSAO_BLUR_2x2" value="2" enum="SSAOBlur">
		</constant>
		<constant name="SSAO_BLUR_3x3" value="3" enum="SSAOBlur">
		</constant>
		<constant name="SSAO_QUALITY_LOW" value="0" enum="SSAOQuality">
		</constant>
		<constant name="SSAO_QUALITY_MEDIUM" value="1" enum="SSAOQuality">
		</constant>
		<constant name="SSAO_QUALITY_HIGH" value="2" enum="SSAOQuality">
		</constant>
	</constants>
</class>
