<?xml version="1.0" encoding="UTF-8" ?>
<class name="Expression" inherits="Reference" version="3.2">
	<brief_description>
	</brief_description>
	<description>
	</description>
	<tutorials>
	</tutorials>
	<methods>
		<method name="execute">
			<return type="Variant">
			</return>
			<argument index="0" name="inputs" type="Array" default="[  ]">
			</argument>
			<argument index="1" name="base_instance" type="Object" default="null">
			</argument>
			<argument index="2" name="show_error" type="bool" default="true">
			</argument>
			<description>
			</description>
		</method>
		<method name="get_error_text" qualifiers="const">
			<return type="String">
			</return>
			<description>
			</description>
		</method>
		<method name="has_execute_failed" qualifiers="const">
			<return type="bool">
			</return>
			<description>
			</description>
		</method>
		<method name="parse">
			<return type="int" enum="Error">
			</return>
			<argument index="0" name="expression" type="String">
			</argument>
			<argument index="1" name="input_names" type="PoolStringArray" default="PoolStringArray(  )">
			</argument>
			<description>
			</description>
		</method>
	</methods>
	<constants>
	</constants>
</class>
