<?xml version="1.0" encoding="UTF-8" ?>
<class name="Generic6DOFJoint" inherits="Joint" version="3.2">
	<brief_description>
	</brief_description>
	<description>
	</description>
	<tutorials>
	</tutorials>
	<methods>
		<method name="get_flag_x" qualifiers="const">
			<return type="bool">
			</return>
			<argument index="0" name="flag" type="int" enum="Generic6DOFJoint.Flag">
			</argument>
			<description>
			</description>
		</method>
		<method name="get_flag_y" qualifiers="const">
			<return type="bool">
			</return>
			<argument index="0" name="flag" type="int" enum="Generic6DOFJoint.Flag">
			</argument>
			<description>
			</description>
		</method>
		<method name="get_flag_z" qualifiers="const">
			<return type="bool">
			</return>
			<argument index="0" name="flag" type="int" enum="Generic6DOFJoint.Flag">
			</argument>
			<description>
			</description>
		</method>
		<method name="get_param_x" qualifiers="const">
			<return type="float">
			</return>
			<argument index="0" name="param" type="int" enum="Generic6DOFJoint.Param">
			</argument>
			<description>
			</description>
		</method>
		<method name="get_param_y" qualifiers="const">
			<return type="float">
			</return>
			<argument index="0" name="param" type="int" enum="Generic6DOFJoint.Param">
			</argument>
			<description>
			</description>
		</method>
		<method name="get_param_z" qualifiers="const">
			<return type="float">
			</return>
			<argument index="0" name="param" type="int" enum="Generic6DOFJoint.Param">
			</argument>
			<description>
			</description>
		</method>
		<method name="set_flag_x">
			<return type="void">
			</return>
			<argument index="0" name="flag" type="int" enum="Generic6DOFJoint.Flag">
			</argument>
			<argument index="1" name="value" type="bool">
			</argument>
			<description>
			</description>
		</method>
		<method name="set_flag_y">
			<return type="void">
			</return>
			<argument index="0" name="flag" type="int" enum="Generic6DOFJoint.Flag">
			</argument>
			<argument index="1" name="value" type="bool">
			</argument>
			<description>
			</description>
		</method>
		<method name="set_flag_z">
			<return type="void">
			</return>
			<argument index="0" name="flag" type="int" enum="Generic6DOFJoint.Flag">
			</argument>
			<argument index="1" name="value" type="bool">
			</argument>
			<description>
			</description>
		</method>
		<method name="set_param_x">
			<return type="void">
			</return>
			<argument index="0" name="param" type="int" enum="Generic6DOFJoint.Param">
			</argument>
			<argument index="1" name="value" type="float">
			</argument>
			<description>
			</description>
		</method>
		<method name="set_param_y">
			<return type="void">
			</return>
			<argument index="0" name="param" type="int" enum="Generic6DOFJoint.Param">
			</argument>
			<argument index="1" name="value" type="float">
			</argument>
			<description>
			</description>
		</method>
		<method name="set_param_z">
			<return type="void">
			</return>
			<argument index="0" name="param" type="int" enum="Generic6DOFJoint.Param">
			</argument>
			<argument index="1" name="value" type="float">
			</argument>
			<description>
			</description>
		</method>
	</methods>
	<members>
		<member name="angular_limit_x/damping" type="float" setter="set_param_x" getter="get_param_x" default="1.0">
		</member>
		<member name="angular_limit_x/enabled" type="bool" setter="set_flag_x" getter="get_flag_x" default="true">
		</member>
		<member name="angular_limit_x/erp" type="float" setter="set_param_x" getter="get_param_x" default="0.5">
		</member>
		<member name="angular_limit_x/force_limit" type="float" setter="set_param_x" getter="get_param_x" default="0.0">
		</member>
		<member name="angular_limit_x/lower_angle" type="float" setter="_set_angular_lo_limit_x" getter="_get_angular_lo_limit_x" default="0.0">
		</member>
		<member name="angular_limit_x/restitution" type="float" setter="set_param_x" getter="get_param_x" default="0.0">
		</member>
		<member name="angular_limit_x/softness" type="float" setter="set_param_x" getter="get_param_x" default="0.5">
		</member>
		<member name="angular_limit_x/upper_angle" type="float" setter="_set_angular_hi_limit_x" getter="_get_angular_hi_limit_x" default="0.0">
		</member>
		<member name="angular_limit_y/damping" type="float" setter="set_param_y" getter="get_param_y" default="1.0">
		</member>
		<member name="angular_limit_y/enabled" type="bool" setter="set_flag_y" getter="get_flag_y" default="true">
		</member>
		<member name="angular_limit_y/erp" type="float" setter="set_param_y" getter="get_param_y" default="0.5">
		</member>
		<member name="angular_limit_y/force_limit" type="float" setter="set_param_y" getter="get_param_y" default="0.0">
		</member>
		<member name="angular_limit_y/lower_angle" type="float" setter="_set_angular_lo_limit_y" getter="_get_angular_lo_limit_y" default="0.0">
		</member>
		<member name="angular_limit_y/restitution" type="float" setter="set_param_y" getter="get_param_y" default="0.0">
		</member>
		<member name="angular_limit_y/softness" type="float" setter="set_param_y" getter="get_param_y" default="0.5">
		</member>
		<member name="angular_limit_y/upper_angle" type="float" setter="_set_angular_hi_limit_y" getter="_get_angular_hi_limit_y" default="0.0">
		</member>
		<member name="angular_limit_z/damping" type="float" setter="set_param_z" getter="get_param_z" default="1.0">
		</member>
		<member name="angular_limit_z/enabled" type="bool" setter="set_flag_z" getter="get_flag_z" default="true">
		</member>
		<member name="angular_limit_z/erp" type="float" setter="set_param_z" getter="get_param_z" default="0.5">
		</member>
		<member name="angular_limit_z/force_limit" type="float" setter="set_param_z" getter="get_param_z" default="0.0">
		</member>
		<member name="angular_limit_z/lower_angle" type="float" setter="_set_angular_lo_limit_z" getter="_get_angular_lo_limit_z" default="0.0">
		</member>
		<member name="angular_limit_z/restitution" type="float" setter="set_param_z" getter="get_param_z" default="0.0">
		</member>
		<member name="angular_limit_z/softness" type="float" setter="set_param_z" getter="get_param_z" default="0.5">
		</member>
		<member name="angular_limit_z/upper_angle" type="float" setter="_set_angular_hi_limit_z" getter="_get_angular_hi_limit_z" default="0.0">
		</member>
		<member name="angular_motor_x/enabled" type="bool" setter="set_flag_x" getter="get_flag_x" default="false">
		</member>
		<member name="angular_motor_x/force_limit" type="float" setter="set_param_x" getter="get_param_x" default="300.0">
		</member>
		<member name="angular_motor_x/target_velocity" type="float" setter="set_param_x" getter="get_param_x" default="0.0">
		</member>
		<member name="angular_motor_y/enabled" type="bool" setter="set_flag_y" getter="get_flag_y" default="false">
		</member>
		<member name="angular_motor_y/force_limit" type="float" setter="set_param_y" getter="get_param_y" default="300.0">
		</member>
		<member name="angular_motor_y/target_velocity" type="float" setter="set_param_y" getter="get_param_y" default="0.0">
		</member>
		<member name="angular_motor_z/enabled" type="bool" setter="set_flag_z" getter="get_flag_z" default="false">
		</member>
		<member name="angular_motor_z/force_limit" type="float" setter="set_param_z" getter="get_param_z" default="300.0">
		</member>
		<member name="angular_motor_z/target_velocity" type="float" setter="set_param_z" getter="get_param_z" default="0.0">
		</member>
		<member name="angular_spring_x/damping" type="float" setter="set_param_x" getter="get_param_x" default="0.0">
		</member>
		<member name="angular_spring_x/enabled" type="bool" setter="set_flag_x" getter="get_flag_x" default="false">
		</member>
		<member name="angular_spring_x/equilibrium_point" type="float" setter="set_param_x" getter="get_param_x" default="0.0">
		</member>
		<member name="angular_spring_x/stiffness" type="float" setter="set_param_x" getter="get_param_x" default="0.0">
		</member>
		<member name="angular_spring_y/damping" type="float" setter="set_param_y" getter="get_param_y" default="0.0">
		</member>
		<member name="angular_spring_y/enabled" type="bool" setter="set_flag_y" getter="get_flag_y" default="false">
		</member>
		<member name="angular_spring_y/equilibrium_point" type="float" setter="set_param_y" getter="get_param_y" default="0.0">
		</member>
		<member name="angular_spring_y/stiffness" type="float" setter="set_param_y" getter="get_param_y" default="0.0">
		</member>
		<member name="angular_spring_z/damping" type="float" setter="set_param_z" getter="get_param_z" default="0.0">
		</member>
		<member name="angular_spring_z/enabled" type="bool" setter="set_flag_z" getter="get_flag_z" default="false">
		</member>
		<member name="angular_spring_z/equilibrium_point" type="float" setter="set_param_z" getter="get_param_z" default="0.0">
		</member>
		<member name="angular_spring_z/stiffness" type="float" setter="set_param_z" getter="get_param_z" default="0.0">
		</member>
		<member name="linear_limit_x/damping" type="float" setter="set_param_x" getter="get_param_x" default="1.0">
		</member>
		<member name="linear_limit_x/enabled" type="bool" setter="set_flag_x" getter="get_flag_x" default="true">
		</member>
		<member name="linear_limit_x/lower_distance" type="float" setter="set_param_x" getter="get_param_x" default="0.0">
		</member>
		<member name="linear_limit_x/restitution" type="float" setter="set_param_x" getter="get_param_x" default="0.5">
		</member>
		<member name="linear_limit_x/softness" type="float" setter="set_param_x" getter="get_param_x" default="0.7">
		</member>
		<member name="linear_limit_x/upper_distance" type="float" setter="set_param_x" getter="get_param_x" default="0.0">
		</member>
		<member name="linear_limit_y/damping" type="float" setter="set_param_y" getter="get_param_y" default="1.0">
		</member>
		<member name="linear_limit_y/enabled" type="bool" setter="set_flag_y" getter="get_flag_y" default="true">
		</member>
		<member name="linear_limit_y/lower_distance" type="float" setter="set_param_y" getter="get_param_y" default="0.0">
		</member>
		<member name="linear_limit_y/restitution" type="float" setter="set_param_y" getter="get_param_y" default="0.5">
		</member>
		<member name="linear_limit_y/softness" type="float" setter="set_param_y" getter="get_param_y" default="0.7">
		</member>
		<member name="linear_limit_y/upper_distance" type="float" setter="set_param_y" getter="get_param_y" default="0.0">
		</member>
		<member name="linear_limit_z/damping" type="float" setter="set_param_z" getter="get_param_z" default="1.0">
		</member>
		<member name="linear_limit_z/enabled" type="bool" setter="set_flag_z" getter="get_flag_z" default="true">
		</member>
		<member name="linear_limit_z/lower_distance" type="float" setter="set_param_z" getter="get_param_z" default="0.0">
		</member>
		<member name="linear_limit_z/restitution" type="float" setter="set_param_z" getter="get_param_z" default="0.5">
		</member>
		<member name="linear_limit_z/softness" type="float" setter="set_param_z" getter="get_param_z" default="0.7">
		</member>
		<member name="linear_limit_z/upper_distance" type="float" setter="set_param_z" getter="get_param_z" default="0.0">
		</member>
		<member name="linear_motor_x/enabled" type="bool" setter="set_flag_x" getter="get_flag_x" default="false">
		</member>
		<member name="linear_motor_x/force_limit" type="float" setter="set_param_x" getter="get_param_x" default="0.0">
		</member>
		<member name="linear_motor_x/target_velocity" type="float" setter="set_param_x" getter="get_param_x" default="0.0">
		</member>
		<member name="linear_motor_y/enabled" type="bool" setter="set_flag_y" getter="get_flag_y" default="false">
		</member>
		<member name="linear_motor_y/force_limit" type="float" setter="set_param_y" getter="get_param_y" default="0.0">
		</member>
		<member name="linear_motor_y/target_velocity" type="float" setter="set_param_y" getter="get_param_y" default="0.0">
		</member>
		<member name="linear_motor_z/enabled" type="bool" setter="set_flag_z" getter="get_flag_z" default="false">
		</member>
		<member name="linear_motor_z/force_limit" type="float" setter="set_param_z" getter="get_param_z" default="0.0">
		</member>
		<member name="linear_motor_z/target_velocity" type="float" setter="set_param_z" getter="get_param_z" default="0.0">
		</member>
		<member name="linear_spring_x/damping" type="float" setter="set_param_x" getter="get_param_x" default="0.01">
		</member>
		<member name="linear_spring_x/enabled" type="bool" setter="set_flag_x" getter="get_flag_x" default="false">
		</member>
		<member name="linear_spring_x/equilibrium_point" type="float" setter="set_param_x" getter="get_param_x" default="0.0">
		</member>
		<member name="linear_spring_x/stiffness" type="float" setter="set_param_x" getter="get_param_x" default="0.01">
		</member>
		<member name="linear_spring_y/damping" type="float" setter="set_param_y" getter="get_param_y" default="0.01">
		</member>
		<member name="linear_spring_y/enabled" type="bool" setter="set_flag_y" getter="get_flag_y" default="false">
		</member>
		<member name="linear_spring_y/equilibrium_point" type="float" setter="set_param_y" getter="get_param_y" default="0.0">
		</member>
		<member name="linear_spring_y/stiffness" type="float" setter="set_param_y" getter="get_param_y" default="0.01">
		</member>
		<member name="linear_spring_z/damping" type="float" setter="set_param_z" getter="get_param_z" default="0.01">
		</member>
		<member name="linear_spring_z/enabled" type="bool" setter="set_flag_z" getter="get_flag_z" default="false">
		</member>
		<member name="linear_spring_z/equilibrium_point" type="float" setter="set_param_z" getter="get_param_z" default="0.0">
		</member>
		<member name="linear_spring_z/stiffness" type="float" setter="set_param_z" getter="get_param_z" default="0.01">
		</member>
		<member name="precision" type="int" setter="set_precision" getter="get_precision" default="1">
		</member>
	</members>
	<constants>
		<constant name="PARAM_LINEAR_LOWER_LIMIT" value="0" enum="Param">
		</constant>
		<constant name="PARAM_LINEAR_UPPER_LIMIT" value="1" enum="Param">
		</constant>
		<constant name="PARAM_LINEAR_LIMIT_SOFTNESS" value="2" enum="Param">
		</constant>
		<constant name="PARAM_LINEAR_RESTITUTION" value="3" enum="Param">
		</constant>
		<constant name="PARAM_LINEAR_DAMPING" value="4" enum="Param">
		</constant>
		<constant name="PARAM_LINEAR_MOTOR_TARGET_VELOCITY" value="5" enum="Param">
		</constant>
		<constant name="PARAM_LINEAR_MOTOR_FORCE_LIMIT" value="6" enum="Param">
		</constant>
		<constant name="PARAM_ANGULAR_LOWER_LIMIT" value="10" enum="Param">
		</constant>
		<constant name="PARAM_ANGULAR_UPPER_LIMIT" value="11" enum="Param">
		</constant>
		<constant name="PARAM_ANGULAR_LIMIT_SOFTNESS" value="12" enum="Param">
		</constant>
		<constant name="PARAM_ANGULAR_DAMPING" value="13" enum="Param">
		</constant>
		<constant name="PARAM_ANGULAR_RESTITUTION" value="14" enum="Param">
		</constant>
		<constant name="PARAM_ANGULAR_FORCE_LIMIT" value="15" enum="Param">
		</constant>
		<constant name="PARAM_ANGULAR_ERP" value="16" enum="Param">
		</constant>
		<constant name="PARAM_ANGULAR_MOTOR_TARGET_VELOCITY" value="17" enum="Param">
		</constant>
		<constant name="PARAM_ANGULAR_MOTOR_FORCE_LIMIT" value="18" enum="Param">
		</constant>
		<constant name="PARAM_MAX" value="22" enum="Param">
		</constant>
		<constant name="FLAG_ENABLE_LINEAR_LIMIT" value="0" enum="Flag">
		</constant>
		<constant name="FLAG_ENABLE_ANGULAR_LIMIT" value="1" enum="Flag">
		</constant>
		<constant name="FLAG_ENABLE_LINEAR_SPRING" value="3" enum="Flag">
		</constant>
		<constant name="FLAG_ENABLE_ANGULAR_SPRING" value="2" enum="Flag">
		</constant>
		<constant name="FLAG_ENABLE_MOTOR" value="4" enum="Flag">
		</constant>
		<constant name="FLAG_ENABLE_LINEAR_MOTOR" value="5" enum="Flag">
		</constant>
		<constant name="FLAG_MAX" value="6" enum="Flag">
		</constant>
	</constants>
</class>
