<?xml version="1.0" encoding="UTF-8" ?>
<class name="GraphNode" inherits="Container" version="3.2">
	<brief_description>
	</brief_description>
	<description>
	</description>
	<tutorials>
	</tutorials>
	<methods>
		<method name="clear_all_slots">
			<return type="void">
			</return>
			<description>
			</description>
		</method>
		<method name="clear_slot">
			<return type="void">
			</return>
			<argument index="0" name="idx" type="int">
			</argument>
			<description>
			</description>
		</method>
		<method name="get_connection_input_color">
			<return type="Color">
			</return>
			<argument index="0" name="idx" type="int">
			</argument>
			<description>
			</description>
		</method>
		<method name="get_connection_input_count">
			<return type="int">
			</return>
			<description>
			</description>
		</method>
		<method name="get_connection_input_position">
			<return type="Vector2">
			</return>
			<argument index="0" name="idx" type="int">
			</argument>
			<description>
			</description>
		</method>
		<method name="get_connection_input_type">
			<return type="int">
			</return>
			<argument index="0" name="idx" type="int">
			</argument>
			<description>
			</description>
		</method>
		<method name="get_connection_output_color">
			<return type="Color">
			</return>
			<argument index="0" name="idx" type="int">
			</argument>
			<description>
			</description>
		</method>
		<method name="get_connection_output_count">
			<return type="int">
			</return>
			<description>
			</description>
		</method>
		<method name="get_connection_output_position">
			<return type="Vector2">
			</return>
			<argument index="0" name="idx" type="int">
			</argument>
			<description>
			</description>
		</method>
		<method name="get_connection_output_type">
			<return type="int">
			</return>
			<argument index="0" name="idx" type="int">
			</argument>
			<description>
			</description>
		</method>
		<method name="get_slot_color_left" qualifiers="const">
			<return type="Color">
			</return>
			<argument index="0" name="idx" type="int">
			</argument>
			<description>
			</description>
		</method>
		<method name="get_slot_color_right" qualifiers="const">
			<return type="Color">
			</return>
			<argument index="0" name="idx" type="int">
			</argument>
			<description>
			</description>
		</method>
		<method name="get_slot_type_left" qualifiers="const">
			<return type="int">
			</return>
			<argument index="0" name="idx" type="int">
			</argument>
			<description>
			</description>
		</method>
		<method name="get_slot_type_right" qualifiers="const">
			<return type="int">
			</return>
			<argument index="0" name="idx" type="int">
			</argument>
			<description>
			</description>
		</method>
		<method name="is_slot_enabled_left" qualifiers="const">
			<return type="bool">
			</return>
			<argument index="0" name="idx" type="int">
			</argument>
			<description>
			</description>
		</method>
		<method name="is_slot_enabled_right" qualifiers="const">
			<return type="bool">
			</return>
			<argument index="0" name="idx" type="int">
			</argument>
			<description>
			</description>
		</method>
		<method name="set_slot">
			<return type="void">
			</return>
			<argument index="0" name="idx" type="int">
			</argument>
			<argument index="1" name="enable_left" type="bool">
			</argument>
			<argument index="2" name="type_left" type="int">
			</argument>
			<argument index="3" name="color_left" type="Color">
			</argument>
			<argument index="4" name="enable_right" type="bool">
			</argument>
			<argument index="5" name="type_right" type="int">
			</argument>
			<argument index="6" name="color_right" type="Color">
			</argument>
			<argument index="7" name="custom_left" type="Texture" default="null">
			</argument>
			<argument index="8" name="custom_right" type="Texture" default="null">
			</argument>
			<description>
			</description>
		</method>
	</methods>
	<members>
		<member name="comment" type="bool" setter="set_comment" getter="is_comment" default="false">
		</member>
		<member name="offset" type="Vector2" setter="set_offset" getter="get_offset" default="Vector2( 0, 0 )">
		</member>
		<member name="overlay" type="int" setter="set_overlay" getter="get_overlay" enum="GraphNode.Overlay" default="0">
		</member>
		<member name="resizable" type="bool" setter="set_resizable" getter="is_resizable" default="false">
		</member>
		<member name="selected" type="bool" setter="set_selected" getter="is_selected" default="false">
		</member>
		<member name="show_close" type="bool" setter="set_show_close_button" getter="is_close_button_visible" default="false">
		</member>
		<member name="title" type="String" setter="set_title" getter="get_title" default="&quot;&quot;">
		</member>
	</members>
	<signals>
		<signal name="close_request">
			<description>
			</description>
		</signal>
		<signal name="dragged">
			<argument index="0" name="from" type="Vector2">
			</argument>
			<argument index="1" name="to" type="Vector2">
			</argument>
			<description>
			</description>
		</signal>
		<signal name="offset_changed">
			<description>
			</description>
		</signal>
		<signal name="raise_request">
			<description>
			</description>
		</signal>
		<signal name="resize_request">
			<argument index="0" name="new_minsize" type="Vector2">
			</argument>
			<description>
			</description>
		</signal>
	</signals>
	<constants>
		<constant name="OVERLAY_DISABLED" value="0" enum="Overlay">
		</constant>
		<constant name="OVERLAY_BREAKPOINT" value="1" enum="Overlay">
		</constant>
		<constant name="OVERLAY_POSITION" value="2" enum="Overlay">
		</constant>
	</constants>
	<theme_items>
		<theme_item name="breakpoint" type="StyleBox">
		</theme_item>
		<theme_item name="close" type="Texture">
		</theme_item>
		<theme_item name="close_color" type="Color" default="Color( 0, 0, 0, 1 )">
		</theme_item>
		<theme_item name="close_offset" type="int" default="18">
		</theme_item>
		<theme_item name="comment" type="StyleBox">
		</theme_item>
		<theme_item name="commentfocus" type="StyleBox">
		</theme_item>
		<theme_item name="defaultfocus" type="StyleBox">
		</theme_item>
		<theme_item name="defaultframe" type="StyleBox">
		</theme_item>
		<theme_item name="frame" type="StyleBox">
		</theme_item>
		<theme_item name="port" type="Texture">
		</theme_item>
		<theme_item name="port_offset" type="int" default="3">
		</theme_item>
		<theme_item name="position" type="StyleBox">
		</theme_item>
		<theme_item name="resizer" type="Texture">
		</theme_item>
		<theme_item name="resizer_color" type="Color" default="Color( 0, 0, 0, 1 )">
		</theme_item>
		<theme_item name="selectedframe" type="StyleBox">
		</theme_item>
		<theme_item name="separation" type="int" default="1">
		</theme_item>
		<theme_item name="title_color" type="Color" default="Color( 0, 0, 0, 1 )">
		</theme_item>
		<theme_item name="title_font" type="Font">
		</theme_item>
		<theme_item name="title_offset" type="int" default="20">
		</theme_item>
	</theme_items>
</class>
