<?xml version="1.0" encoding="UTF-8" ?>
<class name="HScrollBar" inherits="ScrollBar" version="3.2">
	<brief_description>
	</brief_description>
	<description>
	</description>
	<tutorials>
	</tutorials>
	<methods>
	</methods>
	<constants>
	</constants>
	<theme_items>
		<theme_item name="decrement" type="Texture">
		</theme_item>
		<theme_item name="decrement_highlight" type="Texture">
		</theme_item>
		<theme_item name="grabber" type="StyleBox">
		</theme_item>
		<theme_item name="grabber_highlight" type="StyleBox">
		</theme_item>
		<theme_item name="grabber_pressed" type="StyleBox">
		</theme_item>
		<theme_item name="increment" type="Texture">
		</theme_item>
		<theme_item name="increment_highlight" type="Texture">
		</theme_item>
		<theme_item name="scroll" type="StyleBox">
		</theme_item>
		<theme_item name="scroll_focus" type="StyleBox">
		</theme_item>
	</theme_items>
</class>
