<?xml version="1.0" encoding="UTF-8" ?>
<class name="HSlider" inherits="Slider" version="3.2">
	<brief_description>
	</brief_description>
	<description>
	</description>
	<tutorials>
	</tutorials>
	<methods>
	</methods>
	<constants>
	</constants>
	<theme_items>
		<theme_item name="grabber" type="Texture">
		</theme_item>
		<theme_item name="grabber_area" type="StyleBox">
		</theme_item>
		<theme_item name="grabber_disabled" type="Texture">
		</theme_item>
		<theme_item name="grabber_highlight" type="Texture">
		</theme_item>
		<theme_item name="slider" type="StyleBox">
		</theme_item>
		<theme_item name="tick" type="Texture">
		</theme_item>
	</theme_items>
</class>
