<?xml version="1.0" encoding="UTF-8" ?>
<class name="HSplitContainer" inherits="SplitContainer" version="3.2">
	<brief_description>
	</brief_description>
	<description>
	</description>
	<tutorials>
	</tutorials>
	<methods>
	</methods>
	<constants>
	</constants>
	<theme_items>
		<theme_item name="autohide" type="int" default="1">
		</theme_item>
		<theme_item name="bg" type="StyleBox">
		</theme_item>
		<theme_item name="grabber" type="Texture">
		</theme_item>
		<theme_item name="separation" type="int" default="12">
		</theme_item>
	</theme_items>
</class>
