<?xml version="1.0" encoding="UTF-8" ?>
<class name="InputMap" inherits="Object" version="3.2">
	<brief_description>
	</brief_description>
	<description>
	</description>
	<tutorials>
	</tutorials>
	<methods>
		<method name="action_add_event">
			<return type="void">
			</return>
			<argument index="0" name="action" type="String">
			</argument>
			<argument index="1" name="event" type="InputEvent">
			</argument>
			<description>
			</description>
		</method>
		<method name="action_erase_event">
			<return type="void">
			</return>
			<argument index="0" name="action" type="String">
			</argument>
			<argument index="1" name="event" type="InputEvent">
			</argument>
			<description>
			</description>
		</method>
		<method name="action_erase_events">
			<return type="void">
			</return>
			<argument index="0" name="action" type="String">
			</argument>
			<description>
			</description>
		</method>
		<method name="action_has_event">
			<return type="bool">
			</return>
			<argument index="0" name="action" type="String">
			</argument>
			<argument index="1" name="event" type="InputEvent">
			</argument>
			<description>
			</description>
		</method>
		<method name="action_set_deadzone">
			<return type="void">
			</return>
			<argument index="0" name="action" type="String">
			</argument>
			<argument index="1" name="deadzone" type="float">
			</argument>
			<description>
			</description>
		</method>
		<method name="add_action">
			<return type="void">
			</return>
			<argument index="0" name="action" type="String">
			</argument>
			<argument index="1" name="deadzone" type="float" default="0.5">
			</argument>
			<description>
			</description>
		</method>
		<method name="erase_action">
			<return type="void">
			</return>
			<argument index="0" name="action" type="String">
			</argument>
			<description>
			</description>
		</method>
		<method name="event_is_action" qualifiers="const">
			<return type="bool">
			</return>
			<argument index="0" name="event" type="InputEvent">
			</argument>
			<argument index="1" name="action" type="String">
			</argument>
			<description>
			</description>
		</method>
		<method name="get_action_list">
			<return type="Array">
			</return>
			<argument index="0" name="action" type="String">
			</argument>
			<description>
			</description>
		</method>
		<method name="get_actions">
			<return type="Array">
			</return>
			<description>
			</description>
		</method>
		<method name="has_action" qualifiers="const">
			<return type="bool">
			</return>
			<argument index="0" name="action" type="String">
			</argument>
			<description>
			</description>
		</method>
		<method name="load_from_globals">
			<return type="void">
			</return>
			<description>
			</description>
		</method>
	</methods>
	<constants>
	</constants>
</class>
