<?xml version="1.0" encoding="UTF-8" ?>
<class name="InputEventScreenTouch" inherits="InputEvent" version="3.2">
	<brief_description>
	</brief_description>
	<description>
	</description>
	<tutorials>
	</tutorials>
	<methods>
	</methods>
	<members>
		<member name="index" type="int" setter="set_index" getter="get_index" default="0">
		</member>
		<member name="position" type="Vector2" setter="set_position" getter="get_position" default="Vector2( 0, 0 )">
		</member>
		<member name="pressed" type="bool" setter="set_pressed" getter="is_pressed" default="false">
		</member>
	</members>
	<constants>
	</constants>
</class>
