<?xml version="1.0" encoding="UTF-8" ?>
<class name="InputEventKey" inherits="InputEventWithModifiers" version="3.2">
	<brief_description>
	</brief_description>
	<description>
	</description>
	<tutorials>
	</tutorials>
	<methods>
		<method name="get_scancode_with_modifiers" qualifiers="const">
			<return type="int">
			</return>
			<description>
			</description>
		</method>
	</methods>
	<members>
		<member name="echo" type="bool" setter="set_echo" getter="is_echo" default="false">
		</member>
		<member name="pressed" type="bool" setter="set_pressed" getter="is_pressed" default="false">
		</member>
		<member name="scancode" type="int" setter="set_scancode" getter="get_scancode" default="0">
		</member>
		<member name="unicode" type="int" setter="set_unicode" getter="get_unicode" default="0">
		</member>
	</members>
	<constants>
	</constants>
</class>
