<?xml version="1.0" encoding="UTF-8" ?>
<class name="InputEventMouse" inherits="InputEventWithModifiers" version="3.2">
	<brief_description>
	</brief_description>
	<description>
	</description>
	<tutorials>
	</tutorials>
	<methods>
	</methods>
	<members>
		<member name="button_mask" type="int" setter="set_button_mask" getter="get_button_mask" default="0">
		</member>
		<member name="global_position" type="Vector2" setter="set_global_position" getter="get_global_position" default="Vector2( 0, 0 )">
		</member>
		<member name="position" type="Vector2" setter="set_position" getter="get_position" default="Vector2( 0, 0 )">
		</member>
	</members>
	<constants>
	</constants>
</class>
