<?xml version="1.0" encoding="UTF-8" ?>
<class name="InputEventJoypadButton" inherits="InputEvent" version="3.2">
	<brief_description>
	</brief_description>
	<description>
	</description>
	<tutorials>
	</tutorials>
	<methods>
	</methods>
	<members>
		<member name="button_index" type="int" setter="set_button_index" getter="get_button_index" default="0">
		</member>
		<member name="pressed" type="bool" setter="set_pressed" getter="is_pressed" default="false">
		</member>
		<member name="pressure" type="float" setter="set_pressure" getter="get_pressure" default="0.0">
		</member>
	</members>
	<constants>
	</constants>
</class>
