<?xml version="1.0" encoding="UTF-8" ?>
<class name="InputEventAction" inherits="InputEvent" version="3.2">
	<brief_description>
	</brief_description>
	<description>
	</description>
	<tutorials>
	</tutorials>
	<methods>
	</methods>
	<members>
		<member name="action" type="String" setter="set_action" getter="get_action" default="&quot;&quot;">
		</member>
		<member name="pressed" type="bool" setter="set_pressed" getter="is_pressed" default="false">
		</member>
		<member name="strength" type="float" setter="set_strength" getter="get_strength" default="1.0">
		</member>
	</members>
	<constants>
	</constants>
</class>
