<?xml version="1.0" encoding="UTF-8" ?>
<class name="int" version="3.2">
	<brief_description>
	</brief_description>
	<description>
	</description>
	<tutorials>
	</tutorials>
	<methods>
		<method name="int">
			<return type="int">
			</return>
			<argument index="0" name="from" type="bool">
			</argument>
			<description>
			</description>
		</method>
		<method name="int">
			<return type="int">
			</return>
			<argument index="0" name="from" type="float">
			</argument>
			<description>
			</description>
		</method>
		<method name="int">
			<return type="int">
			</return>
			<argument index="0" name="from" type="String">
			</argument>
			<description>
			</description>
		</method>
	</methods>
	<constants>
	</constants>
</class>
