<?xml version="1.0" encoding="UTF-8" ?>
<class name="IP" inherits="Object" version="3.2">
	<brief_description>
	</brief_description>
	<description>
	</description>
	<tutorials>
	</tutorials>
	<methods>
		<method name="clear_cache">
			<return type="void">
			</return>
			<argument index="0" name="hostname" type="String" default="&quot;&quot;">
			</argument>
			<description>
			</description>
		</method>
		<method name="erase_resolve_item">
			<return type="void">
			</return>
			<argument index="0" name="id" type="int">
			</argument>
			<description>
			</description>
		</method>
		<method name="get_local_addresses" qualifiers="const">
			<return type="Array">
			</return>
			<description>
			</description>
		</method>
		<method name="get_local_interfaces" qualifiers="const">
			<return type="Array">
			</return>
			<description>
			</description>
		</method>
		<method name="get_resolve_item_address" qualifiers="const">
			<return type="String">
			</return>
			<argument index="0" name="id" type="int">
			</argument>
			<description>
			</description>
		</method>
		<method name="get_resolve_item_status" qualifiers="const">
			<return type="int" enum="IP.ResolverStatus">
			</return>
			<argument index="0" name="id" type="int">
			</argument>
			<description>
			</description>
		</method>
		<method name="resolve_hostname">
			<return type="String">
			</return>
			<argument index="0" name="host" type="String">
			</argument>
			<argument index="1" name="ip_type" type="int" enum="IP.Type" default="3">
			</argument>
			<description>
			</description>
		</method>
		<method name="resolve_hostname_queue_item">
			<return type="int">
			</return>
			<argument index="0" name="host" type="String">
			</argument>
			<argument index="1" name="ip_type" type="int" enum="IP.Type" default="3">
			</argument>
			<description>
			</description>
		</method>
	</methods>
	<constants>
		<constant name="RESOLVER_STATUS_NONE" value="0" enum="ResolverStatus">
		</constant>
		<constant name="RESOLVER_STATUS_WAITING" value="1" enum="ResolverStatus">
		</constant>
		<constant name="RESOLVER_STATUS_DONE" value="2" enum="ResolverStatus">
		</constant>
		<constant name="RESOLVER_STATUS_ERROR" value="3" enum="ResolverStatus">
		</constant>
		<constant name="RESOLVER_MAX_QUERIES" value="32">
		</constant>
		<constant name="RESOLVER_INVALID_ID" value="-1">
		</constant>
		<constant name="TYPE_NONE" value="0" enum="Type">
		</constant>
		<constant name="TYPE_IPV4" value="1" enum="Type">
		</constant>
		<constant name="TYPE_IPV6" value="2" enum="Type">
		</constant>
		<constant name="TYPE_ANY" value="3" enum="Type">
		</constant>
	</constants>
</class>
