<?xml version="1.0" encoding="UTF-8" ?>
<class name="ItemList" inherits="Control" version="3.2">
	<brief_description>
	</brief_description>
	<description>
	</description>
	<tutorials>
	</tutorials>
	<methods>
		<method name="add_icon_item">
			<return type="void">
			</return>
			<argument index="0" name="icon" type="Texture">
			</argument>
			<argument index="1" name="selectable" type="bool" default="true">
			</argument>
			<description>
			</description>
		</method>
		<method name="add_item">
			<return type="void">
			</return>
			<argument index="0" name="text" type="String">
			</argument>
			<argument index="1" name="icon" type="Texture" default="null">
			</argument>
			<argument index="2" name="selectable" type="bool" default="true">
			</argument>
			<description>
			</description>
		</method>
		<method name="clear">
			<return type="void">
			</return>
			<description>
			</description>
		</method>
		<method name="ensure_current_is_visible">
			<return type="void">
			</return>
			<description>
			</description>
		</method>
		<method name="get_item_at_position" qualifiers="const">
			<return type="int">
			</return>
			<argument index="0" name="position" type="Vector2">
			</argument>
			<argument index="1" name="exact" type="bool" default="false">
			</argument>
			<description>
			</description>
		</method>
		<method name="get_item_count" qualifiers="const">
			<return type="int">
			</return>
			<description>
			</description>
		</method>
		<method name="get_item_custom_bg_color" qualifiers="const">
			<return type="Color">
			</return>
			<argument index="0" name="idx" type="int">
			</argument>
			<description>
			</description>
		</method>
		<method name="get_item_custom_fg_color" qualifiers="const">
			<return type="Color">
			</return>
			<argument index="0" name="idx" type="int">
			</argument>
			<description>
			</description>
		</method>
		<method name="get_item_icon" qualifiers="const">
			<return type="Texture">
			</return>
			<argument index="0" name="idx" type="int">
			</argument>
			<description>
			</description>
		</method>
		<method name="get_item_icon_modulate" qualifiers="const">
			<return type="Color">
			</return>
			<argument index="0" name="idx" type="int">
			</argument>
			<description>
			</description>
		</method>
		<method name="get_item_icon_region" qualifiers="const">
			<return type="Rect2">
			</return>
			<argument index="0" name="idx" type="int">
			</argument>
			<description>
			</description>
		</method>
		<method name="get_item_metadata" qualifiers="const">
			<return type="Variant">
			</return>
			<argument index="0" name="idx" type="int">
			</argument>
			<description>
			</description>
		</method>
		<method name="get_item_text" qualifiers="const">
			<return type="String">
			</return>
			<argument index="0" name="idx" type="int">
			</argument>
			<description>
			</description>
		</method>
		<method name="get_item_tooltip" qualifiers="const">
			<return type="String">
			</return>
			<argument index="0" name="idx" type="int">
			</argument>
			<description>
			</description>
		</method>
		<method name="get_selected_items">
			<return type="PoolIntArray">
			</return>
			<description>
			</description>
		</method>
		<method name="get_v_scroll">
			<return type="VScrollBar">
			</return>
			<description>
			</description>
		</method>
		<method name="is_anything_selected">
			<return type="bool">
			</return>
			<description>
			</description>
		</method>
		<method name="is_item_disabled" qualifiers="const">
			<return type="bool">
			</return>
			<argument index="0" name="idx" type="int">
			</argument>
			<description>
			</description>
		</method>
		<method name="is_item_icon_transposed" qualifiers="const">
			<return type="bool">
			</return>
			<argument index="0" name="idx" type="int">
			</argument>
			<description>
			</description>
		</method>
		<method name="is_item_selectable" qualifiers="const">
			<return type="bool">
			</return>
			<argument index="0" name="idx" type="int">
			</argument>
			<description>
			</description>
		</method>
		<method name="is_item_tooltip_enabled" qualifiers="const">
			<return type="bool">
			</return>
			<argument index="0" name="idx" type="int">
			</argument>
			<description>
			</description>
		</method>
		<method name="is_selected" qualifiers="const">
			<return type="bool">
			</return>
			<argument index="0" name="idx" type="int">
			</argument>
			<description>
			</description>
		</method>
		<method name="move_item">
			<return type="void">
			</return>
			<argument index="0" name="from_idx" type="int">
			</argument>
			<argument index="1" name="to_idx" type="int">
			</argument>
			<description>
			</description>
		</method>
		<method name="remove_item">
			<return type="void">
			</return>
			<argument index="0" name="idx" type="int">
			</argument>
			<description>
			</description>
		</method>
		<method name="select">
			<return type="void">
			</return>
			<argument index="0" name="idx" type="int">
			</argument>
			<argument index="1" name="single" type="bool" default="true">
			</argument>
			<description>
			</description>
		</method>
		<method name="set_item_custom_bg_color">
			<return type="void">
			</return>
			<argument index="0" name="idx" type="int">
			</argument>
			<argument index="1" name="custom_bg_color" type="Color">
			</argument>
			<description>
			</description>
		</method>
		<method name="set_item_custom_fg_color">
			<return type="void">
			</return>
			<argument index="0" name="idx" type="int">
			</argument>
			<argument index="1" name="custom_fg_color" type="Color">
			</argument>
			<description>
			</description>
		</method>
		<method name="set_item_disabled">
			<return type="void">
			</return>
			<argument index="0" name="idx" type="int">
			</argument>
			<argument index="1" name="disabled" type="bool">
			</argument>
			<description>
			</description>
		</method>
		<method name="set_item_icon">
			<return type="void">
			</return>
			<argument index="0" name="idx" type="int">
			</argument>
			<argument index="1" name="icon" type="Texture">
			</argument>
			<description>
			</description>
		</method>
		<method name="set_item_icon_modulate">
			<return type="void">
			</return>
			<argument index="0" name="idx" type="int">
			</argument>
			<argument index="1" name="modulate" type="Color">
			</argument>
			<description>
			</description>
		</method>
		<method name="set_item_icon_region">
			<return type="void">
			</return>
			<argument index="0" name="idx" type="int">
			</argument>
			<argument index="1" name="rect" type="Rect2">
			</argument>
			<description>
			</description>
		</method>
		<method name="set_item_icon_transposed">
			<return type="void">
			</return>
			<argument index="0" name="idx" type="int">
			</argument>
			<argument index="1" name="transposed" type="bool">
			</argument>
			<description>
			</description>
		</method>
		<method name="set_item_metadata">
			<return type="void">
			</return>
			<argument index="0" name="idx" type="int">
			</argument>
			<argument index="1" name="metadata" type="Variant">
			</argument>
			<description>
			</description>
		</method>
		<method name="set_item_selectable">
			<return type="void">
			</return>
			<argument index="0" name="idx" type="int">
			</argument>
			<argument index="1" name="selectable" type="bool">
			</argument>
			<description>
			</description>
		</method>
		<method name="set_item_text">
			<return type="void">
			</return>
			<argument index="0" name="idx" type="int">
			</argument>
			<argument index="1" name="text" type="String">
			</argument>
			<description>
			</description>
		</method>
		<method name="set_item_tooltip">
			<return type="void">
			</return>
			<argument index="0" name="idx" type="int">
			</argument>
			<argument index="1" name="tooltip" type="String">
			</argument>
			<description>
			</description>
		</method>
		<method name="set_item_tooltip_enabled">
			<return type="void">
			</return>
			<argument index="0" name="idx" type="int">
			</argument>
			<argument index="1" name="enable" type="bool">
			</argument>
			<description>
			</description>
		</method>
		<method name="sort_items_by_text">
			<return type="void">
			</return>
			<description>
			</description>
		</method>
		<method name="unselect">
			<return type="void">
			</return>
			<argument index="0" name="idx" type="int">
			</argument>
			<description>
			</description>
		</method>
		<method name="unselect_all">
			<return type="void">
			</return>
			<description>
			</description>
		</method>
	</methods>
	<members>
		<member name="allow_reselect" type="bool" setter="set_allow_reselect" getter="get_allow_reselect" default="false">
		</member>
		<member name="allow_rmb_select" type="bool" setter="set_allow_rmb_select" getter="get_allow_rmb_select" default="false">
		</member>
		<member name="auto_height" type="bool" setter="set_auto_height" getter="has_auto_height" default="false">
		</member>
		<member name="fixed_column_width" type="int" setter="set_fixed_column_width" getter="get_fixed_column_width" default="0">
		</member>
		<member name="fixed_icon_size" type="Vector2" setter="set_fixed_icon_size" getter="get_fixed_icon_size" default="Vector2( 0, 0 )">
		</member>
		<member name="focus_mode" type="int" setter="set_focus_mode" getter="get_focus_mode" override="true" enum="Control.FocusMode" default="2" />
		<member name="icon_mode" type="int" setter="set_icon_mode" getter="get_icon_mode" enum="ItemList.IconMode" default="1">
		</member>
		<member name="icon_scale" type="float" setter="set_icon_scale" getter="get_icon_scale" default="1.0">
		</member>
		<member name="max_columns" type="int" setter="set_max_columns" getter="get_max_columns" default="1">
		</member>
		<member name="max_text_lines" type="int" setter="set_max_text_lines" getter="get_max_text_lines" default="1">
		</member>
		<member name="rect_clip_content" type="bool" setter="set_clip_contents" getter="is_clipping_contents" override="true" default="true" />
		<member name="same_column_width" type="bool" setter="set_same_column_width" getter="is_same_column_width" default="false">
		</member>
		<member name="select_mode" type="int" setter="set_select_mode" getter="get_select_mode" enum="ItemList.SelectMode" default="0">
		</member>
	</members>
	<signals>
		<signal name="item_activated">
			<argument index="0" name="index" type="int">
			</argument>
			<description>
			</description>
		</signal>
		<signal name="item_rmb_selected">
			<argument index="0" name="index" type="int">
			</argument>
			<argument index="1" name="at_position" type="Vector2">
			</argument>
			<description>
			</description>
		</signal>
		<signal name="item_selected">
			<argument index="0" name="index" type="int">
			</argument>
			<description>
			</description>
		</signal>
		<signal name="multi_selected">
			<argument index="0" name="index" type="int">
			</argument>
			<argument index="1" name="selected" type="bool">
			</argument>
			<description>
			</description>
		</signal>
		<signal name="nothing_selected">
			<description>
			</description>
		</signal>
		<signal name="rmb_clicked">
			<argument index="0" name="at_position" type="Vector2">
			</argument>
			<description>
			</description>
		</signal>
	</signals>
	<constants>
		<constant name="ICON_MODE_TOP" value="0" enum="IconMode">
		</constant>
		<constant name="ICON_MODE_LEFT" value="1" enum="IconMode">
		</constant>
		<constant name="SELECT_SINGLE" value="0" enum="SelectMode">
		</constant>
		<constant name="SELECT_MULTI" value="1" enum="SelectMode">
		</constant>
	</constants>
	<theme_items>
		<theme_item name="bg" type="StyleBox">
		</theme_item>
		<theme_item name="bg_focus" type="StyleBox">
		</theme_item>
		<theme_item name="cursor" type="StyleBox">
		</theme_item>
		<theme_item name="cursor_unfocused" type="StyleBox">
		</theme_item>
		<theme_item name="font" type="Font">
		</theme_item>
		<theme_item name="font_color" type="Color" default="Color( 0.63, 0.63, 0.63, 1 )">
		</theme_item>
		<theme_item name="font_color_selected" type="Color" default="Color( 1, 1, 1, 1 )">
		</theme_item>
		<theme_item name="guide_color" type="Color" default="Color( 0, 0, 0, 0.1 )">
		</theme_item>
		<theme_item name="hseparation" type="int" default="4">
		</theme_item>
		<theme_item name="icon_margin" type="int" default="4">
		</theme_item>
		<theme_item name="line_separation" type="int" default="2">
		</theme_item>
		<theme_item name="selected" type="StyleBox">
		</theme_item>
		<theme_item name="selected_focus" type="StyleBox">
		</theme_item>
		<theme_item name="vseparation" type="int" default="2">
		</theme_item>
	</theme_items>
</class>
