<?xml version="1.0" encoding="UTF-8" ?>
<class name="JavaScript" inherits="Object" version="3.2">
	<brief_description>
	</brief_description>
	<description>
	</description>
	<tutorials>
	</tutorials>
	<methods>
		<method name="eval">
			<return type="Variant">
			</return>
			<argument index="0" name="code" type="String">
			</argument>
			<argument index="1" name="use_global_execution_context" type="bool" default="false">
			</argument>
			<description>
			</description>
		</method>
	</methods>
	<constants>
	</constants>
</class>
