<?xml version="1.0" encoding="UTF-8" ?>
<class name="Joint2D" inherits="Node2D" version="3.2">
	<brief_description>
	</brief_description>
	<description>
	</description>
	<tutorials>
	</tutorials>
	<methods>
	</methods>
	<members>
		<member name="bias" type="float" setter="set_bias" getter="get_bias" default="0.0">
		</member>
		<member name="disable_collision" type="bool" setter="set_exclude_nodes_from_collision" getter="get_exclude_nodes_from_collision" default="true">
		</member>
		<member name="node_a" type="NodePath" setter="set_node_a" getter="get_node_a" default="NodePath(&quot;&quot;)">
		</member>
		<member name="node_b" type="NodePath" setter="set_node_b" getter="get_node_b" default="NodePath(&quot;&quot;)">
		</member>
	</members>
	<constants>
	</constants>
</class>
