<?xml version="1.0" encoding="UTF-8" ?>
<class name="Joint" inherits="Spatial" version="3.2">
	<brief_description>
	</brief_description>
	<description>
	</description>
	<tutorials>
	</tutorials>
	<methods>
	</methods>
	<members>
		<member name="collision/exclude_nodes" type="bool" setter="set_exclude_nodes_from_collision" getter="get_exclude_nodes_from_collision" default="true">
		</member>
		<member name="nodes/node_a" type="NodePath" setter="set_node_a" getter="get_node_a" default="NodePath(&quot;&quot;)">
		</member>
		<member name="nodes/node_b" type="NodePath" setter="set_node_b" getter="get_node_b" default="NodePath(&quot;&quot;)">
		</member>
		<member name="solver/priority" type="int" setter="set_solver_priority" getter="get_solver_priority" default="1">
		</member>
	</members>
	<constants>
	</constants>
</class>
