<?xml version="1.0" encoding="UTF-8" ?>
<class name="JSON" inherits="Object" version="3.2">
	<brief_description>
	</brief_description>
	<description>
	</description>
	<tutorials>
	</tutorials>
	<methods>
		<method name="parse">
			<return type="JSONParseResult">
			</return>
			<argument index="0" name="json" type="String">
			</argument>
			<description>
			</description>
		</method>
		<method name="print">
			<return type="String">
			</return>
			<argument index="0" name="value" type="Variant">
			</argument>
			<argument index="1" name="indent" type="String" default="&quot;&quot;">
			</argument>
			<argument index="2" name="sort_keys" type="bool" default="false">
			</argument>
			<description>
			</description>
		</method>
	</methods>
	<constants>
	</constants>
</class>
