<?xml version="1.0" encoding="UTF-8" ?>
<class name="KinematicBody" inherits="PhysicsBody" version="3.2">
	<brief_description>
	</brief_description>
	<description>
	</description>
	<tutorials>
	</tutorials>
	<methods>
		<method name="get_axis_lock" qualifiers="const">
			<return type="bool">
			</return>
			<argument index="0" name="axis" type="int" enum="PhysicsServer.BodyAxis">
			</argument>
			<description>
			</description>
		</method>
		<method name="get_floor_normal" qualifiers="const">
			<return type="Vector3">
			</return>
			<description>
			</description>
		</method>
		<method name="get_floor_velocity" qualifiers="const">
			<return type="Vector3">
			</return>
			<description>
			</description>
		</method>
		<method name="get_slide_collision">
			<return type="KinematicCollision">
			</return>
			<argument index="0" name="slide_idx" type="int">
			</argument>
			<description>
			</description>
		</method>
		<method name="get_slide_count" qualifiers="const">
			<return type="int">
			</return>
			<description>
			</description>
		</method>
		<method name="is_on_ceiling" qualifiers="const">
			<return type="bool">
			</return>
			<description>
			</description>
		</method>
		<method name="is_on_floor" qualifiers="const">
			<return type="bool">
			</return>
			<description>
			</description>
		</method>
		<method name="is_on_wall" qualifiers="const">
			<return type="bool">
			</return>
			<description>
			</description>
		</method>
		<method name="move_and_collide">
			<return type="KinematicCollision">
			</return>
			<argument index="0" name="rel_vec" type="Vector3">
			</argument>
			<argument index="1" name="infinite_inertia" type="bool" default="true">
			</argument>
			<argument index="2" name="exclude_raycast_shapes" type="bool" default="true">
			</argument>
			<argument index="3" name="test_only" type="bool" default="false">
			</argument>
			<description>
			</description>
		</method>
		<method name="move_and_slide">
			<return type="Vector3">
			</return>
			<argument index="0" name="linear_velocity" type="Vector3">
			</argument>
			<argument index="1" name="up_direction" type="Vector3" default="Vector3( 0, 0, 0 )">
			</argument>
			<argument index="2" name="stop_on_slope" type="bool" default="false">
			</argument>
			<argument index="3" name="max_slides" type="int" default="4">
			</argument>
			<argument index="4" name="floor_max_angle" type="float" default="0.785398">
			</argument>
			<argument index="5" name="infinite_inertia" type="bool" default="true">
			</argument>
			<description>
			</description>
		</method>
		<method name="move_and_slide_with_snap">
			<return type="Vector3">
			</return>
			<argument index="0" name="linear_velocity" type="Vector3">
			</argument>
			<argument index="1" name="snap" type="Vector3">
			</argument>
			<argument index="2" name="up_direction" type="Vector3" default="Vector3( 0, 0, 0 )">
			</argument>
			<argument index="3" name="stop_on_slope" type="bool" default="false">
			</argument>
			<argument index="4" name="max_slides" type="int" default="4">
			</argument>
			<argument index="5" name="floor_max_angle" type="float" default="0.785398">
			</argument>
			<argument index="6" name="infinite_inertia" type="bool" default="true">
			</argument>
			<description>
			</description>
		</method>
		<method name="set_axis_lock">
			<return type="void">
			</return>
			<argument index="0" name="axis" type="int" enum="PhysicsServer.BodyAxis">
			</argument>
			<argument index="1" name="lock" type="bool">
			</argument>
			<description>
			</description>
		</method>
		<method name="test_move">
			<return type="bool">
			</return>
			<argument index="0" name="from" type="Transform">
			</argument>
			<argument index="1" name="rel_vec" type="Vector3">
			</argument>
			<argument index="2" name="infinite_inertia" type="bool" default="true">
			</argument>
			<description>
			</description>
		</method>
	</methods>
	<members>
		<member name="collision/safe_margin" type="float" setter="set_safe_margin" getter="get_safe_margin" default="0.001">
		</member>
		<member name="move_lock_x" type="bool" setter="set_axis_lock" getter="get_axis_lock" default="false">
		</member>
		<member name="move_lock_y" type="bool" setter="set_axis_lock" getter="get_axis_lock" default="false">
		</member>
		<member name="move_lock_z" type="bool" setter="set_axis_lock" getter="get_axis_lock" default="false">
		</member>
	</members>
	<constants>
	</constants>
</class>
