<?xml version="1.0" encoding="UTF-8" ?>
<class name="Label" inherits="Control" version="3.2">
	<brief_description>
	</brief_description>
	<description>
	</description>
	<tutorials>
	</tutorials>
	<methods>
		<method name="get_line_count" qualifiers="const">
			<return type="int">
			</return>
			<description>
			</description>
		</method>
		<method name="get_line_height" qualifiers="const">
			<return type="int">
			</return>
			<description>
			</description>
		</method>
		<method name="get_total_character_count" qualifiers="const">
			<return type="int">
			</return>
			<description>
			</description>
		</method>
		<method name="get_visible_line_count" qualifiers="const">
			<return type="int">
			</return>
			<description>
			</description>
		</method>
	</methods>
	<members>
		<member name="align" type="int" setter="set_align" getter="get_align" enum="Label.Align" default="0">
		</member>
		<member name="autowrap" type="bool" setter="set_autowrap" getter="has_autowrap" default="false">
		</member>
		<member name="clip_text" type="bool" setter="set_clip_text" getter="is_clipping_text" default="false">
		</member>
		<member name="lines_skipped" type="int" setter="set_lines_skipped" getter="get_lines_skipped" default="0">
		</member>
		<member name="max_lines_visible" type="int" setter="set_max_lines_visible" getter="get_max_lines_visible" default="-1">
		</member>
		<member name="mouse_filter" type="int" setter="set_mouse_filter" getter="get_mouse_filter" override="true" enum="Control.MouseFilter" default="2" />
		<member name="percent_visible" type="float" setter="set_percent_visible" getter="get_percent_visible" default="1.0">
		</member>
		<member name="size_flags_vertical" type="int" setter="set_v_size_flags" getter="get_v_size_flags" override="true" default="4" />
		<member name="text" type="String" setter="set_text" getter="get_text" default="&quot;&quot;">
		</member>
		<member name="uppercase" type="bool" setter="set_uppercase" getter="is_uppercase" default="false">
		</member>
		<member name="valign" type="int" setter="set_valign" getter="get_valign" enum="Label.VAlign" default="0">
		</member>
		<member name="visible_characters" type="int" setter="set_visible_characters" getter="get_visible_characters" default="-1">
		</member>
	</members>
	<constants>
		<constant name="ALIGN_LEFT" value="0" enum="Align">
		</constant>
		<constant name="ALIGN_CENTER" value="1" enum="Align">
		</constant>
		<constant name="ALIGN_RIGHT" value="2" enum="Align">
		</constant>
		<constant name="ALIGN_FILL" value="3" enum="Align">
		</constant>
		<constant name="VALIGN_TOP" value="0" enum="VAlign">
		</constant>
		<constant name="VALIGN_CENTER" value="1" enum="VAlign">
		</constant>
		<constant name="VALIGN_BOTTOM" value="2" enum="VAlign">
		</constant>
		<constant name="VALIGN_FILL" value="3" enum="VAlign">
		</constant>
	</constants>
	<theme_items>
		<theme_item name="font" type="Font">
		</theme_item>
		<theme_item name="font_color" type="Color" default="Color( 1, 1, 1, 1 )">
		</theme_item>
		<theme_item name="font_color_shadow" type="Color" default="Color( 0, 0, 0, 0 )">
		</theme_item>
		<theme_item name="font_outline_modulate" type="Color" default="Color( 1, 1, 1, 1 )">
		</theme_item>
		<theme_item name="line_spacing" type="int" default="3">
		</theme_item>
		<theme_item name="normal" type="StyleBox">
		</theme_item>
		<theme_item name="shadow_as_outline" type="int" default="0">
		</theme_item>
		<theme_item name="shadow_offset_x" type="int" default="1">
		</theme_item>
		<theme_item name="shadow_offset_y" type="int" default="1">
		</theme_item>
	</theme_items>
</class>
