<?xml version="1.0" encoding="UTF-8" ?>
<class name="Line2D" inherits="Node2D" version="3.2">
	<brief_description>
	</brief_description>
	<description>
	</description>
	<tutorials>
	</tutorials>
	<methods>
		<method name="add_point">
			<return type="void">
			</return>
			<argument index="0" name="position" type="Vector2">
			</argument>
			<argument index="1" name="at_position" type="int" default="-1">
			</argument>
			<description>
			</description>
		</method>
		<method name="clear_points">
			<return type="void">
			</return>
			<description>
			</description>
		</method>
		<method name="get_point_count" qualifiers="const">
			<return type="int">
			</return>
			<description>
			</description>
		</method>
		<method name="get_point_position" qualifiers="const">
			<return type="Vector2">
			</return>
			<argument index="0" name="i" type="int">
			</argument>
			<description>
			</description>
		</method>
		<method name="remove_point">
			<return type="void">
			</return>
			<argument index="0" name="i" type="int">
			</argument>
			<description>
			</description>
		</method>
		<method name="set_point_position">
			<return type="void">
			</return>
			<argument index="0" name="i" type="int">
			</argument>
			<argument index="1" name="position" type="Vector2">
			</argument>
			<description>
			</description>
		</method>
	</methods>
	<members>
		<member name="antialiased" type="bool" setter="set_antialiased" getter="get_antialiased" default="false">
		</member>
		<member name="begin_cap_mode" type="int" setter="set_begin_cap_mode" getter="get_begin_cap_mode" enum="Line2D.LineCapMode" default="0">
		</member>
		<member name="default_color" type="Color" setter="set_default_color" getter="get_default_color" default="Color( 0.4, 0.5, 1, 1 )">
		</member>
		<member name="end_cap_mode" type="int" setter="set_end_cap_mode" getter="get_end_cap_mode" enum="Line2D.LineCapMode" default="0">
		</member>
		<member name="gradient" type="Gradient" setter="set_gradient" getter="get_gradient">
		</member>
		<member name="joint_mode" type="int" setter="set_joint_mode" getter="get_joint_mode" enum="Line2D.LineJointMode" default="0">
		</member>
		<member name="points" type="PoolVector2Array" setter="set_points" getter="get_points" default="PoolVector2Array(  )">
		</member>
		<member name="round_precision" type="int" setter="set_round_precision" getter="get_round_precision" default="8">
		</member>
		<member name="sharp_limit" type="float" setter="set_sharp_limit" getter="get_sharp_limit" default="2.0">
		</member>
		<member name="texture" type="Texture" setter="set_texture" getter="get_texture">
		</member>
		<member name="texture_mode" type="int" setter="set_texture_mode" getter="get_texture_mode" enum="Line2D.LineTextureMode" default="0">
		</member>
		<member name="width" type="float" setter="set_width" getter="get_width" default="10.0">
		</member>
		<member name="width_curve" type="Curve" setter="set_curve" getter="get_curve">
		</member>
	</members>
	<constants>
		<constant name="LINE_JOINT_SHARP" value="0" enum="LineJointMode">
		</constant>
		<constant name="LINE_JOINT_BEVEL" value="1" enum="LineJointMode">
		</constant>
		<constant name="LINE_JOINT_ROUND" value="2" enum="LineJointMode">
		</constant>
		<constant name="LINE_CAP_NONE" value="0" enum="LineCapMode">
		</constant>
		<constant name="LINE_CAP_BOX" value="1" enum="LineCapMode">
		</constant>
		<constant name="LINE_CAP_ROUND" value="2" enum="LineCapMode">
		</constant>
		<constant name="LINE_TEXTURE_NONE" value="0" enum="LineTextureMode">
		</constant>
		<constant name="LINE_TEXTURE_TILE" value="1" enum="LineTextureMode">
		</constant>
		<constant name="LINE_TEXTURE_STRETCH" value="2" enum="LineTextureMode">
		</constant>
	</constants>
</class>
