<?xml version="1.0" encoding="UTF-8" ?>
<class name="LinkButton" inherits="BaseButton" version="3.2">
	<brief_description>
	</brief_description>
	<description>
	</description>
	<tutorials>
	</tutorials>
	<methods>
	</methods>
	<members>
		<member name="enabled_focus_mode" type="int" setter="set_enabled_focus_mode" getter="get_enabled_focus_mode" override="true" enum="Control.FocusMode" default="0" />
		<member name="focus_mode" type="int" setter="set_focus_mode" getter="get_focus_mode" override="true" enum="Control.FocusMode" default="0" />
		<member name="mouse_default_cursor_shape" type="int" setter="set_default_cursor_shape" getter="get_default_cursor_shape" override="true" enum="Control.CursorShape" default="2" />
		<member name="text" type="String" setter="set_text" getter="get_text" default="&quot;&quot;">
		</member>
		<member name="underline" type="int" setter="set_underline_mode" getter="get_underline_mode" enum="LinkButton.UnderlineMode" default="0">
		</member>
	</members>
	<constants>
		<constant name="UNDERLINE_MODE_ALWAYS" value="0" enum="UnderlineMode">
		</constant>
		<constant name="UNDERLINE_MODE_ON_HOVER" value="1" enum="UnderlineMode">
		</constant>
		<constant name="UNDERLINE_MODE_NEVER" value="2" enum="UnderlineMode">
		</constant>
	</constants>
	<theme_items>
		<theme_item name="focus" type="StyleBox">
		</theme_item>
		<theme_item name="font" type="Font">
		</theme_item>
		<theme_item name="font_color" type="Color" default="Color( 0.88, 0.88, 0.88, 1 )">
		</theme_item>
		<theme_item name="font_color_hover" type="Color" default="Color( 0.94, 0.94, 0.94, 1 )">
		</theme_item>
		<theme_item name="font_color_pressed" type="Color" default="Color( 1, 1, 1, 1 )">
		</theme_item>
		<theme_item name="underline_spacing" type="int" default="2">
		</theme_item>
	</theme_items>
</class>
