<?xml version="1.0" encoding="UTF-8" ?>
<class name="Marshalls" inherits="Object" version="3.2">
	<brief_description>
	</brief_description>
	<description>
	</description>
	<tutorials>
	</tutorials>
	<methods>
		<method name="base64_to_raw">
			<return type="PoolByteArray">
			</return>
			<argument index="0" name="base64_str" type="String">
			</argument>
			<description>
			</description>
		</method>
		<method name="base64_to_utf8">
			<return type="String">
			</return>
			<argument index="0" name="base64_str" type="String">
			</argument>
			<description>
			</description>
		</method>
		<method name="base64_to_variant">
			<return type="Variant">
			</return>
			<argument index="0" name="base64_str" type="String">
			</argument>
			<argument index="1" name="allow_objects" type="bool" default="false">
			</argument>
			<description>
			</description>
		</method>
		<method name="raw_to_base64">
			<return type="String">
			</return>
			<argument index="0" name="array" type="PoolByteArray">
			</argument>
			<description>
			</description>
		</method>
		<method name="utf8_to_base64">
			<return type="String">
			</return>
			<argument index="0" name="utf8_str" type="String">
			</argument>
			<description>
			</description>
		</method>
		<method name="variant_to_base64">
			<return type="String">
			</return>
			<argument index="0" name="variant" type="Variant">
			</argument>
			<argument index="1" name="full_objects" type="bool" default="false">
			</argument>
			<description>
			</description>
		</method>
	</methods>
	<constants>
	</constants>
</class>
