<?xml version="1.0" encoding="UTF-8" ?>
<class name="MenuButton" inherits="Button" version="3.2">
	<brief_description>
	</brief_description>
	<description>
	</description>
	<tutorials>
	</tutorials>
	<methods>
		<method name="get_popup" qualifiers="const">
			<return type="PopupMenu">
			</return>
			<description>
			</description>
		</method>
		<method name="set_disable_shortcuts">
			<return type="void">
			</return>
			<argument index="0" name="disabled" type="bool">
			</argument>
			<description>
			</description>
		</method>
	</methods>
	<members>
		<member name="action_mode" type="int" setter="set_action_mode" getter="get_action_mode" override="true" enum="BaseButton.ActionMode" default="0" />
		<member name="enabled_focus_mode" type="int" setter="set_enabled_focus_mode" getter="get_enabled_focus_mode" override="true" enum="Control.FocusMode" default="0" />
		<member name="flat" type="bool" setter="set_flat" getter="is_flat" override="true" default="true" />
		<member name="focus_mode" type="int" setter="set_focus_mode" getter="get_focus_mode" override="true" enum="Control.FocusMode" default="0" />
		<member name="switch_on_hover" type="bool" setter="set_switch_on_hover" getter="is_switch_on_hover" default="false">
		</member>
		<member name="toggle_mode" type="bool" setter="set_toggle_mode" getter="is_toggle_mode" override="true" default="true" />
	</members>
	<signals>
		<signal name="about_to_show">
			<description>
			</description>
		</signal>
	</signals>
	<constants>
	</constants>
	<theme_items>
		<theme_item name="disabled" type="StyleBox">
		</theme_item>
		<theme_item name="focus" type="StyleBox">
		</theme_item>
		<theme_item name="font" type="Font">
		</theme_item>
		<theme_item name="font_color" type="Color" default="Color( 0.88, 0.88, 0.88, 1 )">
		</theme_item>
		<theme_item name="font_color_disabled" type="Color" default="Color( 1, 1, 1, 0.3 )">
		</theme_item>
		<theme_item name="font_color_hover" type="Color" default="Color( 0.94, 0.94, 0.94, 1 )">
		</theme_item>
		<theme_item name="font_color_pressed" type="Color" default="Color( 1, 1, 1, 1 )">
		</theme_item>
		<theme_item name="hover" type="StyleBox">
		</theme_item>
		<theme_item name="hseparation" type="int" default="3">
		</theme_item>
		<theme_item name="normal" type="StyleBox">
		</theme_item>
		<theme_item name="pressed" type="StyleBox">
		</theme_item>
	</theme_items>
</class>
