<?xml version="1.0" encoding="UTF-8" ?>
<class name="MeshInstance2D" inherits="Node2D" version="3.2">
	<brief_description>
	</brief_description>
	<description>
	</description>
	<tutorials>
	</tutorials>
	<methods>
	</methods>
	<members>
		<member name="mesh" type="Mesh" setter="set_mesh" getter="get_mesh">
		</member>
		<member name="normal_map" type="Texture" setter="set_normal_map" getter="get_normal_map">
		</member>
		<member name="texture" type="Texture" setter="set_texture" getter="get_texture">
		</member>
	</members>
	<signals>
		<signal name="texture_changed">
			<description>
			</description>
		</signal>
	</signals>
	<constants>
	</constants>
</class>
