<?xml version="1.0" encoding="UTF-8" ?>
<class name="PackedScene" inherits="Resource" version="3.2">
	<brief_description>
	</brief_description>
	<description>
	</description>
	<tutorials>
	</tutorials>
	<methods>
		<method name="can_instance" qualifiers="const">
			<return type="bool">
			</return>
			<description>
			</description>
		</method>
		<method name="get_state">
			<return type="SceneState">
			</return>
			<description>
			</description>
		</method>
		<method name="instance" qualifiers="const">
			<return type="Node">
			</return>
			<argument index="0" name="edit_state" type="int" enum="PackedScene.GenEditState" default="0">
			</argument>
			<description>
			</description>
		</method>
		<method name="pack">
			<return type="int" enum="Error">
			</return>
			<argument index="0" name="path" type="Node">
			</argument>
			<description>
			</description>
		</method>
	</methods>
	<members>
		<member name="_bundled" type="Dictionary" setter="_set_bundled_scene" getter="_get_bundled_scene" default="{&quot;conn_count&quot;: 0,&quot;conns&quot;: PoolIntArray(  ),&quot;editable_instances&quot;: [  ],&quot;names&quot;: PoolStringArray(  ),&quot;node_count&quot;: 0,&quot;node_paths&quot;: [  ],&quot;nodes&quot;: PoolIntArray(  ),&quot;variants&quot;: [  ],&quot;version&quot;: 2}">
		</member>
	</members>
	<constants>
		<constant name="GEN_EDIT_STATE_DISABLED" value="0" enum="GenEditState">
		</constant>
		<constant name="GEN_EDIT_STATE_INSTANCE" value="1" enum="GenEditState">
		</constant>
		<constant name="GEN_EDIT_STATE_MAIN" value="2" enum="GenEditState">
		</constant>
	</constants>
</class>
