<?xml version="1.0" encoding="UTF-8" ?>
<class name="ParallaxLayer" inherits="Node2D" version="3.2">
	<brief_description>
	</brief_description>
	<description>
	</description>
	<tutorials>
	</tutorials>
	<methods>
	</methods>
	<members>
		<member name="motion_mirroring" type="Vector2" setter="set_mirroring" getter="get_mirroring" default="Vector2( 0, 0 )">
		</member>
		<member name="motion_offset" type="Vector2" setter="set_motion_offset" getter="get_motion_offset" default="Vector2( 0, 0 )">
		</member>
		<member name="motion_scale" type="Vector2" setter="set_motion_scale" getter="get_motion_scale" default="Vector2( 1, 1 )">
		</member>
	</members>
	<constants>
	</constants>
</class>
