<?xml version="1.0" encoding="UTF-8" ?>
<class name="Particles" inherits="GeometryInstance" version="3.2">
	<brief_description>
	</brief_description>
	<description>
	</description>
	<tutorials>
	</tutorials>
	<methods>
		<method name="capture_aabb" qualifiers="const">
			<return type="AABB">
			</return>
			<description>
			</description>
		</method>
		<method name="get_draw_pass_mesh" qualifiers="const">
			<return type="Mesh">
			</return>
			<argument index="0" name="pass" type="int">
			</argument>
			<description>
			</description>
		</method>
		<method name="restart">
			<return type="void">
			</return>
			<description>
			</description>
		</method>
		<method name="set_draw_pass_mesh">
			<return type="void">
			</return>
			<argument index="0" name="pass" type="int">
			</argument>
			<argument index="1" name="mesh" type="Mesh">
			</argument>
			<description>
			</description>
		</method>
	</methods>
	<members>
		<member name="amount" type="int" setter="set_amount" getter="get_amount" default="8">
		</member>
		<member name="draw_order" type="int" setter="set_draw_order" getter="get_draw_order" enum="Particles.DrawOrder" default="0">
		</member>
		<member name="draw_pass_1" type="Mesh" setter="set_draw_pass_mesh" getter="get_draw_pass_mesh">
		</member>
		<member name="draw_pass_2" type="Mesh" setter="set_draw_pass_mesh" getter="get_draw_pass_mesh">
		</member>
		<member name="draw_pass_3" type="Mesh" setter="set_draw_pass_mesh" getter="get_draw_pass_mesh">
		</member>
		<member name="draw_pass_4" type="Mesh" setter="set_draw_pass_mesh" getter="get_draw_pass_mesh">
		</member>
		<member name="draw_passes" type="int" setter="set_draw_passes" getter="get_draw_passes" default="1">
		</member>
		<member name="emitting" type="bool" setter="set_emitting" getter="is_emitting" default="true">
		</member>
		<member name="explosiveness" type="float" setter="set_explosiveness_ratio" getter="get_explosiveness_ratio" default="0.0">
		</member>
		<member name="fixed_fps" type="int" setter="set_fixed_fps" getter="get_fixed_fps" default="0">
		</member>
		<member name="fract_delta" type="bool" setter="set_fractional_delta" getter="get_fractional_delta" default="true">
		</member>
		<member name="lifetime" type="float" setter="set_lifetime" getter="get_lifetime" default="1.0">
		</member>
		<member name="local_coords" type="bool" setter="set_use_local_coordinates" getter="get_use_local_coordinates" default="true">
		</member>
		<member name="one_shot" type="bool" setter="set_one_shot" getter="get_one_shot" default="false">
		</member>
		<member name="preprocess" type="float" setter="set_pre_process_time" getter="get_pre_process_time" default="0.0">
		</member>
		<member name="process_material" type="Material" setter="set_process_material" getter="get_process_material">
		</member>
		<member name="randomness" type="float" setter="set_randomness_ratio" getter="get_randomness_ratio" default="0.0">
		</member>
		<member name="speed_scale" type="float" setter="set_speed_scale" getter="get_speed_scale" default="1.0">
		</member>
		<member name="visibility_aabb" type="AABB" setter="set_visibility_aabb" getter="get_visibility_aabb" default="AABB( -4, -4, -4, 8, 8, 8 )">
		</member>
	</members>
	<constants>
		<constant name="DRAW_ORDER_INDEX" value="0" enum="DrawOrder">
		</constant>
		<constant name="DRAW_ORDER_LIFETIME" value="1" enum="DrawOrder">
		</constant>
		<constant name="DRAW_ORDER_VIEW_DEPTH" value="2" enum="DrawOrder">
		</constant>
		<constant name="MAX_DRAW_PASSES" value="4">
		</constant>
	</constants>
</class>
