<?xml version="1.0" encoding="UTF-8" ?>
<class name="PathFollow2D" inherits="Node2D" version="3.2">
	<brief_description>
	</brief_description>
	<description>
	</description>
	<tutorials>
	</tutorials>
	<methods>
	</methods>
	<members>
		<member name="cubic_interp" type="bool" setter="set_cubic_interpolation" getter="get_cubic_interpolation" default="true">
		</member>
		<member name="h_offset" type="float" setter="set_h_offset" getter="get_h_offset" default="0.0">
		</member>
		<member name="lookahead" type="float" setter="set_lookahead" getter="get_lookahead" default="4.0">
		</member>
		<member name="loop" type="bool" setter="set_loop" getter="has_loop" default="true">
		</member>
		<member name="offset" type="float" setter="set_offset" getter="get_offset" default="0.0">
		</member>
		<member name="rotate" type="bool" setter="set_rotate" getter="is_rotating" default="true">
		</member>
		<member name="unit_offset" type="float" setter="set_unit_offset" getter="get_unit_offset" default="0.0">
		</member>
		<member name="v_offset" type="float" setter="set_v_offset" getter="get_v_offset" default="0.0">
		</member>
	</members>
	<constants>
	</constants>
</class>
