<?xml version="1.0" encoding="UTF-8" ?>
<class name="PCKPacker" inherits="Reference" version="3.2">
	<brief_description>
	</brief_description>
	<description>
	</description>
	<tutorials>
	</tutorials>
	<methods>
		<method name="add_file">
			<return type="int" enum="Error">
			</return>
			<argument index="0" name="pck_path" type="String">
			</argument>
			<argument index="1" name="source_path" type="String">
			</argument>
			<description>
			</description>
		</method>
		<method name="flush">
			<return type="int" enum="Error">
			</return>
			<argument index="0" name="verbose" type="bool" default="false">
			</argument>
			<description>
			</description>
		</method>
		<method name="pck_start">
			<return type="int" enum="Error">
			</return>
			<argument index="0" name="pck_name" type="String">
			</argument>
			<argument index="1" name="alignment" type="int" default="0">
			</argument>
			<description>
			</description>
		</method>
	</methods>
	<constants>
	</constants>
</class>
