<?xml version="1.0" encoding="UTF-8" ?>
<class name="Performance" inherits="Object" version="3.2">
	<brief_description>
	</brief_description>
	<description>
	</description>
	<tutorials>
	</tutorials>
	<methods>
		<method name="get_monitor" qualifiers="const">
			<return type="float">
			</return>
			<argument index="0" name="monitor" type="int" enum="Performance.Monitor">
			</argument>
			<description>
			</description>
		</method>
	</methods>
	<constants>
		<constant name="TIME_FPS" value="0" enum="Monitor">
		</constant>
		<constant name="TIME_PROCESS" value="1" enum="Monitor">
		</constant>
		<constant name="TIME_PHYSICS_PROCESS" value="2" enum="Monitor">
		</constant>
		<constant name="MEMORY_STATIC" value="3" enum="Monitor">
		</constant>
		<constant name="MEMORY_DYNAMIC" value="4" enum="Monitor">
		</constant>
		<constant name="MEMORY_STATIC_MAX" value="5" enum="Monitor">
		</constant>
		<constant name="MEMORY_DYNAMIC_MAX" value="6" enum="Monitor">
		</constant>
		<constant name="MEMORY_MESSAGE_BUFFER_MAX" value="7" enum="Monitor">
		</constant>
		<constant name="OBJECT_COUNT" value="8" enum="Monitor">
		</constant>
		<constant name="OBJECT_RESOURCE_COUNT" value="9" enum="Monitor">
		</constant>
		<constant name="OBJECT_NODE_COUNT" value="10" enum="Monitor">
		</constant>
		<constant name="OBJECT_ORPHAN_NODE_COUNT" value="11" enum="Monitor">
		</constant>
		<constant name="RENDER_OBJECTS_IN_FRAME" value="12" enum="Monitor">
		</constant>
		<constant name="RENDER_VERTICES_IN_FRAME" value="13" enum="Monitor">
		</constant>
		<constant name="RENDER_MATERIAL_CHANGES_IN_FRAME" value="14" enum="Monitor">
		</constant>
		<constant name="RENDER_SHADER_CHANGES_IN_FRAME" value="15" enum="Monitor">
		</constant>
		<constant name="RENDER_SURFACE_CHANGES_IN_FRAME" value="16" enum="Monitor">
		</constant>
		<constant name="RENDER_DRAW_CALLS_IN_FRAME" value="17" enum="Monitor">
		</constant>
		<constant name="RENDER_VIDEO_MEM_USED" value="18" enum="Monitor">
		</constant>
		<constant name="RENDER_TEXTURE_MEM_USED" value="19" enum="Monitor">
		</constant>
		<constant name="RENDER_VERTEX_MEM_USED" value="20" enum="Monitor">
		</constant>
		<constant name="RENDER_USAGE_VIDEO_MEM_TOTAL" value="21" enum="Monitor">
		</constant>
		<constant name="PHYSICS_2D_ACTIVE_OBJECTS" value="22" enum="Monitor">
		</constant>
		<constant name="PHYSICS_2D_COLLISION_PAIRS" value="23" enum="Monitor">
		</constant>
		<constant name="PHYSICS_2D_ISLAND_COUNT" value="24" enum="Monitor">
		</constant>
		<constant name="PHYSICS_3D_ACTIVE_OBJECTS" value="25" enum="Monitor">
		</constant>
		<constant name="PHYSICS_3D_COLLISION_PAIRS" value="26" enum="Monitor">
		</constant>
		<constant name="PHYSICS_3D_ISLAND_COUNT" value="27" enum="Monitor">
		</constant>
		<constant name="AUDIO_OUTPUT_LATENCY" value="28" enum="Monitor">
		</constant>
		<constant name="MONITOR_MAX" value="29" enum="Monitor">
		</constant>
	</constants>
</class>
