<?xml version="1.0" encoding="UTF-8" ?>
<class name="PhysicsDirectBodyState" inherits="Object" version="3.2">
	<brief_description>
	</brief_description>
	<description>
	</description>
	<tutorials>
	</tutorials>
	<methods>
		<method name="add_central_force">
			<return type="void">
			</return>
			<argument index="0" name="force" type="Vector3">
			</argument>
			<description>
			</description>
		</method>
		<method name="add_force">
			<return type="void">
			</return>
			<argument index="0" name="force" type="Vector3">
			</argument>
			<argument index="1" name="position" type="Vector3">
			</argument>
			<description>
			</description>
		</method>
		<method name="add_torque">
			<return type="void">
			</return>
			<argument index="0" name="torque" type="Vector3">
			</argument>
			<description>
			</description>
		</method>
		<method name="apply_central_impulse">
			<return type="void">
			</return>
			<argument index="0" name="j" type="Vector3">
			</argument>
			<description>
			</description>
		</method>
		<method name="apply_impulse">
			<return type="void">
			</return>
			<argument index="0" name="position" type="Vector3">
			</argument>
			<argument index="1" name="j" type="Vector3">
			</argument>
			<description>
			</description>
		</method>
		<method name="apply_torque_impulse">
			<return type="void">
			</return>
			<argument index="0" name="j" type="Vector3">
			</argument>
			<description>
			</description>
		</method>
		<method name="get_contact_collider" qualifiers="const">
			<return type="RID">
			</return>
			<argument index="0" name="contact_idx" type="int">
			</argument>
			<description>
			</description>
		</method>
		<method name="get_contact_collider_id" qualifiers="const">
			<return type="int">
			</return>
			<argument index="0" name="contact_idx" type="int">
			</argument>
			<description>
			</description>
		</method>
		<method name="get_contact_collider_object" qualifiers="const">
			<return type="Object">
			</return>
			<argument index="0" name="contact_idx" type="int">
			</argument>
			<description>
			</description>
		</method>
		<method name="get_contact_collider_position" qualifiers="const">
			<return type="Vector3">
			</return>
			<argument index="0" name="contact_idx" type="int">
			</argument>
			<description>
			</description>
		</method>
		<method name="get_contact_collider_shape" qualifiers="const">
			<return type="int">
			</return>
			<argument index="0" name="contact_idx" type="int">
			</argument>
			<description>
			</description>
		</method>
		<method name="get_contact_collider_velocity_at_position" qualifiers="const">
			<return type="Vector3">
			</return>
			<argument index="0" name="contact_idx" type="int">
			</argument>
			<description>
			</description>
		</method>
		<method name="get_contact_count" qualifiers="const">
			<return type="int">
			</return>
			<description>
			</description>
		</method>
		<method name="get_contact_impulse" qualifiers="const">
			<return type="float">
			</return>
			<argument index="0" name="contact_idx" type="int">
			</argument>
			<description>
			</description>
		</method>
		<method name="get_contact_local_normal" qualifiers="const">
			<return type="Vector3">
			</return>
			<argument index="0" name="contact_idx" type="int">
			</argument>
			<description>
			</description>
		</method>
		<method name="get_contact_local_position" qualifiers="const">
			<return type="Vector3">
			</return>
			<argument index="0" name="contact_idx" type="int">
			</argument>
			<description>
			</description>
		</method>
		<method name="get_contact_local_shape" qualifiers="const">
			<return type="int">
			</return>
			<argument index="0" name="contact_idx" type="int">
			</argument>
			<description>
			</description>
		</method>
		<method name="get_space_state">
			<return type="PhysicsDirectSpaceState">
			</return>
			<description>
			</description>
		</method>
		<method name="integrate_forces">
			<return type="void">
			</return>
			<description>
			</description>
		</method>
	</methods>
	<members>
		<member name="angular_velocity" type="Vector3" setter="set_angular_velocity" getter="get_angular_velocity">
		</member>
		<member name="center_of_mass" type="Vector3" setter="" getter="get_center_of_mass">
		</member>
		<member name="inverse_inertia" type="Vector3" setter="" getter="get_inverse_inertia">
		</member>
		<member name="inverse_mass" type="float" setter="" getter="get_inverse_mass">
		</member>
		<member name="linear_velocity" type="Vector3" setter="set_linear_velocity" getter="get_linear_velocity">
		</member>
		<member name="principal_inertia_axes" type="Basis" setter="" getter="get_principal_inertia_axes">
		</member>
		<member name="sleeping" type="bool" setter="set_sleep_state" getter="is_sleeping">
		</member>
		<member name="step" type="float" setter="" getter="get_step">
		</member>
		<member name="total_angular_damp" type="float" setter="" getter="get_total_angular_damp">
		</member>
		<member name="total_gravity" type="Vector3" setter="" getter="get_total_gravity">
		</member>
		<member name="total_linear_damp" type="float" setter="" getter="get_total_linear_damp">
		</member>
		<member name="transform" type="Transform" setter="set_transform" getter="get_transform">
		</member>
	</members>
	<constants>
	</constants>
</class>
