<?xml version="1.0" encoding="UTF-8" ?>
<class name="PinJoint" inherits="Joint" version="3.2">
	<brief_description>
	</brief_description>
	<description>
	</description>
	<tutorials>
	</tutorials>
	<methods>
		<method name="get_param" qualifiers="const">
			<return type="float">
			</return>
			<argument index="0" name="param" type="int" enum="PinJoint.Param">
			</argument>
			<description>
			</description>
		</method>
		<method name="set_param">
			<return type="void">
			</return>
			<argument index="0" name="param" type="int" enum="PinJoint.Param">
			</argument>
			<argument index="1" name="value" type="float">
			</argument>
			<description>
			</description>
		</method>
	</methods>
	<members>
		<member name="params/bias" type="float" setter="set_param" getter="get_param" default="0.3">
		</member>
		<member name="params/damping" type="float" setter="set_param" getter="get_param" default="1.0">
		</member>
		<member name="params/impulse_clamp" type="float" setter="set_param" getter="get_param" default="0.0">
		</member>
	</members>
	<constants>
		<constant name="PARAM_BIAS" value="0" enum="Param">
		</constant>
		<constant name="PARAM_DAMPING" value="1" enum="Param">
		</constant>
		<constant name="PARAM_IMPULSE_CLAMP" value="2" enum="Param">
		</constant>
	</constants>
</class>
