<?xml version="1.0" encoding="UTF-8" ?>
<class name="PoolByteArray" version="3.2">
	<brief_description>
	</brief_description>
	<description>
	</description>
	<tutorials>
	</tutorials>
	<methods>
		<method name="PoolByteArray">
			<return type="PoolByteArray">
			</return>
			<argument index="0" name="from" type="Array">
			</argument>
			<description>
			</description>
		</method>
		<method name="append">
			<argument index="0" name="byte" type="int">
			</argument>
			<description>
			</description>
		</method>
		<method name="append_array">
			<argument index="0" name="array" type="PoolByteArray">
			</argument>
			<description>
			</description>
		</method>
		<method name="compress">
			<return type="PoolByteArray">
			</return>
			<argument index="0" name="compression_mode" type="int" default="0">
			</argument>
			<description>
			</description>
		</method>
		<method name="decompress">
			<return type="PoolByteArray">
			</return>
			<argument index="0" name="buffer_size" type="int">
			</argument>
			<argument index="1" name="compression_mode" type="int" default="0">
			</argument>
			<description>
			</description>
		</method>
		<method name="empty">
			<return type="bool">
			</return>
			<description>
			</description>
		</method>
		<method name="get_string_from_ascii">
			<return type="String">
			</return>
			<description>
			</description>
		</method>
		<method name="get_string_from_utf8">
			<return type="String">
			</return>
			<description>
			</description>
		</method>
		<method name="hex_encode">
			<return type="String">
			</return>
			<description>
			</description>
		</method>
		<method name="insert">
			<return type="int">
			</return>
			<argument index="0" name="idx" type="int">
			</argument>
			<argument index="1" name="byte" type="int">
			</argument>
			<description>
			</description>
		</method>
		<method name="invert">
			<description>
			</description>
		</method>
		<method name="push_back">
			<argument index="0" name="byte" type="int">
			</argument>
			<description>
			</description>
		</method>
		<method name="remove">
			<argument index="0" name="idx" type="int">
			</argument>
			<description>
			</description>
		</method>
		<method name="resize">
			<argument index="0" name="idx" type="int">
			</argument>
			<description>
			</description>
		</method>
		<method name="set">
			<argument index="0" name="idx" type="int">
			</argument>
			<argument index="1" name="byte" type="int">
			</argument>
			<description>
			</description>
		</method>
		<method name="size">
			<return type="int">
			</return>
			<description>
			</description>
		</method>
		<method name="subarray">
			<return type="PoolByteArray">
			</return>
			<argument index="0" name="from" type="int">
			</argument>
			<argument index="1" name="to" type="int">
			</argument>
			<description>
			</description>
		</method>
	</methods>
	<constants>
	</constants>
</class>
