<?xml version="1.0" encoding="UTF-8" ?>
<class name="PoolRealArray" version="3.2">
	<brief_description>
	</brief_description>
	<description>
	</description>
	<tutorials>
	</tutorials>
	<methods>
		<method name="PoolRealArray">
			<return type="PoolRealArray">
			</return>
			<argument index="0" name="from" type="Array">
			</argument>
			<description>
			</description>
		</method>
		<method name="append">
			<argument index="0" name="value" type="float">
			</argument>
			<description>
			</description>
		</method>
		<method name="append_array">
			<argument index="0" name="array" type="PoolRealArray">
			</argument>
			<description>
			</description>
		</method>
		<method name="empty">
			<return type="bool">
			</return>
			<description>
			</description>
		</method>
		<method name="insert">
			<return type="int">
			</return>
			<argument index="0" name="idx" type="int">
			</argument>
			<argument index="1" name="value" type="float">
			</argument>
			<description>
			</description>
		</method>
		<method name="invert">
			<description>
			</description>
		</method>
		<method name="push_back">
			<argument index="0" name="value" type="float">
			</argument>
			<description>
			</description>
		</method>
		<method name="remove">
			<argument index="0" name="idx" type="int">
			</argument>
			<description>
			</description>
		</method>
		<method name="resize">
			<argument index="0" name="idx" type="int">
			</argument>
			<description>
			</description>
		</method>
		<method name="set">
			<argument index="0" name="idx" type="int">
			</argument>
			<argument index="1" name="value" type="float">
			</argument>
			<description>
			</description>
		</method>
		<method name="size">
			<return type="int">
			</return>
			<description>
			</description>
		</method>
	</methods>
	<constants>
	</constants>
</class>
