<?xml version="1.0" encoding="UTF-8" ?>
<class name="Popup" inherits="Control" version="3.2">
	<brief_description>
	</brief_description>
	<description>
	</description>
	<tutorials>
	</tutorials>
	<methods>
		<method name="popup">
			<return type="void">
			</return>
			<argument index="0" name="bounds" type="Rect2" default="Rect2( 0, 0, 0, 0 )">
			</argument>
			<description>
			</description>
		</method>
		<method name="popup_centered">
			<return type="void">
			</return>
			<argument index="0" name="size" type="Vector2" default="Vector2( 0, 0 )">
			</argument>
			<description>
			</description>
		</method>
		<method name="popup_centered_clamped">
			<return type="void">
			</return>
			<argument index="0" name="size" type="Vector2" default="Vector2( 0, 0 )">
			</argument>
			<argument index="1" name="fallback_ratio" type="float" default="0.75">
			</argument>
			<description>
			</description>
		</method>
		<method name="popup_centered_minsize">
			<return type="void">
			</return>
			<argument index="0" name="minsize" type="Vector2" default="Vector2( 0, 0 )">
			</argument>
			<description>
			</description>
		</method>
		<method name="popup_centered_ratio">
			<return type="void">
			</return>
			<argument index="0" name="ratio" type="float" default="0.75">
			</argument>
			<description>
			</description>
		</method>
		<method name="set_as_minsize">
			<return type="void">
			</return>
			<description>
			</description>
		</method>
	</methods>
	<members>
		<member name="popup_exclusive" type="bool" setter="set_exclusive" getter="is_exclusive" default="false">
		</member>
		<member name="visible" type="bool" setter="set_visible" getter="is_visible" override="true" default="false" />
	</members>
	<signals>
		<signal name="about_to_show">
			<description>
			</description>
		</signal>
		<signal name="popup_hide">
			<description>
			</description>
		</signal>
	</signals>
	<constants>
		<constant name="NOTIFICATION_POST_POPUP" value="80">
		</constant>
		<constant name="NOTIFICATION_POPUP_HIDE" value="81">
		</constant>
	</constants>
</class>
