<?xml version="1.0" encoding="UTF-8" ?>
<class name="RandomNumberGenerator" inherits="Reference" version="3.2">
	<brief_description>
	</brief_description>
	<description>
	</description>
	<tutorials>
	</tutorials>
	<methods>
		<method name="randf">
			<return type="float">
			</return>
			<description>
			</description>
		</method>
		<method name="randf_range">
			<return type="float">
			</return>
			<argument index="0" name="from" type="float">
			</argument>
			<argument index="1" name="to" type="float">
			</argument>
			<description>
			</description>
		</method>
		<method name="randfn">
			<return type="float">
			</return>
			<argument index="0" name="mean" type="float" default="0.0">
			</argument>
			<argument index="1" name="deviation" type="float" default="1.0">
			</argument>
			<description>
			</description>
		</method>
		<method name="randi">
			<return type="int">
			</return>
			<description>
			</description>
		</method>
		<method name="randi_range">
			<return type="int">
			</return>
			<argument index="0" name="from" type="int">
			</argument>
			<argument index="1" name="to" type="int">
			</argument>
			<description>
			</description>
		</method>
		<method name="randomize">
			<return type="void">
			</return>
			<description>
			</description>
		</method>
	</methods>
	<members>
		<member name="seed" type="int" setter="set_seed" getter="get_seed" default="-6398989897141750821">
		</member>
	</members>
	<constants>
	</constants>
</class>
