<?xml version="1.0" encoding="UTF-8" ?>
<class name="Range" inherits="Control" version="3.2">
	<brief_description>
	</brief_description>
	<description>
	</description>
	<tutorials>
	</tutorials>
	<methods>
		<method name="share">
			<return type="void">
			</return>
			<argument index="0" name="with" type="Node">
			</argument>
			<description>
			</description>
		</method>
		<method name="unshare">
			<return type="void">
			</return>
			<description>
			</description>
		</method>
	</methods>
	<members>
		<member name="allow_greater" type="bool" setter="set_allow_greater" getter="is_greater_allowed" default="false">
		</member>
		<member name="allow_lesser" type="bool" setter="set_allow_lesser" getter="is_lesser_allowed" default="false">
		</member>
		<member name="exp_edit" type="bool" setter="set_exp_ratio" getter="is_ratio_exp" default="false">
		</member>
		<member name="max_value" type="float" setter="set_max" getter="get_max" default="100.0">
		</member>
		<member name="min_value" type="float" setter="set_min" getter="get_min" default="0.0">
		</member>
		<member name="page" type="float" setter="set_page" getter="get_page" default="0.0">
		</member>
		<member name="ratio" type="float" setter="set_as_ratio" getter="get_as_ratio">
		</member>
		<member name="rounded" type="bool" setter="set_use_rounded_values" getter="is_using_rounded_values" default="false">
		</member>
		<member name="step" type="float" setter="set_step" getter="get_step" default="1.0">
		</member>
		<member name="value" type="float" setter="set_value" getter="get_value" default="0.0">
		</member>
	</members>
	<signals>
		<signal name="changed">
			<description>
			</description>
		</signal>
		<signal name="value_changed">
			<argument index="0" name="value" type="float">
			</argument>
			<description>
			</description>
		</signal>
	</signals>
	<constants>
	</constants>
</class>
