<?xml version="1.0" encoding="UTF-8" ?>
<class name="Reference" inherits="Object" version="3.2">
	<brief_description>
	</brief_description>
	<description>
	</description>
	<tutorials>
	</tutorials>
	<methods>
		<method name="init_ref">
			<return type="bool">
			</return>
			<description>
			</description>
		</method>
		<method name="reference">
			<return type="bool">
			</return>
			<description>
			</description>
		</method>
		<method name="unreference">
			<return type="bool">
			</return>
			<description>
			</description>
		</method>
	</methods>
	<constants>
	</constants>
</class>
