<?xml version="1.0" encoding="UTF-8" ?>
<class name="ReferenceRect" inherits="Control" version="3.2">
	<brief_description>
	</brief_description>
	<description>
	</description>
	<tutorials>
	</tutorials>
	<methods>
	</methods>
	<members>
		<member name="border_color" type="Color" setter="set_border_color" getter="get_border_color" default="Color( 1, 0, 0, 1 )">
		</member>
		<member name="editor_only" type="bool" setter="set_editor_only" getter="get_editor_only" default="true">
		</member>
	</members>
	<constants>
	</constants>
</class>
