<?xml version="1.0" encoding="UTF-8" ?>
<class name="ResourceFormatSaver" inherits="Reference" version="3.2">
	<brief_description>
	</brief_description>
	<description>
	</description>
	<tutorials>
	</tutorials>
	<methods>
		<method name="get_recognized_extensions" qualifiers="virtual">
			<return type="PoolStringArray">
			</return>
			<argument index="0" name="resource" type="Resource">
			</argument>
			<description>
			</description>
		</method>
		<method name="recognize" qualifiers="virtual">
			<return type="bool">
			</return>
			<argument index="0" name="resource" type="Resource">
			</argument>
			<description>
			</description>
		</method>
		<method name="save" qualifiers="virtual">
			<return type="int">
			</return>
			<argument index="0" name="path" type="String">
			</argument>
			<argument index="1" name="resource" type="Resource">
			</argument>
			<argument index="2" name="flags" type="int">
			</argument>
			<description>
			</description>
		</method>
	</methods>
	<constants>
	</constants>
</class>
