<?xml version="1.0" encoding="UTF-8" ?>
<class name="ResourcePreloader" inherits="Node" version="3.2">
	<brief_description>
	</brief_description>
	<description>
	</description>
	<tutorials>
	</tutorials>
	<methods>
		<method name="add_resource">
			<return type="void">
			</return>
			<argument index="0" name="name" type="String">
			</argument>
			<argument index="1" name="resource" type="Resource">
			</argument>
			<description>
			</description>
		</method>
		<method name="get_resource" qualifiers="const">
			<return type="Resource">
			</return>
			<argument index="0" name="name" type="String">
			</argument>
			<description>
			</description>
		</method>
		<method name="get_resource_list" qualifiers="const">
			<return type="PoolStringArray">
			</return>
			<description>
			</description>
		</method>
		<method name="has_resource" qualifiers="const">
			<return type="bool">
			</return>
			<argument index="0" name="name" type="String">
			</argument>
			<description>
			</description>
		</method>
		<method name="remove_resource">
			<return type="void">
			</return>
			<argument index="0" name="name" type="String">
			</argument>
			<description>
			</description>
		</method>
		<method name="rename_resource">
			<return type="void">
			</return>
			<argument index="0" name="name" type="String">
			</argument>
			<argument index="1" name="newname" type="String">
			</argument>
			<description>
			</description>
		</method>
	</methods>
	<constants>
	</constants>
</class>
