<?xml version="1.0" encoding="UTF-8" ?>
<class name="ResourceFormatLoader" inherits="Reference" version="3.2">
	<brief_description>
	</brief_description>
	<description>
	</description>
	<tutorials>
	</tutorials>
	<methods>
		<method name="get_dependencies" qualifiers="virtual">
			<return type="void">
			</return>
			<argument index="0" name="path" type="String">
			</argument>
			<argument index="1" name="add_types" type="String">
			</argument>
			<description>
			</description>
		</method>
		<method name="get_recognized_extensions" qualifiers="virtual">
			<return type="PoolStringArray">
			</return>
			<description>
			</description>
		</method>
		<method name="get_resource_type" qualifiers="virtual">
			<return type="String">
			</return>
			<argument index="0" name="path" type="String">
			</argument>
			<description>
			</description>
		</method>
		<method name="handles_type" qualifiers="virtual">
			<return type="bool">
			</return>
			<argument index="0" name="typename" type="String">
			</argument>
			<description>
			</description>
		</method>
		<method name="load" qualifiers="virtual">
			<return type="Variant">
			</return>
			<argument index="0" name="path" type="String">
			</argument>
			<argument index="1" name="original_path" type="String">
			</argument>
			<description>
			</description>
		</method>
		<method name="rename_dependencies" qualifiers="virtual">
			<return type="int">
			</return>
			<argument index="0" name="path" type="String">
			</argument>
			<argument index="1" name="renames" type="String">
			</argument>
			<description>
			</description>
		</method>
	</methods>
	<constants>
	</constants>
</class>
