<?xml version="1.0" encoding="UTF-8" ?>
<class name="RichTextLabel" inherits="Control" version="3.2">
	<brief_description>
	</brief_description>
	<description>
	</description>
	<tutorials>
	</tutorials>
	<methods>
		<method name="add_image">
			<return type="void">
			</return>
			<argument index="0" name="image" type="Texture">
			</argument>
			<argument index="1" name="width" type="int" default="0">
			</argument>
			<argument index="2" name="height" type="int" default="0">
			</argument>
			<description>
			</description>
		</method>
		<method name="add_text">
			<return type="void">
			</return>
			<argument index="0" name="text" type="String">
			</argument>
			<description>
			</description>
		</method>
		<method name="append_bbcode">
			<return type="int" enum="Error">
			</return>
			<argument index="0" name="bbcode" type="String">
			</argument>
			<description>
			</description>
		</method>
		<method name="clear">
			<return type="void">
			</return>
			<description>
			</description>
		</method>
		<method name="get_content_height">
			<return type="int">
			</return>
			<description>
			</description>
		</method>
		<method name="get_line_count" qualifiers="const">
			<return type="int">
			</return>
			<description>
			</description>
		</method>
		<method name="get_total_character_count" qualifiers="const">
			<return type="int">
			</return>
			<description>
			</description>
		</method>
		<method name="get_v_scroll">
			<return type="VScrollBar">
			</return>
			<description>
			</description>
		</method>
		<method name="get_visible_line_count" qualifiers="const">
			<return type="int">
			</return>
			<description>
			</description>
		</method>
		<method name="install_effect">
			<return type="void">
			</return>
			<argument index="0" name="effect" type="Variant">
			</argument>
			<description>
			</description>
		</method>
		<method name="newline">
			<return type="void">
			</return>
			<description>
			</description>
		</method>
		<method name="parse_bbcode">
			<return type="int" enum="Error">
			</return>
			<argument index="0" name="bbcode" type="String">
			</argument>
			<description>
			</description>
		</method>
		<method name="parse_expressions_for_values">
			<return type="Dictionary">
			</return>
			<argument index="0" name="expressions" type="PoolStringArray">
			</argument>
			<description>
			</description>
		</method>
		<method name="pop">
			<return type="void">
			</return>
			<description>
			</description>
		</method>
		<method name="push_align">
			<return type="void">
			</return>
			<argument index="0" name="align" type="int" enum="RichTextLabel.Align">
			</argument>
			<description>
			</description>
		</method>
		<method name="push_bold">
			<return type="void">
			</return>
			<description>
			</description>
		</method>
		<method name="push_bold_italics">
			<return type="void">
			</return>
			<description>
			</description>
		</method>
		<method name="push_cell">
			<return type="void">
			</return>
			<description>
			</description>
		</method>
		<method name="push_color">
			<return type="void">
			</return>
			<argument index="0" name="color" type="Color">
			</argument>
			<description>
			</description>
		</method>
		<method name="push_font">
			<return type="void">
			</return>
			<argument index="0" name="font" type="Font">
			</argument>
			<description>
			</description>
		</method>
		<method name="push_indent">
			<return type="void">
			</return>
			<argument index="0" name="level" type="int">
			</argument>
			<description>
			</description>
		</method>
		<method name="push_italics">
			<return type="void">
			</return>
			<description>
			</description>
		</method>
		<method name="push_list">
			<return type="void">
			</return>
			<argument index="0" name="type" type="int" enum="RichTextLabel.ListType">
			</argument>
			<description>
			</description>
		</method>
		<method name="push_meta">
			<return type="void">
			</return>
			<argument index="0" name="data" type="Variant">
			</argument>
			<description>
			</description>
		</method>
		<method name="push_mono">
			<return type="void">
			</return>
			<description>
			</description>
		</method>
		<method name="push_normal">
			<return type="void">
			</return>
			<description>
			</description>
		</method>
		<method name="push_strikethrough">
			<return type="void">
			</return>
			<description>
			</description>
		</method>
		<method name="push_table">
			<return type="void">
			</return>
			<argument index="0" name="columns" type="int">
			</argument>
			<description>
			</description>
		</method>
		<method name="push_underline">
			<return type="void">
			</return>
			<description>
			</description>
		</method>
		<method name="remove_line">
			<return type="bool">
			</return>
			<argument index="0" name="line" type="int">
			</argument>
			<description>
			</description>
		</method>
		<method name="scroll_to_line">
			<return type="void">
			</return>
			<argument index="0" name="line" type="int">
			</argument>
			<description>
			</description>
		</method>
		<method name="set_table_column_expand">
			<return type="void">
			</return>
			<argument index="0" name="column" type="int">
			</argument>
			<argument index="1" name="expand" type="bool">
			</argument>
			<argument index="2" name="ratio" type="int">
			</argument>
			<description>
			</description>
		</method>
	</methods>
	<members>
		<member name="bbcode_enabled" type="bool" setter="set_use_bbcode" getter="is_using_bbcode" default="false">
		</member>
		<member name="bbcode_text" type="String" setter="set_bbcode" getter="get_bbcode" default="&quot;&quot;">
		</member>
		<member name="custom_effects" type="Array" setter="set_effects" getter="get_effects" default="[  ]">
		</member>
		<member name="meta_underlined" type="bool" setter="set_meta_underline" getter="is_meta_underlined" default="true">
		</member>
		<member name="override_selected_font_color" type="bool" setter="set_override_selected_font_color" getter="is_overriding_selected_font_color" default="false">
		</member>
		<member name="percent_visible" type="float" setter="set_percent_visible" getter="get_percent_visible" default="1.0">
		</member>
		<member name="rect_clip_content" type="bool" setter="set_clip_contents" getter="is_clipping_contents" override="true" default="true" />
		<member name="scroll_active" type="bool" setter="set_scroll_active" getter="is_scroll_active" default="true">
		</member>
		<member name="scroll_following" type="bool" setter="set_scroll_follow" getter="is_scroll_following" default="false">
		</member>
		<member name="selection_enabled" type="bool" setter="set_selection_enabled" getter="is_selection_enabled" default="false">
		</member>
		<member name="tab_size" type="int" setter="set_tab_size" getter="get_tab_size" default="4">
		</member>
		<member name="text" type="String" setter="set_text" getter="get_text" default="&quot;&quot;">
		</member>
		<member name="visible_characters" type="int" setter="set_visible_characters" getter="get_visible_characters" default="-1">
		</member>
	</members>
	<signals>
		<signal name="meta_clicked">
			<argument index="0" name="meta" type="Variant">
			</argument>
			<description>
			</description>
		</signal>
		<signal name="meta_hover_ended">
			<argument index="0" name="meta" type="Variant">
			</argument>
			<description>
			</description>
		</signal>
		<signal name="meta_hover_started">
			<argument index="0" name="meta" type="Variant">
			</argument>
			<description>
			</description>
		</signal>
	</signals>
	<constants>
		<constant name="ALIGN_LEFT" value="0" enum="Align">
		</constant>
		<constant name="ALIGN_CENTER" value="1" enum="Align">
		</constant>
		<constant name="ALIGN_RIGHT" value="2" enum="Align">
		</constant>
		<constant name="ALIGN_FILL" value="3" enum="Align">
		</constant>
		<constant name="LIST_NUMBERS" value="0" enum="ListType">
		</constant>
		<constant name="LIST_LETTERS" value="1" enum="ListType">
		</constant>
		<constant name="LIST_DOTS" value="2" enum="ListType">
		</constant>
		<constant name="ITEM_FRAME" value="0" enum="ItemType">
		</constant>
		<constant name="ITEM_TEXT" value="1" enum="ItemType">
		</constant>
		<constant name="ITEM_IMAGE" value="2" enum="ItemType">
		</constant>
		<constant name="ITEM_NEWLINE" value="3" enum="ItemType">
		</constant>
		<constant name="ITEM_FONT" value="4" enum="ItemType">
		</constant>
		<constant name="ITEM_COLOR" value="5" enum="ItemType">
		</constant>
		<constant name="ITEM_UNDERLINE" value="6" enum="ItemType">
		</constant>
		<constant name="ITEM_STRIKETHROUGH" value="7" enum="ItemType">
		</constant>
		<constant name="ITEM_ALIGN" value="8" enum="ItemType">
		</constant>
		<constant name="ITEM_INDENT" value="9" enum="ItemType">
		</constant>
		<constant name="ITEM_LIST" value="10" enum="ItemType">
		</constant>
		<constant name="ITEM_TABLE" value="11" enum="ItemType">
		</constant>
		<constant name="ITEM_FADE" value="12" enum="ItemType">
		</constant>
		<constant name="ITEM_SHAKE" value="13" enum="ItemType">
		</constant>
		<constant name="ITEM_WAVE" value="14" enum="ItemType">
		</constant>
		<constant name="ITEM_TORNADO" value="15" enum="ItemType">
		</constant>
		<constant name="ITEM_RAINBOW" value="16" enum="ItemType">
		</constant>
		<constant name="ITEM_CUSTOMFX" value="18" enum="ItemType">
		</constant>
		<constant name="ITEM_META" value="17" enum="ItemType">
		</constant>
	</constants>
	<theme_items>
		<theme_item name="bold_font" type="Font">
		</theme_item>
		<theme_item name="bold_italics_font" type="Font">
		</theme_item>
		<theme_item name="default_color" type="Color" default="Color( 1, 1, 1, 1 )">
		</theme_item>
		<theme_item name="focus" type="StyleBox">
		</theme_item>
		<theme_item name="font_color_selected" type="Color" default="Color( 0.49, 0.49, 0.49, 1 )">
		</theme_item>
		<theme_item name="font_color_shadow" type="Color" default="Color( 0, 0, 0, 0 )">
		</theme_item>
		<theme_item name="italics_font" type="Font">
		</theme_item>
		<theme_item name="line_separation" type="int" default="1">
		</theme_item>
		<theme_item name="mono_font" type="Font">
		</theme_item>
		<theme_item name="normal" type="StyleBox">
		</theme_item>
		<theme_item name="normal_font" type="Font">
		</theme_item>
		<theme_item name="selection_color" type="Color" default="Color( 0.1, 0.1, 1, 0.8 )">
		</theme_item>
		<theme_item name="shadow_as_outline" type="int" default="0">
		</theme_item>
		<theme_item name="shadow_offset_x" type="int" default="1">
		</theme_item>
		<theme_item name="shadow_offset_y" type="int" default="1">
		</theme_item>
		<theme_item name="table_hseparation" type="int" default="3">
		</theme_item>
		<theme_item name="table_vseparation" type="int" default="3">
		</theme_item>
	</theme_items>
</class>
