<?xml version="1.0" encoding="UTF-8" ?>
<class name="Script" inherits="Resource" version="3.2">
	<brief_description>
	</brief_description>
	<description>
	</description>
	<tutorials>
	</tutorials>
	<methods>
		<method name="can_instance" qualifiers="const">
			<return type="bool">
			</return>
			<description>
			</description>
		</method>
		<method name="get_base_script" qualifiers="const">
			<return type="Script">
			</return>
			<description>
			</description>
		</method>
		<method name="get_instance_base_type" qualifiers="const">
			<return type="String">
			</return>
			<description>
			</description>
		</method>
		<method name="get_property_default_value">
			<return type="Variant">
			</return>
			<argument index="0" name="property" type="String">
			</argument>
			<description>
			</description>
		</method>
		<method name="get_script_constant_map">
			<return type="Dictionary">
			</return>
			<description>
			</description>
		</method>
		<method name="get_script_method_list">
			<return type="Array">
			</return>
			<description>
			</description>
		</method>
		<method name="get_script_property_list">
			<return type="Array">
			</return>
			<description>
			</description>
		</method>
		<method name="get_script_signal_list">
			<return type="Array">
			</return>
			<description>
			</description>
		</method>
		<method name="has_script_signal" qualifiers="const">
			<return type="bool">
			</return>
			<argument index="0" name="signal_name" type="String">
			</argument>
			<description>
			</description>
		</method>
		<method name="has_source_code" qualifiers="const">
			<return type="bool">
			</return>
			<description>
			</description>
		</method>
		<method name="instance_has" qualifiers="const">
			<return type="bool">
			</return>
			<argument index="0" name="base_object" type="Object">
			</argument>
			<description>
			</description>
		</method>
		<method name="is_tool" qualifiers="const">
			<return type="bool">
			</return>
			<description>
			</description>
		</method>
		<method name="reload">
			<return type="int" enum="Error">
			</return>
			<argument index="0" name="keep_state" type="bool" default="false">
			</argument>
			<description>
			</description>
		</method>
	</methods>
	<members>
		<member name="source_code" type="String" setter="set_source_code" getter="get_source_code">
		</member>
	</members>
	<constants>
	</constants>
</class>
