<?xml version="1.0" encoding="UTF-8" ?>
<class name="ShaderMaterial" inherits="Material" version="3.2">
	<brief_description>
	</brief_description>
	<description>
	</description>
	<tutorials>
	</tutorials>
	<methods>
		<method name="get_shader_param" qualifiers="const">
			<return type="Variant">
			</return>
			<argument index="0" name="param" type="String">
			</argument>
			<description>
			</description>
		</method>
		<method name="property_can_revert">
			<return type="bool">
			</return>
			<argument index="0" name="name" type="String">
			</argument>
			<description>
			</description>
		</method>
		<method name="property_get_revert">
			<return type="Variant">
			</return>
			<argument index="0" name="name" type="String">
			</argument>
			<description>
			</description>
		</method>
		<method name="set_shader_param">
			<return type="void">
			</return>
			<argument index="0" name="param" type="String">
			</argument>
			<argument index="1" name="value" type="Variant">
			</argument>
			<description>
			</description>
		</method>
	</methods>
	<members>
		<member name="shader" type="Shader" setter="set_shader" getter="get_shader">
		</member>
	</members>
	<constants>
	</constants>
</class>
