<?xml version="1.0" encoding="UTF-8" ?>
<class name="Skeleton" inherits="Spatial" version="3.2">
	<brief_description>
	</brief_description>
	<description>
	</description>
	<tutorials>
	</tutorials>
	<methods>
		<method name="add_bone">
			<return type="void">
			</return>
			<argument index="0" name="name" type="String">
			</argument>
			<description>
			</description>
		</method>
		<method name="bind_child_node_to_bone">
			<return type="void">
			</return>
			<argument index="0" name="bone_idx" type="int">
			</argument>
			<argument index="1" name="node" type="Node">
			</argument>
			<description>
			</description>
		</method>
		<method name="clear_bones">
			<return type="void">
			</return>
			<description>
			</description>
		</method>
		<method name="find_bone" qualifiers="const">
			<return type="int">
			</return>
			<argument index="0" name="name" type="String">
			</argument>
			<description>
			</description>
		</method>
		<method name="get_bone_count" qualifiers="const">
			<return type="int">
			</return>
			<description>
			</description>
		</method>
		<method name="get_bone_custom_pose" qualifiers="const">
			<return type="Transform">
			</return>
			<argument index="0" name="bone_idx" type="int">
			</argument>
			<description>
			</description>
		</method>
		<method name="get_bone_global_pose" qualifiers="const">
			<return type="Transform">
			</return>
			<argument index="0" name="bone_idx" type="int">
			</argument>
			<description>
			</description>
		</method>
		<method name="get_bone_name" qualifiers="const">
			<return type="String">
			</return>
			<argument index="0" name="bone_idx" type="int">
			</argument>
			<description>
			</description>
		</method>
		<method name="get_bone_parent" qualifiers="const">
			<return type="int">
			</return>
			<argument index="0" name="bone_idx" type="int">
			</argument>
			<description>
			</description>
		</method>
		<method name="get_bone_pose" qualifiers="const">
			<return type="Transform">
			</return>
			<argument index="0" name="bone_idx" type="int">
			</argument>
			<description>
			</description>
		</method>
		<method name="get_bone_rest" qualifiers="const">
			<return type="Transform">
			</return>
			<argument index="0" name="bone_idx" type="int">
			</argument>
			<description>
			</description>
		</method>
		<method name="get_bound_child_nodes_to_bone" qualifiers="const">
			<return type="Array">
			</return>
			<argument index="0" name="bone_idx" type="int">
			</argument>
			<description>
			</description>
		</method>
		<method name="is_bone_rest_disabled" qualifiers="const">
			<return type="bool">
			</return>
			<argument index="0" name="bone_idx" type="int">
			</argument>
			<description>
			</description>
		</method>
		<method name="localize_rests">
			<return type="void">
			</return>
			<description>
			</description>
		</method>
		<method name="physical_bones_add_collision_exception">
			<return type="void">
			</return>
			<argument index="0" name="exception" type="RID">
			</argument>
			<description>
			</description>
		</method>
		<method name="physical_bones_remove_collision_exception">
			<return type="void">
			</return>
			<argument index="0" name="exception" type="RID">
			</argument>
			<description>
			</description>
		</method>
		<method name="physical_bones_start_simulation">
			<return type="void">
			</return>
			<argument index="0" name="bones" type="Array" default="[  ]">
			</argument>
			<description>
			</description>
		</method>
		<method name="physical_bones_stop_simulation">
			<return type="void">
			</return>
			<description>
			</description>
		</method>
		<method name="register_skin">
			<return type="SkinReference">
			</return>
			<argument index="0" name="skin" type="Skin">
			</argument>
			<description>
			</description>
		</method>
		<method name="set_bone_custom_pose">
			<return type="void">
			</return>
			<argument index="0" name="bone_idx" type="int">
			</argument>
			<argument index="1" name="custom_pose" type="Transform">
			</argument>
			<description>
			</description>
		</method>
		<method name="set_bone_disable_rest">
			<return type="void">
			</return>
			<argument index="0" name="bone_idx" type="int">
			</argument>
			<argument index="1" name="disable" type="bool">
			</argument>
			<description>
			</description>
		</method>
		<method name="set_bone_global_pose_override">
			<return type="void">
			</return>
			<argument index="0" name="bone_idx" type="int">
			</argument>
			<argument index="1" name="pose" type="Transform">
			</argument>
			<argument index="2" name="amount" type="float">
			</argument>
			<argument index="3" name="persistent" type="bool" default="false">
			</argument>
			<description>
			</description>
		</method>
		<method name="set_bone_parent">
			<return type="void">
			</return>
			<argument index="0" name="bone_idx" type="int">
			</argument>
			<argument index="1" name="parent_idx" type="int">
			</argument>
			<description>
			</description>
		</method>
		<method name="set_bone_pose">
			<return type="void">
			</return>
			<argument index="0" name="bone_idx" type="int">
			</argument>
			<argument index="1" name="pose" type="Transform">
			</argument>
			<description>
			</description>
		</method>
		<method name="set_bone_rest">
			<return type="void">
			</return>
			<argument index="0" name="bone_idx" type="int">
			</argument>
			<argument index="1" name="rest" type="Transform">
			</argument>
			<description>
			</description>
		</method>
		<method name="unbind_child_node_from_bone">
			<return type="void">
			</return>
			<argument index="0" name="bone_idx" type="int">
			</argument>
			<argument index="1" name="node" type="Node">
			</argument>
			<description>
			</description>
		</method>
		<method name="unparent_bone_and_rest">
			<return type="void">
			</return>
			<argument index="0" name="bone_idx" type="int">
			</argument>
			<description>
			</description>
		</method>
	</methods>
	<constants>
		<constant name="NOTIFICATION_UPDATE_SKELETON" value="50">
		</constant>
	</constants>
</class>
