<?xml version="1.0" encoding="UTF-8" ?>
<class name="SkinReference" inherits="Reference" version="3.2">
	<brief_description>
	</brief_description>
	<description>
	</description>
	<tutorials>
	</tutorials>
	<methods>
		<method name="get_skeleton" qualifiers="const">
			<return type="RID">
			</return>
			<description>
			</description>
		</method>
		<method name="get_skin" qualifiers="const">
			<return type="Skin">
			</return>
			<description>
			</description>
		</method>
	</methods>
	<constants>
	</constants>
</class>
