<?xml version="1.0" encoding="UTF-8" ?>
<class name="SplitContainer" inherits="Container" version="3.2">
	<brief_description>
	</brief_description>
	<description>
	</description>
	<tutorials>
	</tutorials>
	<methods>
		<method name="clamp_split_offset">
			<return type="void">
			</return>
			<description>
			</description>
		</method>
	</methods>
	<members>
		<member name="collapsed" type="bool" setter="set_collapsed" getter="is_collapsed" default="false">
		</member>
		<member name="dragger_visibility" type="int" setter="set_dragger_visibility" getter="get_dragger_visibility" enum="SplitContainer.DraggerVisibility" default="0">
		</member>
		<member name="split_offset" type="int" setter="set_split_offset" getter="get_split_offset" default="0">
		</member>
	</members>
	<signals>
		<signal name="dragged">
			<argument index="0" name="offset" type="int">
			</argument>
			<description>
			</description>
		</signal>
	</signals>
	<constants>
		<constant name="DRAGGER_VISIBLE" value="0" enum="DraggerVisibility">
		</constant>
		<constant name="DRAGGER_HIDDEN" value="1" enum="DraggerVisibility">
		</constant>
		<constant name="DRAGGER_HIDDEN_COLLAPSED" value="2" enum="DraggerVisibility">
		</constant>
	</constants>
</class>
