<?xml version="1.0" encoding="UTF-8" ?>
<class name="Sprite3D" inherits="SpriteBase3D" version="3.2">
	<brief_description>
	</brief_description>
	<description>
	</description>
	<tutorials>
	</tutorials>
	<methods>
	</methods>
	<members>
		<member name="frame" type="int" setter="set_frame" getter="get_frame" default="0">
		</member>
		<member name="frame_coords" type="Vector2" setter="set_frame_coords" getter="get_frame_coords" default="Vector2( 0, 0 )">
		</member>
		<member name="hframes" type="int" setter="set_hframes" getter="get_hframes" default="1">
		</member>
		<member name="region_enabled" type="bool" setter="set_region" getter="is_region" default="false">
		</member>
		<member name="region_rect" type="Rect2" setter="set_region_rect" getter="get_region_rect" default="Rect2( 0, 0, 0, 0 )">
		</member>
		<member name="texture" type="Texture" setter="set_texture" getter="get_texture">
		</member>
		<member name="vframes" type="int" setter="set_vframes" getter="get_vframes" default="1">
		</member>
	</members>
	<signals>
		<signal name="frame_changed">
			<description>
			</description>
		</signal>
	</signals>
	<constants>
	</constants>
</class>
