<?xml version="1.0" encoding="UTF-8" ?>
<class name="Sprite" inherits="Node2D" version="3.2">
	<brief_description>
	</brief_description>
	<description>
	</description>
	<tutorials>
	</tutorials>
	<methods>
		<method name="get_rect" qualifiers="const">
			<return type="Rect2">
			</return>
			<description>
			</description>
		</method>
		<method name="is_pixel_opaque" qualifiers="const">
			<return type="bool">
			</return>
			<argument index="0" name="pos" type="Vector2">
			</argument>
			<description>
			</description>
		</method>
	</methods>
	<members>
		<member name="centered" type="bool" setter="set_centered" getter="is_centered" default="true">
		</member>
		<member name="flip_h" type="bool" setter="set_flip_h" getter="is_flipped_h" default="false">
		</member>
		<member name="flip_v" type="bool" setter="set_flip_v" getter="is_flipped_v" default="false">
		</member>
		<member name="frame" type="int" setter="set_frame" getter="get_frame" default="0">
		</member>
		<member name="frame_coords" type="Vector2" setter="set_frame_coords" getter="get_frame_coords" default="Vector2( 0, 0 )">
		</member>
		<member name="hframes" type="int" setter="set_hframes" getter="get_hframes" default="1">
		</member>
		<member name="normal_map" type="Texture" setter="set_normal_map" getter="get_normal_map">
		</member>
		<member name="offset" type="Vector2" setter="set_offset" getter="get_offset" default="Vector2( 0, 0 )">
		</member>
		<member name="region_enabled" type="bool" setter="set_region" getter="is_region" default="false">
		</member>
		<member name="region_filter_clip" type="bool" setter="set_region_filter_clip" getter="is_region_filter_clip_enabled" default="false">
		</member>
		<member name="region_rect" type="Rect2" setter="set_region_rect" getter="get_region_rect" default="Rect2( 0, 0, 0, 0 )">
		</member>
		<member name="texture" type="Texture" setter="set_texture" getter="get_texture">
		</member>
		<member name="vframes" type="int" setter="set_vframes" getter="get_vframes" default="1">
		</member>
	</members>
	<signals>
		<signal name="frame_changed">
			<description>
			</description>
		</signal>
		<signal name="texture_changed">
			<description>
			</description>
		</signal>
	</signals>
	<constants>
	</constants>
</class>
