<?xml version="1.0" encoding="UTF-8" ?>
<class name="StreamPeerTCP" inherits="StreamPeer" version="3.2">
	<brief_description>
	</brief_description>
	<description>
	</description>
	<tutorials>
	</tutorials>
	<methods>
		<method name="connect_to_host">
			<return type="int" enum="Error">
			</return>
			<argument index="0" name="host" type="String">
			</argument>
			<argument index="1" name="port" type="int">
			</argument>
			<description>
			</description>
		</method>
		<method name="disconnect_from_host">
			<return type="void">
			</return>
			<description>
			</description>
		</method>
		<method name="get_connected_host" qualifiers="const">
			<return type="String">
			</return>
			<description>
			</description>
		</method>
		<method name="get_connected_port" qualifiers="const">
			<return type="int">
			</return>
			<description>
			</description>
		</method>
		<method name="get_status">
			<return type="int" enum="StreamPeerTCP.Status">
			</return>
			<description>
			</description>
		</method>
		<method name="is_connected_to_host" qualifiers="const">
			<return type="bool">
			</return>
			<description>
			</description>
		</method>
		<method name="set_no_delay">
			<return type="void">
			</return>
			<argument index="0" name="enabled" type="bool">
			</argument>
			<description>
			</description>
		</method>
	</methods>
	<constants>
		<constant name="STATUS_NONE" value="0" enum="Status">
		</constant>
		<constant name="STATUS_CONNECTING" value="1" enum="Status">
		</constant>
		<constant name="STATUS_CONNECTED" value="2" enum="Status">
		</constant>
		<constant name="STATUS_ERROR" value="3" enum="Status">
		</constant>
	</constants>
</class>
