<?xml version="1.0" encoding="UTF-8" ?>
<class name="StreamTexture" inherits="Texture" version="3.2">
	<brief_description>
	</brief_description>
	<description>
	</description>
	<tutorials>
	</tutorials>
	<methods>
		<method name="load">
			<return type="int" enum="Error">
			</return>
			<argument index="0" name="path" type="String">
			</argument>
			<description>
			</description>
		</method>
	</methods>
	<members>
		<member name="flags" type="int" setter="set_flags" getter="get_flags" override="true" default="0" />
		<member name="load_path" type="String" setter="load" getter="get_load_path" default="&quot;&quot;">
		</member>
	</members>
	<constants>
	</constants>
</class>
