<?xml version="1.0" encoding="UTF-8" ?>
<class name="String" version="3.2">
	<brief_description>
	</brief_description>
	<description>
	</description>
	<tutorials>
	</tutorials>
	<methods>
		<method name="String">
			<return type="String">
			</return>
			<argument index="0" name="from" type="bool">
			</argument>
			<description>
			</description>
		</method>
		<method name="String">
			<return type="String">
			</return>
			<argument index="0" name="from" type="int">
			</argument>
			<description>
			</description>
		</method>
		<method name="String">
			<return type="String">
			</return>
			<argument index="0" name="from" type="float">
			</argument>
			<description>
			</description>
		</method>
		<method name="String">
			<return type="String">
			</return>
			<argument index="0" name="from" type="Vector2">
			</argument>
			<description>
			</description>
		</method>
		<method name="String">
			<return type="String">
			</return>
			<argument index="0" name="from" type="Rect2">
			</argument>
			<description>
			</description>
		</method>
		<method name="String">
			<return type="String">
			</return>
			<argument index="0" name="from" type="Vector3">
			</argument>
			<description>
			</description>
		</method>
		<method name="String">
			<return type="String">
			</return>
			<argument index="0" name="from" type="Transform2D">
			</argument>
			<description>
			</description>
		</method>
		<method name="String">
			<return type="String">
			</return>
			<argument index="0" name="from" type="Plane">
			</argument>
			<description>
			</description>
		</method>
		<method name="String">
			<return type="String">
			</return>
			<argument index="0" name="from" type="Quat">
			</argument>
			<description>
			</description>
		</method>
		<method name="String">
			<return type="String">
			</return>
			<argument index="0" name="from" type="AABB">
			</argument>
			<description>
			</description>
		</method>
		<method name="String">
			<return type="String">
			</return>
			<argument index="0" name="from" type="Basis">
			</argument>
			<description>
			</description>
		</method>
		<method name="String">
			<return type="String">
			</return>
			<argument index="0" name="from" type="Transform">
			</argument>
			<description>
			</description>
		</method>
		<method name="String">
			<return type="String">
			</return>
			<argument index="0" name="from" type="Color">
			</argument>
			<description>
			</description>
		</method>
		<method name="String">
			<return type="String">
			</return>
			<argument index="0" name="from" type="NodePath">
			</argument>
			<description>
			</description>
		</method>
		<method name="String">
			<return type="String">
			</return>
			<argument index="0" name="from" type="RID">
			</argument>
			<description>
			</description>
		</method>
		<method name="String">
			<return type="String">
			</return>
			<argument index="0" name="from" type="Dictionary">
			</argument>
			<description>
			</description>
		</method>
		<method name="String">
			<return type="String">
			</return>
			<argument index="0" name="from" type="Array">
			</argument>
			<description>
			</description>
		</method>
		<method name="String">
			<return type="String">
			</return>
			<argument index="0" name="from" type="PoolByteArray">
			</argument>
			<description>
			</description>
		</method>
		<method name="String">
			<return type="String">
			</return>
			<argument index="0" name="from" type="PoolIntArray">
			</argument>
			<description>
			</description>
		</method>
		<method name="String">
			<return type="String">
			</return>
			<argument index="0" name="from" type="PoolRealArray">
			</argument>
			<description>
			</description>
		</method>
		<method name="String">
			<return type="String">
			</return>
			<argument index="0" name="from" type="PoolStringArray">
			</argument>
			<description>
			</description>
		</method>
		<method name="String">
			<return type="String">
			</return>
			<argument index="0" name="from" type="PoolVector2Array">
			</argument>
			<description>
			</description>
		</method>
		<method name="String">
			<return type="String">
			</return>
			<argument index="0" name="from" type="PoolVector3Array">
			</argument>
			<description>
			</description>
		</method>
		<method name="String">
			<return type="String">
			</return>
			<argument index="0" name="from" type="PoolColorArray">
			</argument>
			<description>
			</description>
		</method>
		<method name="begins_with">
			<return type="bool">
			</return>
			<argument index="0" name="text" type="String">
			</argument>
			<description>
			</description>
		</method>
		<method name="bigrams">
			<return type="PoolStringArray">
			</return>
			<description>
			</description>
		</method>
		<method name="c_escape">
			<return type="String">
			</return>
			<description>
			</description>
		</method>
		<method name="c_unescape">
			<return type="String">
			</return>
			<description>
			</description>
		</method>
		<method name="capitalize">
			<return type="String">
			</return>
			<description>
			</description>
		</method>
		<method name="casecmp_to">
			<return type="int">
			</return>
			<argument index="0" name="to" type="String">
			</argument>
			<description>
			</description>
		</method>
		<method name="count">
			<return type="int">
			</return>
			<argument index="0" name="what" type="String">
			</argument>
			<argument index="1" name="from" type="int" default="0">
			</argument>
			<argument index="2" name="to" type="int" default="0">
			</argument>
			<description>
			</description>
		</method>
		<method name="countn">
			<return type="int">
			</return>
			<argument index="0" name="what" type="String">
			</argument>
			<argument index="1" name="from" type="int" default="0">
			</argument>
			<argument index="2" name="to" type="int" default="0">
			</argument>
			<description>
			</description>
		</method>
		<method name="dedent">
			<return type="String">
			</return>
			<description>
			</description>
		</method>
		<method name="empty">
			<return type="bool">
			</return>
			<description>
			</description>
		</method>
		<method name="ends_with">
			<return type="bool">
			</return>
			<argument index="0" name="text" type="String">
			</argument>
			<description>
			</description>
		</method>
		<method name="erase">
			<argument index="0" name="position" type="int">
			</argument>
			<argument index="1" name="chars" type="int">
			</argument>
			<description>
			</description>
		</method>
		<method name="find">
			<return type="int">
			</return>
			<argument index="0" name="what" type="String">
			</argument>
			<argument index="1" name="from" type="int" default="0">
			</argument>
			<description>
			</description>
		</method>
		<method name="find_last">
			<return type="int">
			</return>
			<argument index="0" name="what" type="String">
			</argument>
			<description>
			</description>
		</method>
		<method name="findn">
			<return type="int">
			</return>
			<argument index="0" name="what" type="String">
			</argument>
			<argument index="1" name="from" type="int" default="0">
			</argument>
			<description>
			</description>
		</method>
		<method name="format">
			<return type="String">
			</return>
			<argument index="0" name="values" type="Variant">
			</argument>
			<argument index="1" name="placeholder" type="String" default="&quot;{_}&quot;">
			</argument>
			<description>
			</description>
		</method>
		<method name="get_base_dir">
			<return type="String">
			</return>
			<description>
			</description>
		</method>
		<method name="get_basename">
			<return type="String">
			</return>
			<description>
			</description>
		</method>
		<method name="get_extension">
			<return type="String">
			</return>
			<description>
			</description>
		</method>
		<method name="get_file">
			<return type="String">
			</return>
			<description>
			</description>
		</method>
		<method name="hash">
			<return type="int">
			</return>
			<description>
			</description>
		</method>
		<method name="hex_to_int">
			<return type="int">
			</return>
			<description>
			</description>
		</method>
		<method name="http_escape">
			<return type="String">
			</return>
			<description>
			</description>
		</method>
		<method name="http_unescape">
			<return type="String">
			</return>
			<description>
			</description>
		</method>
		<method name="humanize_size">
			<return type="String">
			</return>
			<argument index="0" name="size" type="int">
			</argument>
			<description>
			</description>
		</method>
		<method name="insert">
			<return type="String">
			</return>
			<argument index="0" name="position" type="int">
			</argument>
			<argument index="1" name="what" type="String">
			</argument>
			<description>
			</description>
		</method>
		<method name="is_abs_path">
			<return type="bool">
			</return>
			<description>
			</description>
		</method>
		<method name="is_rel_path">
			<return type="bool">
			</return>
			<description>
			</description>
		</method>
		<method name="is_subsequence_of">
			<return type="bool">
			</return>
			<argument index="0" name="text" type="String">
			</argument>
			<description>
			</description>
		</method>
		<method name="is_subsequence_ofi">
			<return type="bool">
			</return>
			<argument index="0" name="text" type="String">
			</argument>
			<description>
			</description>
		</method>
		<method name="is_valid_filename">
			<return type="bool">
			</return>
			<description>
			</description>
		</method>
		<method name="is_valid_float">
			<return type="bool">
			</return>
			<description>
			</description>
		</method>
		<method name="is_valid_hex_number">
			<return type="bool">
			</return>
			<argument index="0" name="with_prefix" type="bool" default="false">
			</argument>
			<description>
			</description>
		</method>
		<method name="is_valid_html_color">
			<return type="bool">
			</return>
			<description>
			</description>
		</method>
		<method name="is_valid_identifier">
			<return type="bool">
			</return>
			<description>
			</description>
		</method>
		<method name="is_valid_integer">
			<return type="bool">
			</return>
			<description>
			</description>
		</method>
		<method name="is_valid_ip_address">
			<return type="bool">
			</return>
			<description>
			</description>
		</method>
		<method name="json_escape">
			<return type="String">
			</return>
			<description>
			</description>
		</method>
		<method name="left">
			<return type="String">
			</return>
			<argument index="0" name="position" type="int">
			</argument>
			<description>
			</description>
		</method>
		<method name="length">
			<return type="int">
			</return>
			<description>
			</description>
		</method>
		<method name="lstrip">
			<return type="String">
			</return>
			<argument index="0" name="chars" type="String">
			</argument>
			<description>
			</description>
		</method>
		<method name="match">
			<return type="bool">
			</return>
			<argument index="0" name="expr" type="String">
			</argument>
			<description>
			</description>
		</method>
		<method name="matchn">
			<return type="bool">
			</return>
			<argument index="0" name="expr" type="String">
			</argument>
			<description>
			</description>
		</method>
		<method name="md5_buffer">
			<return type="PoolByteArray">
			</return>
			<description>
			</description>
		</method>
		<method name="md5_text">
			<return type="String">
			</return>
			<description>
			</description>
		</method>
		<method name="nocasecmp_to">
			<return type="int">
			</return>
			<argument index="0" name="to" type="String">
			</argument>
			<description>
			</description>
		</method>
		<method name="ord_at">
			<return type="int">
			</return>
			<argument index="0" name="at" type="int">
			</argument>
			<description>
			</description>
		</method>
		<method name="pad_decimals">
			<return type="String">
			</return>
			<argument index="0" name="digits" type="int">
			</argument>
			<description>
			</description>
		</method>
		<method name="pad_zeros">
			<return type="String">
			</return>
			<argument index="0" name="digits" type="int">
			</argument>
			<description>
			</description>
		</method>
		<method name="percent_decode">
			<return type="String">
			</return>
			<description>
			</description>
		</method>
		<method name="percent_encode">
			<return type="String">
			</return>
			<description>
			</description>
		</method>
		<method name="plus_file">
			<return type="String">
			</return>
			<argument index="0" name="file" type="String">
			</argument>
			<description>
			</description>
		</method>
		<method name="repeat">
			<return type="String">
			</return>
			<argument index="0" name="count" type="int">
			</argument>
			<description>
			</description>
		</method>
		<method name="replace">
			<return type="String">
			</return>
			<argument index="0" name="what" type="String">
			</argument>
			<argument index="1" name="forwhat" type="String">
			</argument>
			<description>
			</description>
		</method>
		<method name="replacen">
			<return type="String">
			</return>
			<argument index="0" name="what" type="String">
			</argument>
			<argument index="1" name="forwhat" type="String">
			</argument>
			<description>
			</description>
		</method>
		<method name="rfind">
			<return type="int">
			</return>
			<argument index="0" name="what" type="String">
			</argument>
			<argument index="1" name="from" type="int" default="-1">
			</argument>
			<description>
			</description>
		</method>
		<method name="rfindn">
			<return type="int">
			</return>
			<argument index="0" name="what" type="String">
			</argument>
			<argument index="1" name="from" type="int" default="-1">
			</argument>
			<description>
			</description>
		</method>
		<method name="right">
			<return type="String">
			</return>
			<argument index="0" name="position" type="int">
			</argument>
			<description>
			</description>
		</method>
		<method name="rsplit">
			<return type="PoolStringArray">
			</return>
			<argument index="0" name="delimiter" type="String">
			</argument>
			<argument index="1" name="allow_empty" type="bool" default="true">
			</argument>
			<argument index="2" name="maxsplit" type="int" default="0">
			</argument>
			<description>
			</description>
		</method>
		<method name="rstrip">
			<return type="String">
			</return>
			<argument index="0" name="chars" type="String">
			</argument>
			<description>
			</description>
		</method>
		<method name="sha1_buffer">
			<return type="PoolByteArray">
			</return>
			<description>
			</description>
		</method>
		<method name="sha1_text">
			<return type="String">
			</return>
			<description>
			</description>
		</method>
		<method name="sha256_buffer">
			<return type="PoolByteArray">
			</return>
			<description>
			</description>
		</method>
		<method name="sha256_text">
			<return type="String">
			</return>
			<description>
			</description>
		</method>
		<method name="similarity">
			<return type="float">
			</return>
			<argument index="0" name="text" type="String">
			</argument>
			<description>
			</description>
		</method>
		<method name="split">
			<return type="PoolStringArray">
			</return>
			<argument index="0" name="delimiter" type="String">
			</argument>
			<argument index="1" name="allow_empty" type="bool" default="true">
			</argument>
			<argument index="2" name="maxsplit" type="int" default="0">
			</argument>
			<description>
			</description>
		</method>
		<method name="split_floats">
			<return type="PoolRealArray">
			</return>
			<argument index="0" name="delimiter" type="String">
			</argument>
			<argument index="1" name="allow_empty" type="bool" default="true">
			</argument>
			<description>
			</description>
		</method>
		<method name="strip_edges">
			<return type="String">
			</return>
			<argument index="0" name="left" type="bool" default="true">
			</argument>
			<argument index="1" name="right" type="bool" default="true">
			</argument>
			<description>
			</description>
		</method>
		<method name="strip_escapes">
			<return type="String">
			</return>
			<description>
			</description>
		</method>
		<method name="substr">
			<return type="String">
			</return>
			<argument index="0" name="from" type="int">
			</argument>
			<argument index="1" name="len" type="int" default="-1">
			</argument>
			<description>
			</description>
		</method>
		<method name="to_ascii">
			<return type="PoolByteArray">
			</return>
			<description>
			</description>
		</method>
		<method name="to_float">
			<return type="float">
			</return>
			<description>
			</description>
		</method>
		<method name="to_int">
			<return type="int">
			</return>
			<description>
			</description>
		</method>
		<method name="to_lower">
			<return type="String">
			</return>
			<description>
			</description>
		</method>
		<method name="to_upper">
			<return type="String">
			</return>
			<description>
			</description>
		</method>
		<method name="to_utf8">
			<return type="PoolByteArray">
			</return>
			<description>
			</description>
		</method>
		<method name="trim_prefix">
			<return type="String">
			</return>
			<argument index="0" name="prefix" type="String">
			</argument>
			<description>
			</description>
		</method>
		<method name="trim_suffix">
			<return type="String">
			</return>
			<argument index="0" name="suffix" type="String">
			</argument>
			<description>
			</description>
		</method>
		<method name="xml_escape">
			<return type="String">
			</return>
			<description>
			</description>
		</method>
		<method name="xml_unescape">
			<return type="String">
			</return>
			<description>
			</description>
		</method>
	</methods>
	<constants>
	</constants>
</class>
