<?xml version="1.0" encoding="UTF-8" ?>
<class name="TabContainer" inherits="Container" version="3.2">
	<brief_description>
	</brief_description>
	<description>
	</description>
	<tutorials>
	</tutorials>
	<methods>
		<method name="get_current_tab_control" qualifiers="const">
			<return type="Control">
			</return>
			<description>
			</description>
		</method>
		<method name="get_popup" qualifiers="const">
			<return type="Popup">
			</return>
			<description>
			</description>
		</method>
		<method name="get_previous_tab" qualifiers="const">
			<return type="int">
			</return>
			<description>
			</description>
		</method>
		<method name="get_tab_control" qualifiers="const">
			<return type="Control">
			</return>
			<argument index="0" name="idx" type="int">
			</argument>
			<description>
			</description>
		</method>
		<method name="get_tab_count" qualifiers="const">
			<return type="int">
			</return>
			<description>
			</description>
		</method>
		<method name="get_tab_disabled" qualifiers="const">
			<return type="bool">
			</return>
			<argument index="0" name="tab_idx" type="int">
			</argument>
			<description>
			</description>
		</method>
		<method name="get_tab_icon" qualifiers="const">
			<return type="Texture">
			</return>
			<argument index="0" name="tab_idx" type="int">
			</argument>
			<description>
			</description>
		</method>
		<method name="get_tab_title" qualifiers="const">
			<return type="String">
			</return>
			<argument index="0" name="tab_idx" type="int">
			</argument>
			<description>
			</description>
		</method>
		<method name="get_tabs_rearrange_group" qualifiers="const">
			<return type="int">
			</return>
			<description>
			</description>
		</method>
		<method name="set_popup">
			<return type="void">
			</return>
			<argument index="0" name="popup" type="Node">
			</argument>
			<description>
			</description>
		</method>
		<method name="set_tab_disabled">
			<return type="void">
			</return>
			<argument index="0" name="tab_idx" type="int">
			</argument>
			<argument index="1" name="disabled" type="bool">
			</argument>
			<description>
			</description>
		</method>
		<method name="set_tab_icon">
			<return type="void">
			</return>
			<argument index="0" name="tab_idx" type="int">
			</argument>
			<argument index="1" name="icon" type="Texture">
			</argument>
			<description>
			</description>
		</method>
		<method name="set_tab_title">
			<return type="void">
			</return>
			<argument index="0" name="tab_idx" type="int">
			</argument>
			<argument index="1" name="title" type="String">
			</argument>
			<description>
			</description>
		</method>
		<method name="set_tabs_rearrange_group">
			<return type="void">
			</return>
			<argument index="0" name="group_id" type="int">
			</argument>
			<description>
			</description>
		</method>
	</methods>
	<members>
		<member name="current_tab" type="int" setter="set_current_tab" getter="get_current_tab" default="0">
		</member>
		<member name="drag_to_rearrange_enabled" type="bool" setter="set_drag_to_rearrange_enabled" getter="get_drag_to_rearrange_enabled" default="false">
		</member>
		<member name="tab_align" type="int" setter="set_tab_align" getter="get_tab_align" enum="TabContainer.TabAlign" default="1">
		</member>
		<member name="tabs_visible" type="bool" setter="set_tabs_visible" getter="are_tabs_visible" default="true">
		</member>
		<member name="use_hidden_tabs_for_min_size" type="bool" setter="set_use_hidden_tabs_for_min_size" getter="get_use_hidden_tabs_for_min_size" default="false">
		</member>
	</members>
	<signals>
		<signal name="pre_popup_pressed">
			<description>
			</description>
		</signal>
		<signal name="tab_changed">
			<argument index="0" name="tab" type="int">
			</argument>
			<description>
			</description>
		</signal>
		<signal name="tab_selected">
			<argument index="0" name="tab" type="int">
			</argument>
			<description>
			</description>
		</signal>
	</signals>
	<constants>
		<constant name="ALIGN_LEFT" value="0" enum="TabAlign">
		</constant>
		<constant name="ALIGN_CENTER" value="1" enum="TabAlign">
		</constant>
		<constant name="ALIGN_RIGHT" value="2" enum="TabAlign">
		</constant>
	</constants>
	<theme_items>
		<theme_item name="decrement" type="Texture">
		</theme_item>
		<theme_item name="decrement_highlight" type="Texture">
		</theme_item>
		<theme_item name="font" type="Font">
		</theme_item>
		<theme_item name="font_color_bg" type="Color" default="Color( 0.69, 0.69, 0.69, 1 )">
		</theme_item>
		<theme_item name="font_color_disabled" type="Color" default="Color( 0.9, 0.9, 0.9, 0.2 )">
		</theme_item>
		<theme_item name="font_color_fg" type="Color" default="Color( 0.94, 0.94, 0.94, 1 )">
		</theme_item>
		<theme_item name="hseparation" type="int" default="4">
		</theme_item>
		<theme_item name="increment" type="Texture">
		</theme_item>
		<theme_item name="increment_highlight" type="Texture">
		</theme_item>
		<theme_item name="label_valign_bg" type="int" default="2">
		</theme_item>
		<theme_item name="label_valign_fg" type="int" default="0">
		</theme_item>
		<theme_item name="menu" type="Texture">
		</theme_item>
		<theme_item name="menu_highlight" type="Texture">
		</theme_item>
		<theme_item name="panel" type="StyleBox">
		</theme_item>
		<theme_item name="side_margin" type="int" default="8">
		</theme_item>
		<theme_item name="tab_bg" type="StyleBox">
		</theme_item>
		<theme_item name="tab_disabled" type="StyleBox">
		</theme_item>
		<theme_item name="tab_fg" type="StyleBox">
		</theme_item>
		<theme_item name="top_margin" type="int" default="24">
		</theme_item>
	</theme_items>
</class>
