<?xml version="1.0" encoding="UTF-8" ?>
<class name="Tabs" inherits="Control" version="3.2">
	<brief_description>
	</brief_description>
	<description>
	</description>
	<tutorials>
	</tutorials>
	<methods>
		<method name="add_tab">
			<return type="void">
			</return>
			<argument index="0" name="title" type="String" default="&quot;&quot;">
			</argument>
			<argument index="1" name="icon" type="Texture" default="null">
			</argument>
			<description>
			</description>
		</method>
		<method name="ensure_tab_visible">
			<return type="void">
			</return>
			<argument index="0" name="idx" type="int">
			</argument>
			<description>
			</description>
		</method>
		<method name="get_offset_buttons_visible" qualifiers="const">
			<return type="bool">
			</return>
			<description>
			</description>
		</method>
		<method name="get_select_with_rmb" qualifiers="const">
			<return type="bool">
			</return>
			<description>
			</description>
		</method>
		<method name="get_tab_count" qualifiers="const">
			<return type="int">
			</return>
			<description>
			</description>
		</method>
		<method name="get_tab_disabled" qualifiers="const">
			<return type="bool">
			</return>
			<argument index="0" name="tab_idx" type="int">
			</argument>
			<description>
			</description>
		</method>
		<method name="get_tab_icon" qualifiers="const">
			<return type="Texture">
			</return>
			<argument index="0" name="tab_idx" type="int">
			</argument>
			<description>
			</description>
		</method>
		<method name="get_tab_offset" qualifiers="const">
			<return type="int">
			</return>
			<description>
			</description>
		</method>
		<method name="get_tab_rect" qualifiers="const">
			<return type="Rect2">
			</return>
			<argument index="0" name="tab_idx" type="int">
			</argument>
			<description>
			</description>
		</method>
		<method name="get_tab_title" qualifiers="const">
			<return type="String">
			</return>
			<argument index="0" name="tab_idx" type="int">
			</argument>
			<description>
			</description>
		</method>
		<method name="get_tabs_rearrange_group" qualifiers="const">
			<return type="int">
			</return>
			<description>
			</description>
		</method>
		<method name="move_tab">
			<return type="void">
			</return>
			<argument index="0" name="from" type="int">
			</argument>
			<argument index="1" name="to" type="int">
			</argument>
			<description>
			</description>
		</method>
		<method name="remove_tab">
			<return type="void">
			</return>
			<argument index="0" name="tab_idx" type="int">
			</argument>
			<description>
			</description>
		</method>
		<method name="set_select_with_rmb">
			<return type="void">
			</return>
			<argument index="0" name="enabled" type="bool">
			</argument>
			<description>
			</description>
		</method>
		<method name="set_tab_disabled">
			<return type="void">
			</return>
			<argument index="0" name="tab_idx" type="int">
			</argument>
			<argument index="1" name="disabled" type="bool">
			</argument>
			<description>
			</description>
		</method>
		<method name="set_tab_icon">
			<return type="void">
			</return>
			<argument index="0" name="tab_idx" type="int">
			</argument>
			<argument index="1" name="icon" type="Texture">
			</argument>
			<description>
			</description>
		</method>
		<method name="set_tab_title">
			<return type="void">
			</return>
			<argument index="0" name="tab_idx" type="int">
			</argument>
			<argument index="1" name="title" type="String">
			</argument>
			<description>
			</description>
		</method>
		<method name="set_tabs_rearrange_group">
			<return type="void">
			</return>
			<argument index="0" name="group_id" type="int">
			</argument>
			<description>
			</description>
		</method>
	</methods>
	<members>
		<member name="current_tab" type="int" setter="set_current_tab" getter="get_current_tab" default="0">
		</member>
		<member name="drag_to_rearrange_enabled" type="bool" setter="set_drag_to_rearrange_enabled" getter="get_drag_to_rearrange_enabled" default="false">
		</member>
		<member name="scrolling_enabled" type="bool" setter="set_scrolling_enabled" getter="get_scrolling_enabled" default="true">
		</member>
		<member name="tab_align" type="int" setter="set_tab_align" getter="get_tab_align" enum="Tabs.TabAlign" default="1">
		</member>
		<member name="tab_close_display_policy" type="int" setter="set_tab_close_display_policy" getter="get_tab_close_display_policy" enum="Tabs.CloseButtonDisplayPolicy" default="0">
		</member>
	</members>
	<signals>
		<signal name="reposition_active_tab_request">
			<argument index="0" name="idx_to" type="int">
			</argument>
			<description>
			</description>
		</signal>
		<signal name="right_button_pressed">
			<argument index="0" name="tab" type="int">
			</argument>
			<description>
			</description>
		</signal>
		<signal name="tab_changed">
			<argument index="0" name="tab" type="int">
			</argument>
			<description>
			</description>
		</signal>
		<signal name="tab_clicked">
			<argument index="0" name="tab" type="int">
			</argument>
			<description>
			</description>
		</signal>
		<signal name="tab_close">
			<argument index="0" name="tab" type="int">
			</argument>
			<description>
			</description>
		</signal>
		<signal name="tab_hover">
			<argument index="0" name="tab" type="int">
			</argument>
			<description>
			</description>
		</signal>
	</signals>
	<constants>
		<constant name="ALIGN_LEFT" value="0" enum="TabAlign">
		</constant>
		<constant name="ALIGN_CENTER" value="1" enum="TabAlign">
		</constant>
		<constant name="ALIGN_RIGHT" value="2" enum="TabAlign">
		</constant>
		<constant name="ALIGN_MAX" value="3" enum="TabAlign">
		</constant>
		<constant name="CLOSE_BUTTON_SHOW_NEVER" value="0" enum="CloseButtonDisplayPolicy">
		</constant>
		<constant name="CLOSE_BUTTON_SHOW_ACTIVE_ONLY" value="1" enum="CloseButtonDisplayPolicy">
		</constant>
		<constant name="CLOSE_BUTTON_SHOW_ALWAYS" value="2" enum="CloseButtonDisplayPolicy">
		</constant>
		<constant name="CLOSE_BUTTON_MAX" value="3" enum="CloseButtonDisplayPolicy">
		</constant>
	</constants>
	<theme_items>
		<theme_item name="button" type="StyleBox">
		</theme_item>
		<theme_item name="button_pressed" type="StyleBox">
		</theme_item>
		<theme_item name="close" type="Texture">
		</theme_item>
		<theme_item name="decrement" type="Texture">
		</theme_item>
		<theme_item name="decrement_highlight" type="Texture">
		</theme_item>
		<theme_item name="font" type="Font">
		</theme_item>
		<theme_item name="font_color_bg" type="Color" default="Color( 0.69, 0.69, 0.69, 1 )">
		</theme_item>
		<theme_item name="font_color_disabled" type="Color" default="Color( 0.9, 0.9, 0.9, 0.2 )">
		</theme_item>
		<theme_item name="font_color_fg" type="Color" default="Color( 0.94, 0.94, 0.94, 1 )">
		</theme_item>
		<theme_item name="hseparation" type="int" default="4">
		</theme_item>
		<theme_item name="increment" type="Texture">
		</theme_item>
		<theme_item name="increment_highlight" type="Texture">
		</theme_item>
		<theme_item name="label_valign_bg" type="int" default="2">
		</theme_item>
		<theme_item name="label_valign_fg" type="int" default="0">
		</theme_item>
		<theme_item name="panel" type="StyleBox">
		</theme_item>
		<theme_item name="tab_bg" type="StyleBox">
		</theme_item>
		<theme_item name="tab_disabled" type="StyleBox">
		</theme_item>
		<theme_item name="tab_fg" type="StyleBox">
		</theme_item>
		<theme_item name="top_margin" type="int" default="24">
		</theme_item>
	</theme_items>
</class>
