<?xml version="1.0" encoding="UTF-8" ?>
<class name="TextureRect" inherits="Control" version="3.2">
	<brief_description>
	</brief_description>
	<description>
	</description>
	<tutorials>
	</tutorials>
	<methods>
	</methods>
	<members>
		<member name="expand" type="bool" setter="set_expand" getter="has_expand" default="false">
		</member>
		<member name="flip_h" type="bool" setter="set_flip_h" getter="is_flipped_h" default="false">
		</member>
		<member name="flip_v" type="bool" setter="set_flip_v" getter="is_flipped_v" default="false">
		</member>
		<member name="mouse_filter" type="int" setter="set_mouse_filter" getter="get_mouse_filter" override="true" enum="Control.MouseFilter" default="1" />
		<member name="stretch_mode" type="int" setter="set_stretch_mode" getter="get_stretch_mode" enum="TextureRect.StretchMode" default="0">
		</member>
		<member name="texture" type="Texture" setter="set_texture" getter="get_texture">
		</member>
	</members>
	<constants>
		<constant name="STRETCH_SCALE_ON_EXPAND" value="0" enum="StretchMode">
		</constant>
		<constant name="STRETCH_SCALE" value="1" enum="StretchMode">
		</constant>
		<constant name="STRETCH_TILE" value="2" enum="StretchMode">
		</constant>
		<constant name="STRETCH_KEEP" value="3" enum="StretchMode">
		</constant>
		<constant name="STRETCH_KEEP_CENTERED" value="4" enum="StretchMode">
		</constant>
		<constant name="STRETCH_KEEP_ASPECT" value="5" enum="StretchMode">
		</constant>
		<constant name="STRETCH_KEEP_ASPECT_CENTERED" value="6" enum="StretchMode">
		</constant>
		<constant name="STRETCH_KEEP_ASPECT_COVERED" value="7" enum="StretchMode">
		</constant>
	</constants>
</class>
