<?xml version="1.0" encoding="UTF-8" ?>
<class name="TextEdit" inherits="Control" version="3.2">
	<brief_description>
	</brief_description>
	<description>
	</description>
	<tutorials>
	</tutorials>
	<methods>
		<method name="add_color_region">
			<return type="void">
			</return>
			<argument index="0" name="begin_key" type="String">
			</argument>
			<argument index="1" name="end_key" type="String">
			</argument>
			<argument index="2" name="color" type="Color">
			</argument>
			<argument index="3" name="line_only" type="bool" default="false">
			</argument>
			<description>
			</description>
		</method>
		<method name="add_keyword_color">
			<return type="void">
			</return>
			<argument index="0" name="keyword" type="String">
			</argument>
			<argument index="1" name="color" type="Color">
			</argument>
			<description>
			</description>
		</method>
		<method name="can_fold" qualifiers="const">
			<return type="bool">
			</return>
			<argument index="0" name="line" type="int">
			</argument>
			<description>
			</description>
		</method>
		<method name="center_viewport_to_cursor">
			<return type="void">
			</return>
			<description>
			</description>
		</method>
		<method name="clear_colors">
			<return type="void">
			</return>
			<description>
			</description>
		</method>
		<method name="clear_undo_history">
			<return type="void">
			</return>
			<description>
			</description>
		</method>
		<method name="copy">
			<return type="void">
			</return>
			<description>
			</description>
		</method>
		<method name="cursor_get_column" qualifiers="const">
			<return type="int">
			</return>
			<description>
			</description>
		</method>
		<method name="cursor_get_line" qualifiers="const">
			<return type="int">
			</return>
			<description>
			</description>
		</method>
		<method name="cursor_set_column">
			<return type="void">
			</return>
			<argument index="0" name="column" type="int">
			</argument>
			<argument index="1" name="adjust_viewport" type="bool" default="true">
			</argument>
			<description>
			</description>
		</method>
		<method name="cursor_set_line">
			<return type="void">
			</return>
			<argument index="0" name="line" type="int">
			</argument>
			<argument index="1" name="adjust_viewport" type="bool" default="true">
			</argument>
			<argument index="2" name="can_be_hidden" type="bool" default="true">
			</argument>
			<argument index="3" name="wrap_index" type="int" default="0">
			</argument>
			<description>
			</description>
		</method>
		<method name="cut">
			<return type="void">
			</return>
			<description>
			</description>
		</method>
		<method name="deselect">
			<return type="void">
			</return>
			<description>
			</description>
		</method>
		<method name="fold_all_lines">
			<return type="void">
			</return>
			<description>
			</description>
		</method>
		<method name="fold_line">
			<return type="void">
			</return>
			<argument index="0" name="line" type="int">
			</argument>
			<description>
			</description>
		</method>
		<method name="get_breakpoints" qualifiers="const">
			<return type="Array">
			</return>
			<description>
			</description>
		</method>
		<method name="get_keyword_color" qualifiers="const">
			<return type="Color">
			</return>
			<argument index="0" name="keyword" type="String">
			</argument>
			<description>
			</description>
		</method>
		<method name="get_line" qualifiers="const">
			<return type="String">
			</return>
			<argument index="0" name="line" type="int">
			</argument>
			<description>
			</description>
		</method>
		<method name="get_line_count" qualifiers="const">
			<return type="int">
			</return>
			<description>
			</description>
		</method>
		<method name="get_menu" qualifiers="const">
			<return type="PopupMenu">
			</return>
			<description>
			</description>
		</method>
		<method name="get_selection_from_column" qualifiers="const">
			<return type="int">
			</return>
			<description>
			</description>
		</method>
		<method name="get_selection_from_line" qualifiers="const">
			<return type="int">
			</return>
			<description>
			</description>
		</method>
		<method name="get_selection_text" qualifiers="const">
			<return type="String">
			</return>
			<description>
			</description>
		</method>
		<method name="get_selection_to_column" qualifiers="const">
			<return type="int">
			</return>
			<description>
			</description>
		</method>
		<method name="get_selection_to_line" qualifiers="const">
			<return type="int">
			</return>
			<description>
			</description>
		</method>
		<method name="get_word_under_cursor" qualifiers="const">
			<return type="String">
			</return>
			<description>
			</description>
		</method>
		<method name="has_keyword_color" qualifiers="const">
			<return type="bool">
			</return>
			<argument index="0" name="keyword" type="String">
			</argument>
			<description>
			</description>
		</method>
		<method name="insert_text_at_cursor">
			<return type="void">
			</return>
			<argument index="0" name="text" type="String">
			</argument>
			<description>
			</description>
		</method>
		<method name="is_folded" qualifiers="const">
			<return type="bool">
			</return>
			<argument index="0" name="line" type="int">
			</argument>
			<description>
			</description>
		</method>
		<method name="is_line_hidden" qualifiers="const">
			<return type="bool">
			</return>
			<argument index="0" name="line" type="int">
			</argument>
			<description>
			</description>
		</method>
		<method name="is_selection_active" qualifiers="const">
			<return type="bool">
			</return>
			<description>
			</description>
		</method>
		<method name="menu_option">
			<return type="void">
			</return>
			<argument index="0" name="option" type="int">
			</argument>
			<description>
			</description>
		</method>
		<method name="paste">
			<return type="void">
			</return>
			<description>
			</description>
		</method>
		<method name="redo">
			<return type="void">
			</return>
			<description>
			</description>
		</method>
		<method name="remove_breakpoints">
			<return type="void">
			</return>
			<description>
			</description>
		</method>
		<method name="search" qualifiers="const">
			<return type="PoolIntArray">
			</return>
			<argument index="0" name="key" type="String">
			</argument>
			<argument index="1" name="flags" type="int">
			</argument>
			<argument index="2" name="from_line" type="int">
			</argument>
			<argument index="3" name="from_column" type="int">
			</argument>
			<description>
			</description>
		</method>
		<method name="select">
			<return type="void">
			</return>
			<argument index="0" name="from_line" type="int">
			</argument>
			<argument index="1" name="from_column" type="int">
			</argument>
			<argument index="2" name="to_line" type="int">
			</argument>
			<argument index="3" name="to_column" type="int">
			</argument>
			<description>
			</description>
		</method>
		<method name="select_all">
			<return type="void">
			</return>
			<description>
			</description>
		</method>
		<method name="set_line_as_hidden">
			<return type="void">
			</return>
			<argument index="0" name="line" type="int">
			</argument>
			<argument index="1" name="enable" type="bool">
			</argument>
			<description>
			</description>
		</method>
		<method name="toggle_fold_line">
			<return type="void">
			</return>
			<argument index="0" name="line" type="int">
			</argument>
			<description>
			</description>
		</method>
		<method name="undo">
			<return type="void">
			</return>
			<description>
			</description>
		</method>
		<method name="unfold_line">
			<return type="void">
			</return>
			<argument index="0" name="line" type="int">
			</argument>
			<description>
			</description>
		</method>
		<method name="unhide_all_lines">
			<return type="void">
			</return>
			<description>
			</description>
		</method>
	</methods>
	<members>
		<member name="breakpoint_gutter" type="bool" setter="set_breakpoint_gutter_enabled" getter="is_breakpoint_gutter_enabled" default="false">
		</member>
		<member name="caret_blink" type="bool" setter="cursor_set_blink_enabled" getter="cursor_get_blink_enabled" default="false">
		</member>
		<member name="caret_blink_speed" type="float" setter="cursor_set_blink_speed" getter="cursor_get_blink_speed" default="0.65">
		</member>
		<member name="caret_block_mode" type="bool" setter="cursor_set_block_mode" getter="cursor_is_block_mode" default="false">
		</member>
		<member name="caret_moving_by_right_click" type="bool" setter="set_right_click_moves_caret" getter="is_right_click_moving_caret" default="true">
		</member>
		<member name="context_menu_enabled" type="bool" setter="set_context_menu_enabled" getter="is_context_menu_enabled" default="true">
		</member>
		<member name="draw_spaces" type="bool" setter="set_draw_spaces" getter="is_drawing_spaces" default="false">
		</member>
		<member name="draw_tabs" type="bool" setter="set_draw_tabs" getter="is_drawing_tabs" default="false">
		</member>
		<member name="focus_mode" type="int" setter="set_focus_mode" getter="get_focus_mode" override="true" enum="Control.FocusMode" default="2" />
		<member name="fold_gutter" type="bool" setter="set_draw_fold_gutter" getter="is_drawing_fold_gutter" default="false">
		</member>
		<member name="hiding_enabled" type="bool" setter="set_hiding_enabled" getter="is_hiding_enabled" default="false">
		</member>
		<member name="highlight_all_occurrences" type="bool" setter="set_highlight_all_occurrences" getter="is_highlight_all_occurrences_enabled" default="false">
		</member>
		<member name="highlight_current_line" type="bool" setter="set_highlight_current_line" getter="is_highlight_current_line_enabled" default="false">
		</member>
		<member name="minimap_draw" type="bool" setter="draw_minimap" getter="is_drawing_minimap" default="false">
		</member>
		<member name="minimap_width" type="int" setter="set_minimap_width" getter="get_minimap_width" default="80">
		</member>
		<member name="mouse_default_cursor_shape" type="int" setter="set_default_cursor_shape" getter="get_default_cursor_shape" override="true" enum="Control.CursorShape" default="1" />
		<member name="override_selected_font_color" type="bool" setter="set_override_selected_font_color" getter="is_overriding_selected_font_color" default="false">
		</member>
		<member name="readonly" type="bool" setter="set_readonly" getter="is_readonly" default="false">
		</member>
		<member name="scroll_horizontal" type="int" setter="set_h_scroll" getter="get_h_scroll" default="0">
		</member>
		<member name="scroll_vertical" type="float" setter="set_v_scroll" getter="get_v_scroll" default="0.0">
		</member>
		<member name="selecting_enabled" type="bool" setter="set_selecting_enabled" getter="is_selecting_enabled" default="true">
		</member>
		<member name="shortcut_keys_enabled" type="bool" setter="set_shortcut_keys_enabled" getter="is_shortcut_keys_enabled" default="true">
		</member>
		<member name="show_line_numbers" type="bool" setter="set_show_line_numbers" getter="is_show_line_numbers_enabled" default="false">
		</member>
		<member name="smooth_scrolling" type="bool" setter="set_smooth_scroll_enable" getter="is_smooth_scroll_enabled" default="false">
		</member>
		<member name="syntax_highlighting" type="bool" setter="set_syntax_coloring" getter="is_syntax_coloring_enabled" default="false">
		</member>
		<member name="text" type="String" setter="set_text" getter="get_text" default="&quot;&quot;">
		</member>
		<member name="v_scroll_speed" type="float" setter="set_v_scroll_speed" getter="get_v_scroll_speed" default="80.0">
		</member>
		<member name="wrap_enabled" type="bool" setter="set_wrap_enabled" getter="is_wrap_enabled" default="false">
		</member>
	</members>
	<signals>
		<signal name="breakpoint_toggled">
			<argument index="0" name="row" type="int">
			</argument>
			<description>
			</description>
		</signal>
		<signal name="cursor_changed">
			<description>
			</description>
		</signal>
		<signal name="info_clicked">
			<argument index="0" name="row" type="int">
			</argument>
			<argument index="1" name="info" type="String">
			</argument>
			<description>
			</description>
		</signal>
		<signal name="request_completion">
			<description>
			</description>
		</signal>
		<signal name="symbol_lookup">
			<argument index="0" name="symbol" type="String">
			</argument>
			<argument index="1" name="row" type="int">
			</argument>
			<argument index="2" name="column" type="int">
			</argument>
			<description>
			</description>
		</signal>
		<signal name="text_changed">
			<description>
			</description>
		</signal>
	</signals>
	<constants>
		<constant name="SEARCH_MATCH_CASE" value="1" enum="SearchFlags">
		</constant>
		<constant name="SEARCH_WHOLE_WORDS" value="2" enum="SearchFlags">
		</constant>
		<constant name="SEARCH_BACKWARDS" value="4" enum="SearchFlags">
		</constant>
		<constant name="SEARCH_RESULT_COLUMN" value="0" enum="SearchResult">
		</constant>
		<constant name="SEARCH_RESULT_LINE" value="1" enum="SearchResult">
		</constant>
		<constant name="MENU_CUT" value="0" enum="MenuItems">
		</constant>
		<constant name="MENU_COPY" value="1" enum="MenuItems">
		</constant>
		<constant name="MENU_PASTE" value="2" enum="MenuItems">
		</constant>
		<constant name="MENU_CLEAR" value="3" enum="MenuItems">
		</constant>
		<constant name="MENU_SELECT_ALL" value="4" enum="MenuItems">
		</constant>
		<constant name="MENU_UNDO" value="5" enum="MenuItems">
		</constant>
		<constant name="MENU_REDO" value="6" enum="MenuItems">
		</constant>
		<constant name="MENU_MAX" value="7" enum="MenuItems">
		</constant>
	</constants>
	<theme_items>
		<theme_item name="background_color" type="Color" default="Color( 0, 0, 0, 0 )">
		</theme_item>
		<theme_item name="bookmark_color" type="Color" default="Color( 0.08, 0.49, 0.98, 1 )">
		</theme_item>
		<theme_item name="brace_mismatch_color" type="Color" default="Color( 1, 0.2, 0.2, 1 )">
		</theme_item>
		<theme_item name="breakpoint_color" type="Color" default="Color( 0.8, 0.8, 0.4, 0.2 )">
		</theme_item>
		<theme_item name="caret_background_color" type="Color" default="Color( 0, 0, 0, 1 )">
		</theme_item>
		<theme_item name="caret_color" type="Color" default="Color( 0.88, 0.88, 0.88, 1 )">
		</theme_item>
		<theme_item name="code_folding_color" type="Color" default="Color( 0.8, 0.8, 0.8, 0.8 )">
		</theme_item>
		<theme_item name="completion" type="StyleBox">
		</theme_item>
		<theme_item name="completion_background_color" type="Color" default="Color( 0.17, 0.16, 0.2, 1 )">
		</theme_item>
		<theme_item name="completion_existing_color" type="Color" default="Color( 0.87, 0.87, 0.87, 0.13 )">
		</theme_item>
		<theme_item name="completion_font_color" type="Color" default="Color( 0.67, 0.67, 0.67, 1 )">
		</theme_item>
		<theme_item name="completion_lines" type="int" default="7">
		</theme_item>
		<theme_item name="completion_max_width" type="int" default="50">
		</theme_item>
		<theme_item name="completion_scroll_color" type="Color" default="Color( 1, 1, 1, 1 )">
		</theme_item>
		<theme_item name="completion_scroll_width" type="int" default="3">
		</theme_item>
		<theme_item name="completion_selected_color" type="Color" default="Color( 0.26, 0.26, 0.27, 1 )">
		</theme_item>
		<theme_item name="current_line_color" type="Color" default="Color( 0.25, 0.25, 0.26, 0.8 )">
		</theme_item>
		<theme_item name="executing_line_color" type="Color" default="Color( 0.2, 0.8, 0.2, 0.4 )">
		</theme_item>
		<theme_item name="focus" type="StyleBox">
		</theme_item>
		<theme_item name="fold" type="Texture">
		</theme_item>
		<theme_item name="folded" type="Texture">
		</theme_item>
		<theme_item name="font" type="Font">
		</theme_item>
		<theme_item name="font_color" type="Color" default="Color( 0.88, 0.88, 0.88, 1 )">
		</theme_item>
		<theme_item name="font_color_readonly" type="Color" default="Color( 0.88, 0.88, 0.88, 0.5 )">
		</theme_item>
		<theme_item name="font_color_selected" type="Color" default="Color( 0, 0, 0, 1 )">
		</theme_item>
		<theme_item name="function_color" type="Color" default="Color( 0.4, 0.64, 0.81, 1 )">
		</theme_item>
		<theme_item name="line_number_color" type="Color" default="Color( 0.67, 0.67, 0.67, 0.4 )">
		</theme_item>
		<theme_item name="line_spacing" type="int" default="4">
		</theme_item>
		<theme_item name="mark_color" type="Color" default="Color( 1, 0.4, 0.4, 0.4 )">
		</theme_item>
		<theme_item name="member_variable_color" type="Color" default="Color( 0.9, 0.31, 0.35, 1 )">
		</theme_item>
		<theme_item name="normal" type="StyleBox">
		</theme_item>
		<theme_item name="number_color" type="Color" default="Color( 0.92, 0.58, 0.2, 1 )">
		</theme_item>
		<theme_item name="read_only" type="StyleBox">
		</theme_item>
		<theme_item name="safe_line_number_color" type="Color" default="Color( 0.67, 0.78, 0.67, 0.6 )">
		</theme_item>
		<theme_item name="selection_color" type="Color" default="Color( 0.49, 0.49, 0.49, 1 )">
		</theme_item>
		<theme_item name="space" type="Texture">
		</theme_item>
		<theme_item name="symbol_color" type="Color" default="Color( 0.94, 0.94, 0.94, 1 )">
		</theme_item>
		<theme_item name="tab" type="Texture">
		</theme_item>
		<theme_item name="word_highlighted_color" type="Color" default="Color( 0.8, 0.9, 0.9, 0.15 )">
		</theme_item>
	</theme_items>
</class>
