<?xml version="1.0" encoding="UTF-8" ?>
<class name="TextureProgress" inherits="Range" version="3.2">
	<brief_description>
	</brief_description>
	<description>
	</description>
	<tutorials>
	</tutorials>
	<methods>
		<method name="get_stretch_margin" qualifiers="const">
			<return type="int">
			</return>
			<argument index="0" name="margin" type="int" enum="Margin">
			</argument>
			<description>
			</description>
		</method>
		<method name="set_stretch_margin">
			<return type="void">
			</return>
			<argument index="0" name="margin" type="int" enum="Margin">
			</argument>
			<argument index="1" name="value" type="int">
			</argument>
			<description>
			</description>
		</method>
	</methods>
	<members>
		<member name="fill_mode" type="int" setter="set_fill_mode" getter="get_fill_mode" default="0">
		</member>
		<member name="mouse_filter" type="int" setter="set_mouse_filter" getter="get_mouse_filter" override="true" enum="Control.MouseFilter" default="1" />
		<member name="nine_patch_stretch" type="bool" setter="set_nine_patch_stretch" getter="get_nine_patch_stretch" default="false">
		</member>
		<member name="radial_center_offset" type="Vector2" setter="set_radial_center_offset" getter="get_radial_center_offset" default="Vector2( 0, 0 )">
		</member>
		<member name="radial_fill_degrees" type="float" setter="set_fill_degrees" getter="get_fill_degrees" default="360.0">
		</member>
		<member name="radial_initial_angle" type="float" setter="set_radial_initial_angle" getter="get_radial_initial_angle" default="0.0">
		</member>
		<member name="stretch_margin_bottom" type="int" setter="set_stretch_margin" getter="get_stretch_margin" default="0">
		</member>
		<member name="stretch_margin_left" type="int" setter="set_stretch_margin" getter="get_stretch_margin" default="0">
		</member>
		<member name="stretch_margin_right" type="int" setter="set_stretch_margin" getter="get_stretch_margin" default="0">
		</member>
		<member name="stretch_margin_top" type="int" setter="set_stretch_margin" getter="get_stretch_margin" default="0">
		</member>
		<member name="texture_over" type="Texture" setter="set_over_texture" getter="get_over_texture">
		</member>
		<member name="texture_progress" type="Texture" setter="set_progress_texture" getter="get_progress_texture">
		</member>
		<member name="texture_under" type="Texture" setter="set_under_texture" getter="get_under_texture">
		</member>
		<member name="tint_over" type="Color" setter="set_tint_over" getter="get_tint_over" default="Color( 1, 1, 1, 1 )">
		</member>
		<member name="tint_progress" type="Color" setter="set_tint_progress" getter="get_tint_progress" default="Color( 1, 1, 1, 1 )">
		</member>
		<member name="tint_under" type="Color" setter="set_tint_under" getter="get_tint_under" default="Color( 1, 1, 1, 1 )">
		</member>
	</members>
	<constants>
		<constant name="FILL_LEFT_TO_RIGHT" value="0" enum="FillMode">
		</constant>
		<constant name="FILL_RIGHT_TO_LEFT" value="1" enum="FillMode">
		</constant>
		<constant name="FILL_TOP_TO_BOTTOM" value="2" enum="FillMode">
		</constant>
		<constant name="FILL_BOTTOM_TO_TOP" value="3" enum="FillMode">
		</constant>
		<constant name="FILL_CLOCKWISE" value="4" enum="FillMode">
		</constant>
		<constant name="FILL_COUNTER_CLOCKWISE" value="5" enum="FillMode">
		</constant>
		<constant name="FILL_BILINEAR_LEFT_AND_RIGHT" value="6" enum="FillMode">
		</constant>
		<constant name="FILL_BILINEAR_TOP_AND_BOTTOM" value="7" enum="FillMode">
		</constant>
		<constant name="FILL_CLOCKWISE_AND_COUNTER_CLOCKWISE" value="8" enum="FillMode">
		</constant>
	</constants>
</class>
