<?xml version="1.0" encoding="UTF-8" ?>
<class name="TileSet" inherits="Resource" version="3.2">
	<brief_description>
	</brief_description>
	<description>
	</description>
	<tutorials>
	</tutorials>
	<methods>
		<method name="_forward_atlas_subtile_selection" qualifiers="virtual">
			<return type="Vector2">
			</return>
			<argument index="0" name="atlastile_id" type="int">
			</argument>
			<argument index="1" name="tilemap" type="Object">
			</argument>
			<argument index="2" name="tile_location" type="Vector2">
			</argument>
			<description>
			</description>
		</method>
		<method name="_forward_subtile_selection" qualifiers="virtual">
			<return type="Vector2">
			</return>
			<argument index="0" name="autotile_id" type="int">
			</argument>
			<argument index="1" name="bitmask" type="int">
			</argument>
			<argument index="2" name="tilemap" type="Object">
			</argument>
			<argument index="3" name="tile_location" type="Vector2">
			</argument>
			<description>
			</description>
		</method>
		<method name="_is_tile_bound" qualifiers="virtual">
			<return type="bool">
			</return>
			<argument index="0" name="drawn_id" type="int">
			</argument>
			<argument index="1" name="neighbor_id" type="int">
			</argument>
			<description>
			</description>
		</method>
		<method name="autotile_clear_bitmask_map">
			<return type="void">
			</return>
			<argument index="0" name="id" type="int">
			</argument>
			<description>
			</description>
		</method>
		<method name="autotile_get_bitmask">
			<return type="int">
			</return>
			<argument index="0" name="id" type="int">
			</argument>
			<argument index="1" name="coord" type="Vector2">
			</argument>
			<description>
			</description>
		</method>
		<method name="autotile_get_bitmask_mode" qualifiers="const">
			<return type="int" enum="TileSet.BitmaskMode">
			</return>
			<argument index="0" name="id" type="int">
			</argument>
			<description>
			</description>
		</method>
		<method name="autotile_get_icon_coordinate" qualifiers="const">
			<return type="Vector2">
			</return>
			<argument index="0" name="id" type="int">
			</argument>
			<description>
			</description>
		</method>
		<method name="autotile_get_light_occluder" qualifiers="const">
			<return type="OccluderPolygon2D">
			</return>
			<argument index="0" name="id" type="int">
			</argument>
			<argument index="1" name="coord" type="Vector2">
			</argument>
			<description>
			</description>
		</method>
		<method name="autotile_get_navigation_polygon" qualifiers="const">
			<return type="NavigationPolygon">
			</return>
			<argument index="0" name="id" type="int">
			</argument>
			<argument index="1" name="coord" type="Vector2">
			</argument>
			<description>
			</description>
		</method>
		<method name="autotile_get_size" qualifiers="const">
			<return type="Vector2">
			</return>
			<argument index="0" name="id" type="int">
			</argument>
			<description>
			</description>
		</method>
		<method name="autotile_get_spacing" qualifiers="const">
			<return type="int">
			</return>
			<argument index="0" name="id" type="int">
			</argument>
			<description>
			</description>
		</method>
		<method name="autotile_get_subtile_priority">
			<return type="int">
			</return>
			<argument index="0" name="id" type="int">
			</argument>
			<argument index="1" name="coord" type="Vector2">
			</argument>
			<description>
			</description>
		</method>
		<method name="autotile_get_z_index">
			<return type="int">
			</return>
			<argument index="0" name="id" type="int">
			</argument>
			<argument index="1" name="coord" type="Vector2">
			</argument>
			<description>
			</description>
		</method>
		<method name="autotile_set_bitmask">
			<return type="void">
			</return>
			<argument index="0" name="id" type="int">
			</argument>
			<argument index="1" name="bitmask" type="Vector2">
			</argument>
			<argument index="2" name="flag" type="int">
			</argument>
			<description>
			</description>
		</method>
		<method name="autotile_set_bitmask_mode">
			<return type="void">
			</return>
			<argument index="0" name="id" type="int">
			</argument>
			<argument index="1" name="mode" type="int" enum="TileSet.BitmaskMode">
			</argument>
			<description>
			</description>
		</method>
		<method name="autotile_set_icon_coordinate">
			<return type="void">
			</return>
			<argument index="0" name="id" type="int">
			</argument>
			<argument index="1" name="coord" type="Vector2">
			</argument>
			<description>
			</description>
		</method>
		<method name="autotile_set_light_occluder">
			<return type="void">
			</return>
			<argument index="0" name="id" type="int">
			</argument>
			<argument index="1" name="light_occluder" type="OccluderPolygon2D">
			</argument>
			<argument index="2" name="coord" type="Vector2">
			</argument>
			<description>
			</description>
		</method>
		<method name="autotile_set_navigation_polygon">
			<return type="void">
			</return>
			<argument index="0" name="id" type="int">
			</argument>
			<argument index="1" name="navigation_polygon" type="NavigationPolygon">
			</argument>
			<argument index="2" name="coord" type="Vector2">
			</argument>
			<description>
			</description>
		</method>
		<method name="autotile_set_size">
			<return type="void">
			</return>
			<argument index="0" name="id" type="int">
			</argument>
			<argument index="1" name="size" type="Vector2">
			</argument>
			<description>
			</description>
		</method>
		<method name="autotile_set_spacing">
			<return type="void">
			</return>
			<argument index="0" name="id" type="int">
			</argument>
			<argument index="1" name="spacing" type="int">
			</argument>
			<description>
			</description>
		</method>
		<method name="autotile_set_subtile_priority">
			<return type="void">
			</return>
			<argument index="0" name="id" type="int">
			</argument>
			<argument index="1" name="coord" type="Vector2">
			</argument>
			<argument index="2" name="priority" type="int">
			</argument>
			<description>
			</description>
		</method>
		<method name="autotile_set_z_index">
			<return type="void">
			</return>
			<argument index="0" name="id" type="int">
			</argument>
			<argument index="1" name="coord" type="Vector2">
			</argument>
			<argument index="2" name="z_index" type="int">
			</argument>
			<description>
			</description>
		</method>
		<method name="clear">
			<return type="void">
			</return>
			<description>
			</description>
		</method>
		<method name="create_tile">
			<return type="void">
			</return>
			<argument index="0" name="id" type="int">
			</argument>
			<description>
			</description>
		</method>
		<method name="find_tile_by_name" qualifiers="const">
			<return type="int">
			</return>
			<argument index="0" name="name" type="String">
			</argument>
			<description>
			</description>
		</method>
		<method name="get_last_unused_tile_id" qualifiers="const">
			<return type="int">
			</return>
			<description>
			</description>
		</method>
		<method name="get_tiles_ids" qualifiers="const">
			<return type="Array">
			</return>
			<description>
			</description>
		</method>
		<method name="remove_tile">
			<return type="void">
			</return>
			<argument index="0" name="id" type="int">
			</argument>
			<description>
			</description>
		</method>
		<method name="tile_add_shape">
			<return type="void">
			</return>
			<argument index="0" name="id" type="int">
			</argument>
			<argument index="1" name="shape" type="Shape2D">
			</argument>
			<argument index="2" name="shape_transform" type="Transform2D">
			</argument>
			<argument index="3" name="one_way" type="bool" default="false">
			</argument>
			<argument index="4" name="autotile_coord" type="Vector2" default="Vector2( 0, 0 )">
			</argument>
			<description>
			</description>
		</method>
		<method name="tile_get_light_occluder" qualifiers="const">
			<return type="OccluderPolygon2D">
			</return>
			<argument index="0" name="id" type="int">
			</argument>
			<description>
			</description>
		</method>
		<method name="tile_get_material" qualifiers="const">
			<return type="ShaderMaterial">
			</return>
			<argument index="0" name="id" type="int">
			</argument>
			<description>
			</description>
		</method>
		<method name="tile_get_modulate" qualifiers="const">
			<return type="Color">
			</return>
			<argument index="0" name="id" type="int">
			</argument>
			<description>
			</description>
		</method>
		<method name="tile_get_name" qualifiers="const">
			<return type="String">
			</return>
			<argument index="0" name="id" type="int">
			</argument>
			<description>
			</description>
		</method>
		<method name="tile_get_navigation_polygon" qualifiers="const">
			<return type="NavigationPolygon">
			</return>
			<argument index="0" name="id" type="int">
			</argument>
			<description>
			</description>
		</method>
		<method name="tile_get_navigation_polygon_offset" qualifiers="const">
			<return type="Vector2">
			</return>
			<argument index="0" name="id" type="int">
			</argument>
			<description>
			</description>
		</method>
		<method name="tile_get_normal_map" qualifiers="const">
			<return type="Texture">
			</return>
			<argument index="0" name="id" type="int">
			</argument>
			<description>
			</description>
		</method>
		<method name="tile_get_occluder_offset" qualifiers="const">
			<return type="Vector2">
			</return>
			<argument index="0" name="id" type="int">
			</argument>
			<description>
			</description>
		</method>
		<method name="tile_get_region" qualifiers="const">
			<return type="Rect2">
			</return>
			<argument index="0" name="id" type="int">
			</argument>
			<description>
			</description>
		</method>
		<method name="tile_get_shape" qualifiers="const">
			<return type="Shape2D">
			</return>
			<argument index="0" name="id" type="int">
			</argument>
			<argument index="1" name="shape_id" type="int">
			</argument>
			<description>
			</description>
		</method>
		<method name="tile_get_shape_count" qualifiers="const">
			<return type="int">
			</return>
			<argument index="0" name="id" type="int">
			</argument>
			<description>
			</description>
		</method>
		<method name="tile_get_shape_offset" qualifiers="const">
			<return type="Vector2">
			</return>
			<argument index="0" name="id" type="int">
			</argument>
			<argument index="1" name="shape_id" type="int">
			</argument>
			<description>
			</description>
		</method>
		<method name="tile_get_shape_one_way" qualifiers="const">
			<return type="bool">
			</return>
			<argument index="0" name="id" type="int">
			</argument>
			<argument index="1" name="shape_id" type="int">
			</argument>
			<description>
			</description>
		</method>
		<method name="tile_get_shape_one_way_margin" qualifiers="const">
			<return type="float">
			</return>
			<argument index="0" name="id" type="int">
			</argument>
			<argument index="1" name="shape_id" type="int">
			</argument>
			<description>
			</description>
		</method>
		<method name="tile_get_shape_transform" qualifiers="const">
			<return type="Transform2D">
			</return>
			<argument index="0" name="id" type="int">
			</argument>
			<argument index="1" name="shape_id" type="int">
			</argument>
			<description>
			</description>
		</method>
		<method name="tile_get_shapes" qualifiers="const">
			<return type="Array">
			</return>
			<argument index="0" name="id" type="int">
			</argument>
			<description>
			</description>
		</method>
		<method name="tile_get_texture" qualifiers="const">
			<return type="Texture">
			</return>
			<argument index="0" name="id" type="int">
			</argument>
			<description>
			</description>
		</method>
		<method name="tile_get_texture_offset" qualifiers="const">
			<return type="Vector2">
			</return>
			<argument index="0" name="id" type="int">
			</argument>
			<description>
			</description>
		</method>
		<method name="tile_get_tile_mode" qualifiers="const">
			<return type="int" enum="TileSet.TileMode">
			</return>
			<argument index="0" name="id" type="int">
			</argument>
			<description>
			</description>
		</method>
		<method name="tile_get_z_index" qualifiers="const">
			<return type="int">
			</return>
			<argument index="0" name="id" type="int">
			</argument>
			<description>
			</description>
		</method>
		<method name="tile_set_light_occluder">
			<return type="void">
			</return>
			<argument index="0" name="id" type="int">
			</argument>
			<argument index="1" name="light_occluder" type="OccluderPolygon2D">
			</argument>
			<description>
			</description>
		</method>
		<method name="tile_set_material">
			<return type="void">
			</return>
			<argument index="0" name="id" type="int">
			</argument>
			<argument index="1" name="material" type="ShaderMaterial">
			</argument>
			<description>
			</description>
		</method>
		<method name="tile_set_modulate">
			<return type="void">
			</return>
			<argument index="0" name="id" type="int">
			</argument>
			<argument index="1" name="color" type="Color">
			</argument>
			<description>
			</description>
		</method>
		<method name="tile_set_name">
			<return type="void">
			</return>
			<argument index="0" name="id" type="int">
			</argument>
			<argument index="1" name="name" type="String">
			</argument>
			<description>
			</description>
		</method>
		<method name="tile_set_navigation_polygon">
			<return type="void">
			</return>
			<argument index="0" name="id" type="int">
			</argument>
			<argument index="1" name="navigation_polygon" type="NavigationPolygon">
			</argument>
			<description>
			</description>
		</method>
		<method name="tile_set_navigation_polygon_offset">
			<return type="void">
			</return>
			<argument index="0" name="id" type="int">
			</argument>
			<argument index="1" name="navigation_polygon_offset" type="Vector2">
			</argument>
			<description>
			</description>
		</method>
		<method name="tile_set_normal_map">
			<return type="void">
			</return>
			<argument index="0" name="id" type="int">
			</argument>
			<argument index="1" name="normal_map" type="Texture">
			</argument>
			<description>
			</description>
		</method>
		<method name="tile_set_occluder_offset">
			<return type="void">
			</return>
			<argument index="0" name="id" type="int">
			</argument>
			<argument index="1" name="occluder_offset" type="Vector2">
			</argument>
			<description>
			</description>
		</method>
		<method name="tile_set_region">
			<return type="void">
			</return>
			<argument index="0" name="id" type="int">
			</argument>
			<argument index="1" name="region" type="Rect2">
			</argument>
			<description>
			</description>
		</method>
		<method name="tile_set_shape">
			<return type="void">
			</return>
			<argument index="0" name="id" type="int">
			</argument>
			<argument index="1" name="shape_id" type="int">
			</argument>
			<argument index="2" name="shape" type="Shape2D">
			</argument>
			<description>
			</description>
		</method>
		<method name="tile_set_shape_offset">
			<return type="void">
			</return>
			<argument index="0" name="id" type="int">
			</argument>
			<argument index="1" name="shape_id" type="int">
			</argument>
			<argument index="2" name="shape_offset" type="Vector2">
			</argument>
			<description>
			</description>
		</method>
		<method name="tile_set_shape_one_way">
			<return type="void">
			</return>
			<argument index="0" name="id" type="int">
			</argument>
			<argument index="1" name="shape_id" type="int">
			</argument>
			<argument index="2" name="one_way" type="bool">
			</argument>
			<description>
			</description>
		</method>
		<method name="tile_set_shape_one_way_margin">
			<return type="void">
			</return>
			<argument index="0" name="id" type="int">
			</argument>
			<argument index="1" name="shape_id" type="int">
			</argument>
			<argument index="2" name="one_way" type="float">
			</argument>
			<description>
			</description>
		</method>
		<method name="tile_set_shape_transform">
			<return type="void">
			</return>
			<argument index="0" name="id" type="int">
			</argument>
			<argument index="1" name="shape_id" type="int">
			</argument>
			<argument index="2" name="shape_transform" type="Transform2D">
			</argument>
			<description>
			</description>
		</method>
		<method name="tile_set_shapes">
			<return type="void">
			</return>
			<argument index="0" name="id" type="int">
			</argument>
			<argument index="1" name="shapes" type="Array">
			</argument>
			<description>
			</description>
		</method>
		<method name="tile_set_texture">
			<return type="void">
			</return>
			<argument index="0" name="id" type="int">
			</argument>
			<argument index="1" name="texture" type="Texture">
			</argument>
			<description>
			</description>
		</method>
		<method name="tile_set_texture_offset">
			<return type="void">
			</return>
			<argument index="0" name="id" type="int">
			</argument>
			<argument index="1" name="texture_offset" type="Vector2">
			</argument>
			<description>
			</description>
		</method>
		<method name="tile_set_tile_mode">
			<return type="void">
			</return>
			<argument index="0" name="id" type="int">
			</argument>
			<argument index="1" name="tilemode" type="int" enum="TileSet.TileMode">
			</argument>
			<description>
			</description>
		</method>
		<method name="tile_set_z_index">
			<return type="void">
			</return>
			<argument index="0" name="id" type="int">
			</argument>
			<argument index="1" name="z_index" type="int">
			</argument>
			<description>
			</description>
		</method>
	</methods>
	<constants>
		<constant name="BITMASK_2X2" value="0" enum="BitmaskMode">
		</constant>
		<constant name="BITMASK_3X3_MINIMAL" value="1" enum="BitmaskMode">
		</constant>
		<constant name="BITMASK_3X3" value="2" enum="BitmaskMode">
		</constant>
		<constant name="BIND_TOPLEFT" value="1" enum="AutotileBindings">
		</constant>
		<constant name="BIND_TOP" value="2" enum="AutotileBindings">
		</constant>
		<constant name="BIND_TOPRIGHT" value="4" enum="AutotileBindings">
		</constant>
		<constant name="BIND_LEFT" value="8" enum="AutotileBindings">
		</constant>
		<constant name="BIND_CENTER" value="16" enum="AutotileBindings">
		</constant>
		<constant name="BIND_RIGHT" value="32" enum="AutotileBindings">
		</constant>
		<constant name="BIND_BOTTOMLEFT" value="64" enum="AutotileBindings">
		</constant>
		<constant name="BIND_BOTTOM" value="128" enum="AutotileBindings">
		</constant>
		<constant name="BIND_BOTTOMRIGHT" value="256" enum="AutotileBindings">
		</constant>
		<constant name="SINGLE_TILE" value="0" enum="TileMode">
		</constant>
		<constant name="AUTO_TILE" value="1" enum="TileMode">
		</constant>
		<constant name="ATLAS_TILE" value="2" enum="TileMode">
		</constant>
	</constants>
</class>
