<?xml version="1.0" encoding="UTF-8" ?>
<class name="Tree" inherits="Control" version="3.2">
	<brief_description>
	</brief_description>
	<description>
	</description>
	<tutorials>
	</tutorials>
	<methods>
		<method name="are_column_titles_visible" qualifiers="const">
			<return type="bool">
			</return>
			<description>
			</description>
		</method>
		<method name="clear">
			<return type="void">
			</return>
			<description>
			</description>
		</method>
		<method name="create_item">
			<return type="TreeItem">
			</return>
			<argument index="0" name="parent" type="Object" default="null">
			</argument>
			<argument index="1" name="idx" type="int" default="-1">
			</argument>
			<description>
			</description>
		</method>
		<method name="ensure_cursor_is_visible">
			<return type="void">
			</return>
			<description>
			</description>
		</method>
		<method name="get_column_at_position" qualifiers="const">
			<return type="int">
			</return>
			<argument index="0" name="position" type="Vector2">
			</argument>
			<description>
			</description>
		</method>
		<method name="get_column_title" qualifiers="const">
			<return type="String">
			</return>
			<argument index="0" name="column" type="int">
			</argument>
			<description>
			</description>
		</method>
		<method name="get_column_width" qualifiers="const">
			<return type="int">
			</return>
			<argument index="0" name="column" type="int">
			</argument>
			<description>
			</description>
		</method>
		<method name="get_custom_popup_rect" qualifiers="const">
			<return type="Rect2">
			</return>
			<description>
			</description>
		</method>
		<method name="get_drop_section_at_position" qualifiers="const">
			<return type="int">
			</return>
			<argument index="0" name="position" type="Vector2">
			</argument>
			<description>
			</description>
		</method>
		<method name="get_edited" qualifiers="const">
			<return type="TreeItem">
			</return>
			<description>
			</description>
		</method>
		<method name="get_edited_column" qualifiers="const">
			<return type="int">
			</return>
			<description>
			</description>
		</method>
		<method name="get_item_area_rect" qualifiers="const">
			<return type="Rect2">
			</return>
			<argument index="0" name="item" type="Object">
			</argument>
			<argument index="1" name="column" type="int" default="-1">
			</argument>
			<description>
			</description>
		</method>
		<method name="get_item_at_position" qualifiers="const">
			<return type="TreeItem">
			</return>
			<argument index="0" name="position" type="Vector2">
			</argument>
			<description>
			</description>
		</method>
		<method name="get_next_selected">
			<return type="TreeItem">
			</return>
			<argument index="0" name="from" type="Object">
			</argument>
			<description>
			</description>
		</method>
		<method name="get_pressed_button" qualifiers="const">
			<return type="int">
			</return>
			<description>
			</description>
		</method>
		<method name="get_root">
			<return type="TreeItem">
			</return>
			<description>
			</description>
		</method>
		<method name="get_scroll" qualifiers="const">
			<return type="Vector2">
			</return>
			<description>
			</description>
		</method>
		<method name="get_selected" qualifiers="const">
			<return type="TreeItem">
			</return>
			<description>
			</description>
		</method>
		<method name="get_selected_column" qualifiers="const">
			<return type="int">
			</return>
			<description>
			</description>
		</method>
		<method name="set_column_expand">
			<return type="void">
			</return>
			<argument index="0" name="column" type="int">
			</argument>
			<argument index="1" name="expand" type="bool">
			</argument>
			<description>
			</description>
		</method>
		<method name="set_column_min_width">
			<return type="void">
			</return>
			<argument index="0" name="column" type="int">
			</argument>
			<argument index="1" name="min_width" type="int">
			</argument>
			<description>
			</description>
		</method>
		<method name="set_column_title">
			<return type="void">
			</return>
			<argument index="0" name="column" type="int">
			</argument>
			<argument index="1" name="title" type="String">
			</argument>
			<description>
			</description>
		</method>
		<method name="set_column_titles_visible">
			<return type="void">
			</return>
			<argument index="0" name="visible" type="bool">
			</argument>
			<description>
			</description>
		</method>
	</methods>
	<members>
		<member name="allow_reselect" type="bool" setter="set_allow_reselect" getter="get_allow_reselect" default="false">
		</member>
		<member name="allow_rmb_select" type="bool" setter="set_allow_rmb_select" getter="get_allow_rmb_select" default="false">
		</member>
		<member name="columns" type="int" setter="set_columns" getter="get_columns" default="1">
		</member>
		<member name="drop_mode_flags" type="int" setter="set_drop_mode_flags" getter="get_drop_mode_flags" default="0">
		</member>
		<member name="focus_mode" type="int" setter="set_focus_mode" getter="get_focus_mode" override="true" enum="Control.FocusMode" default="2" />
		<member name="hide_folding" type="bool" setter="set_hide_folding" getter="is_folding_hidden" default="false">
		</member>
		<member name="hide_root" type="bool" setter="set_hide_root" getter="is_root_hidden" default="false">
		</member>
		<member name="rect_clip_content" type="bool" setter="set_clip_contents" getter="is_clipping_contents" override="true" default="true" />
		<member name="select_mode" type="int" setter="set_select_mode" getter="get_select_mode" enum="Tree.SelectMode" default="0">
		</member>
	</members>
	<signals>
		<signal name="button_pressed">
			<argument index="0" name="item" type="TreeItem">
			</argument>
			<argument index="1" name="column" type="int">
			</argument>
			<argument index="2" name="id" type="int">
			</argument>
			<description>
			</description>
		</signal>
		<signal name="cell_selected">
			<description>
			</description>
		</signal>
		<signal name="column_title_pressed">
			<argument index="0" name="column" type="int">
			</argument>
			<description>
			</description>
		</signal>
		<signal name="custom_popup_edited">
			<argument index="0" name="arrow_clicked" type="bool">
			</argument>
			<description>
			</description>
		</signal>
		<signal name="empty_rmb">
			<argument index="0" name="position" type="Vector2">
			</argument>
			<description>
			</description>
		</signal>
		<signal name="empty_tree_rmb_selected">
			<argument index="0" name="position" type="Vector2">
			</argument>
			<description>
			</description>
		</signal>
		<signal name="item_activated">
			<description>
			</description>
		</signal>
		<signal name="item_collapsed">
			<argument index="0" name="item" type="TreeItem">
			</argument>
			<description>
			</description>
		</signal>
		<signal name="item_custom_button_pressed">
			<description>
			</description>
		</signal>
		<signal name="item_double_clicked">
			<description>
			</description>
		</signal>
		<signal name="item_edited">
			<description>
			</description>
		</signal>
		<signal name="item_rmb_edited">
			<description>
			</description>
		</signal>
		<signal name="item_rmb_selected">
			<argument index="0" name="position" type="Vector2">
			</argument>
			<description>
			</description>
		</signal>
		<signal name="item_selected">
			<description>
			</description>
		</signal>
		<signal name="multi_selected">
			<argument index="0" name="item" type="TreeItem">
			</argument>
			<argument index="1" name="column" type="int">
			</argument>
			<argument index="2" name="selected" type="bool">
			</argument>
			<description>
			</description>
		</signal>
		<signal name="nothing_selected">
			<description>
			</description>
		</signal>
	</signals>
	<constants>
		<constant name="SELECT_SINGLE" value="0" enum="SelectMode">
		</constant>
		<constant name="SELECT_ROW" value="1" enum="SelectMode">
		</constant>
		<constant name="SELECT_MULTI" value="2" enum="SelectMode">
		</constant>
		<constant name="DROP_MODE_DISABLED" value="0" enum="DropModeFlags">
		</constant>
		<constant name="DROP_MODE_ON_ITEM" value="1" enum="DropModeFlags">
		</constant>
		<constant name="DROP_MODE_INBETWEEN" value="2" enum="DropModeFlags">
		</constant>
	</constants>
	<theme_items>
		<theme_item name="arrow" type="Texture">
		</theme_item>
		<theme_item name="arrow_collapsed" type="Texture">
		</theme_item>
		<theme_item name="bg" type="StyleBox">
		</theme_item>
		<theme_item name="bg_focus" type="StyleBox">
		</theme_item>
		<theme_item name="button_margin" type="int" default="4">
		</theme_item>
		<theme_item name="button_pressed" type="StyleBox">
		</theme_item>
		<theme_item name="checked" type="Texture">
		</theme_item>
		<theme_item name="cursor" type="StyleBox">
		</theme_item>
		<theme_item name="cursor_unfocused" type="StyleBox">
		</theme_item>
		<theme_item name="custom_button" type="StyleBox">
		</theme_item>
		<theme_item name="custom_button_font_highlight" type="Color" default="Color( 0.94, 0.94, 0.94, 1 )">
		</theme_item>
		<theme_item name="custom_button_hover" type="StyleBox">
		</theme_item>
		<theme_item name="custom_button_pressed" type="StyleBox">
		</theme_item>
		<theme_item name="draw_guides" type="int" default="1">
		</theme_item>
		<theme_item name="draw_relationship_lines" type="int" default="0">
		</theme_item>
		<theme_item name="drop_position_color" type="Color" default="Color( 1, 0.3, 0.2, 1 )">
		</theme_item>
		<theme_item name="font" type="Font">
		</theme_item>
		<theme_item name="font_color" type="Color" default="Color( 0.69, 0.69, 0.69, 1 )">
		</theme_item>
		<theme_item name="font_color_selected" type="Color" default="Color( 1, 1, 1, 1 )">
		</theme_item>
		<theme_item name="guide_color" type="Color" default="Color( 0, 0, 0, 0.1 )">
		</theme_item>
		<theme_item name="hseparation" type="int" default="4">
		</theme_item>
		<theme_item name="item_margin" type="int" default="12">
		</theme_item>
		<theme_item name="relationship_line_color" type="Color" default="Color( 0.27, 0.27, 0.27, 1 )">
		</theme_item>
		<theme_item name="scroll_border" type="int" default="4">
		</theme_item>
		<theme_item name="scroll_speed" type="int" default="12">
		</theme_item>
		<theme_item name="select_arrow" type="Texture">
		</theme_item>
		<theme_item name="selected" type="StyleBox">
		</theme_item>
		<theme_item name="selected_focus" type="StyleBox">
		</theme_item>
		<theme_item name="title_button_color" type="Color" default="Color( 0.88, 0.88, 0.88, 1 )">
		</theme_item>
		<theme_item name="title_button_font" type="Font">
		</theme_item>
		<theme_item name="title_button_hover" type="StyleBox">
		</theme_item>
		<theme_item name="title_button_normal" type="StyleBox">
		</theme_item>
		<theme_item name="title_button_pressed" type="StyleBox">
		</theme_item>
		<theme_item name="unchecked" type="Texture">
		</theme_item>
		<theme_item name="updown" type="Texture">
		</theme_item>
		<theme_item name="vseparation" type="int" default="4">
		</theme_item>
	</theme_items>
</class>
