<?xml version="1.0" encoding="UTF-8" ?>
<class name="Tween" inherits="Node" version="3.2">
	<brief_description>
	</brief_description>
	<description>
	</description>
	<tutorials>
	</tutorials>
	<methods>
		<method name="follow_method">
			<return type="bool">
			</return>
			<argument index="0" name="object" type="Object">
			</argument>
			<argument index="1" name="method" type="String">
			</argument>
			<argument index="2" name="initial_val" type="Variant">
			</argument>
			<argument index="3" name="target" type="Object">
			</argument>
			<argument index="4" name="target_method" type="String">
			</argument>
			<argument index="5" name="duration" type="float">
			</argument>
			<argument index="6" name="trans_type" type="int" enum="Tween.TransitionType" default="0">
			</argument>
			<argument index="7" name="ease_type" type="int" enum="Tween.EaseType" default="2">
			</argument>
			<argument index="8" name="delay" type="float" default="0">
			</argument>
			<description>
			</description>
		</method>
		<method name="follow_property">
			<return type="bool">
			</return>
			<argument index="0" name="object" type="Object">
			</argument>
			<argument index="1" name="property" type="NodePath">
			</argument>
			<argument index="2" name="initial_val" type="Variant">
			</argument>
			<argument index="3" name="target" type="Object">
			</argument>
			<argument index="4" name="target_property" type="NodePath">
			</argument>
			<argument index="5" name="duration" type="float">
			</argument>
			<argument index="6" name="trans_type" type="int" enum="Tween.TransitionType" default="0">
			</argument>
			<argument index="7" name="ease_type" type="int" enum="Tween.EaseType" default="2">
			</argument>
			<argument index="8" name="delay" type="float" default="0">
			</argument>
			<description>
			</description>
		</method>
		<method name="get_runtime" qualifiers="const">
			<return type="float">
			</return>
			<description>
			</description>
		</method>
		<method name="interpolate_callback">
			<return type="bool">
			</return>
			<argument index="0" name="object" type="Object">
			</argument>
			<argument index="1" name="duration" type="float">
			</argument>
			<argument index="2" name="callback" type="String">
			</argument>
			<argument index="3" name="arg1" type="Variant" default="null">
			</argument>
			<argument index="4" name="arg2" type="Variant" default="null">
			</argument>
			<argument index="5" name="arg3" type="Variant" default="null">
			</argument>
			<argument index="6" name="arg4" type="Variant" default="null">
			</argument>
			<argument index="7" name="arg5" type="Variant" default="null">
			</argument>
			<description>
			</description>
		</method>
		<method name="interpolate_deferred_callback">
			<return type="bool">
			</return>
			<argument index="0" name="object" type="Object">
			</argument>
			<argument index="1" name="duration" type="float">
			</argument>
			<argument index="2" name="callback" type="String">
			</argument>
			<argument index="3" name="arg1" type="Variant" default="null">
			</argument>
			<argument index="4" name="arg2" type="Variant" default="null">
			</argument>
			<argument index="5" name="arg3" type="Variant" default="null">
			</argument>
			<argument index="6" name="arg4" type="Variant" default="null">
			</argument>
			<argument index="7" name="arg5" type="Variant" default="null">
			</argument>
			<description>
			</description>
		</method>
		<method name="interpolate_method">
			<return type="bool">
			</return>
			<argument index="0" name="object" type="Object">
			</argument>
			<argument index="1" name="method" type="String">
			</argument>
			<argument index="2" name="initial_val" type="Variant">
			</argument>
			<argument index="3" name="final_val" type="Variant">
			</argument>
			<argument index="4" name="duration" type="float">
			</argument>
			<argument index="5" name="trans_type" type="int" enum="Tween.TransitionType" default="0">
			</argument>
			<argument index="6" name="ease_type" type="int" enum="Tween.EaseType" default="2">
			</argument>
			<argument index="7" name="delay" type="float" default="0">
			</argument>
			<description>
			</description>
		</method>
		<method name="interpolate_property">
			<return type="bool">
			</return>
			<argument index="0" name="object" type="Object">
			</argument>
			<argument index="1" name="property" type="NodePath">
			</argument>
			<argument index="2" name="initial_val" type="Variant">
			</argument>
			<argument index="3" name="final_val" type="Variant">
			</argument>
			<argument index="4" name="duration" type="float">
			</argument>
			<argument index="5" name="trans_type" type="int" enum="Tween.TransitionType" default="0">
			</argument>
			<argument index="6" name="ease_type" type="int" enum="Tween.EaseType" default="2">
			</argument>
			<argument index="7" name="delay" type="float" default="0">
			</argument>
			<description>
			</description>
		</method>
		<method name="is_active" qualifiers="const">
			<return type="bool">
			</return>
			<description>
			</description>
		</method>
		<method name="remove">
			<return type="bool">
			</return>
			<argument index="0" name="object" type="Object">
			</argument>
			<argument index="1" name="key" type="String" default="&quot;&quot;">
			</argument>
			<description>
			</description>
		</method>
		<method name="remove_all">
			<return type="bool">
			</return>
			<description>
			</description>
		</method>
		<method name="reset">
			<return type="bool">
			</return>
			<argument index="0" name="object" type="Object">
			</argument>
			<argument index="1" name="key" type="String" default="&quot;&quot;">
			</argument>
			<description>
			</description>
		</method>
		<method name="reset_all">
			<return type="bool">
			</return>
			<description>
			</description>
		</method>
		<method name="resume">
			<return type="bool">
			</return>
			<argument index="0" name="object" type="Object">
			</argument>
			<argument index="1" name="key" type="String" default="&quot;&quot;">
			</argument>
			<description>
			</description>
		</method>
		<method name="resume_all">
			<return type="bool">
			</return>
			<description>
			</description>
		</method>
		<method name="seek">
			<return type="bool">
			</return>
			<argument index="0" name="time" type="float">
			</argument>
			<description>
			</description>
		</method>
		<method name="set_active">
			<return type="void">
			</return>
			<argument index="0" name="active" type="bool">
			</argument>
			<description>
			</description>
		</method>
		<method name="start">
			<return type="bool">
			</return>
			<description>
			</description>
		</method>
		<method name="stop">
			<return type="bool">
			</return>
			<argument index="0" name="object" type="Object">
			</argument>
			<argument index="1" name="key" type="String" default="&quot;&quot;">
			</argument>
			<description>
			</description>
		</method>
		<method name="stop_all">
			<return type="bool">
			</return>
			<description>
			</description>
		</method>
		<method name="targeting_method">
			<return type="bool">
			</return>
			<argument index="0" name="object" type="Object">
			</argument>
			<argument index="1" name="method" type="String">
			</argument>
			<argument index="2" name="initial" type="Object">
			</argument>
			<argument index="3" name="initial_method" type="String">
			</argument>
			<argument index="4" name="final_val" type="Variant">
			</argument>
			<argument index="5" name="duration" type="float">
			</argument>
			<argument index="6" name="trans_type" type="int" enum="Tween.TransitionType" default="0">
			</argument>
			<argument index="7" name="ease_type" type="int" enum="Tween.EaseType" default="2">
			</argument>
			<argument index="8" name="delay" type="float" default="0">
			</argument>
			<description>
			</description>
		</method>
		<method name="targeting_property">
			<return type="bool">
			</return>
			<argument index="0" name="object" type="Object">
			</argument>
			<argument index="1" name="property" type="NodePath">
			</argument>
			<argument index="2" name="initial" type="Object">
			</argument>
			<argument index="3" name="initial_val" type="NodePath">
			</argument>
			<argument index="4" name="final_val" type="Variant">
			</argument>
			<argument index="5" name="duration" type="float">
			</argument>
			<argument index="6" name="trans_type" type="int" enum="Tween.TransitionType" default="0">
			</argument>
			<argument index="7" name="ease_type" type="int" enum="Tween.EaseType" default="2">
			</argument>
			<argument index="8" name="delay" type="float" default="0">
			</argument>
			<description>
			</description>
		</method>
		<method name="tell" qualifiers="const">
			<return type="float">
			</return>
			<description>
			</description>
		</method>
	</methods>
	<members>
		<member name="playback_process_mode" type="int" setter="set_tween_process_mode" getter="get_tween_process_mode" enum="Tween.TweenProcessMode" default="1">
		</member>
		<member name="playback_speed" type="float" setter="set_speed_scale" getter="get_speed_scale" default="1.0">
		</member>
		<member name="repeat" type="bool" setter="set_repeat" getter="is_repeat" default="false">
		</member>
	</members>
	<signals>
		<signal name="tween_all_completed">
			<description>
			</description>
		</signal>
		<signal name="tween_completed">
			<argument index="0" name="object" type="Object">
			</argument>
			<argument index="1" name="key" type="NodePath">
			</argument>
			<description>
			</description>
		</signal>
		<signal name="tween_started">
			<argument index="0" name="object" type="Object">
			</argument>
			<argument index="1" name="key" type="NodePath">
			</argument>
			<description>
			</description>
		</signal>
		<signal name="tween_step">
			<argument index="0" name="object" type="Object">
			</argument>
			<argument index="1" name="key" type="NodePath">
			</argument>
			<argument index="2" name="elapsed" type="float">
			</argument>
			<argument index="3" name="value" type="Object">
			</argument>
			<description>
			</description>
		</signal>
	</signals>
	<constants>
		<constant name="TWEEN_PROCESS_PHYSICS" value="0" enum="TweenProcessMode">
		</constant>
		<constant name="TWEEN_PROCESS_IDLE" value="1" enum="TweenProcessMode">
		</constant>
		<constant name="TRANS_LINEAR" value="0" enum="TransitionType">
		</constant>
		<constant name="TRANS_SINE" value="1" enum="TransitionType">
		</constant>
		<constant name="TRANS_QUINT" value="2" enum="TransitionType">
		</constant>
		<constant name="TRANS_QUART" value="3" enum="TransitionType">
		</constant>
		<constant name="TRANS_QUAD" value="4" enum="TransitionType">
		</constant>
		<constant name="TRANS_EXPO" value="5" enum="TransitionType">
		</constant>
		<constant name="TRANS_ELASTIC" value="6" enum="TransitionType">
		</constant>
		<constant name="TRANS_CUBIC" value="7" enum="TransitionType">
		</constant>
		<constant name="TRANS_CIRC" value="8" enum="TransitionType">
		</constant>
		<constant name="TRANS_BOUNCE" value="9" enum="TransitionType">
		</constant>
		<constant name="TRANS_BACK" value="10" enum="TransitionType">
		</constant>
		<constant name="EASE_IN" value="0" enum="EaseType">
		</constant>
		<constant name="EASE_OUT" value="1" enum="EaseType">
		</constant>
		<constant name="EASE_IN_OUT" value="2" enum="EaseType">
		</constant>
		<constant name="EASE_OUT_IN" value="3" enum="EaseType">
		</constant>
	</constants>
</class>
