<?xml version="1.0" encoding="UTF-8" ?>
<class name="Vector2" version="3.2">
	<brief_description>
	</brief_description>
	<description>
	</description>
	<tutorials>
	</tutorials>
	<methods>
		<method name="Vector2">
			<return type="Vector2">
			</return>
			<argument index="0" name="x" type="float">
			</argument>
			<argument index="1" name="y" type="float">
			</argument>
			<description>
			</description>
		</method>
		<method name="abs">
			<return type="Vector2">
			</return>
			<description>
			</description>
		</method>
		<method name="angle">
			<return type="float">
			</return>
			<description>
			</description>
		</method>
		<method name="angle_to">
			<return type="float">
			</return>
			<argument index="0" name="to" type="Vector2">
			</argument>
			<description>
			</description>
		</method>
		<method name="angle_to_point">
			<return type="float">
			</return>
			<argument index="0" name="to" type="Vector2">
			</argument>
			<description>
			</description>
		</method>
		<method name="aspect">
			<return type="float">
			</return>
			<description>
			</description>
		</method>
		<method name="bounce">
			<return type="Vector2">
			</return>
			<argument index="0" name="n" type="Vector2">
			</argument>
			<description>
			</description>
		</method>
		<method name="ceil">
			<return type="Vector2">
			</return>
			<description>
			</description>
		</method>
		<method name="clamped">
			<return type="Vector2">
			</return>
			<argument index="0" name="length" type="float">
			</argument>
			<description>
			</description>
		</method>
		<method name="cross">
			<return type="float">
			</return>
			<argument index="0" name="with" type="Vector2">
			</argument>
			<description>
			</description>
		</method>
		<method name="cubic_interpolate">
			<return type="Vector2">
			</return>
			<argument index="0" name="b" type="Vector2">
			</argument>
			<argument index="1" name="pre_a" type="Vector2">
			</argument>
			<argument index="2" name="post_b" type="Vector2">
			</argument>
			<argument index="3" name="t" type="float">
			</argument>
			<description>
			</description>
		</method>
		<method name="direction_to">
			<return type="Vector2">
			</return>
			<argument index="0" name="b" type="Vector2">
			</argument>
			<description>
			</description>
		</method>
		<method name="distance_squared_to">
			<return type="float">
			</return>
			<argument index="0" name="to" type="Vector2">
			</argument>
			<description>
			</description>
		</method>
		<method name="distance_to">
			<return type="float">
			</return>
			<argument index="0" name="to" type="Vector2">
			</argument>
			<description>
			</description>
		</method>
		<method name="dot">
			<return type="float">
			</return>
			<argument index="0" name="with" type="Vector2">
			</argument>
			<description>
			</description>
		</method>
		<method name="floor">
			<return type="Vector2">
			</return>
			<description>
			</description>
		</method>
		<method name="is_equal_approx">
			<return type="bool">
			</return>
			<argument index="0" name="v" type="Vector2">
			</argument>
			<description>
			</description>
		</method>
		<method name="is_normalized">
			<return type="bool">
			</return>
			<description>
			</description>
		</method>
		<method name="length">
			<return type="float">
			</return>
			<description>
			</description>
		</method>
		<method name="length_squared">
			<return type="float">
			</return>
			<description>
			</description>
		</method>
		<method name="linear_interpolate">
			<return type="Vector2">
			</return>
			<argument index="0" name="b" type="Vector2">
			</argument>
			<argument index="1" name="t" type="float">
			</argument>
			<description>
			</description>
		</method>
		<method name="move_toward">
			<return type="Vector2">
			</return>
			<argument index="0" name="to" type="Vector2">
			</argument>
			<argument index="1" name="delta" type="float">
			</argument>
			<description>
			</description>
		</method>
		<method name="normalized">
			<return type="Vector2">
			</return>
			<description>
			</description>
		</method>
		<method name="posmod">
			<return type="Vector2">
			</return>
			<argument index="0" name="mod" type="float">
			</argument>
			<description>
			</description>
		</method>
		<method name="posmodv">
			<return type="Vector2">
			</return>
			<argument index="0" name="modv" type="Vector2">
			</argument>
			<description>
			</description>
		</method>
		<method name="project">
			<return type="Vector2">
			</return>
			<argument index="0" name="b" type="Vector2">
			</argument>
			<description>
			</description>
		</method>
		<method name="reflect">
			<return type="Vector2">
			</return>
			<argument index="0" name="n" type="Vector2">
			</argument>
			<description>
			</description>
		</method>
		<method name="rotated">
			<return type="Vector2">
			</return>
			<argument index="0" name="phi" type="float">
			</argument>
			<description>
			</description>
		</method>
		<method name="round">
			<return type="Vector2">
			</return>
			<description>
			</description>
		</method>
		<method name="sign">
			<return type="Vector2">
			</return>
			<description>
			</description>
		</method>
		<method name="slerp">
			<return type="Vector2">
			</return>
			<argument index="0" name="b" type="Vector2">
			</argument>
			<argument index="1" name="t" type="float">
			</argument>
			<description>
			</description>
		</method>
		<method name="slide">
			<return type="Vector2">
			</return>
			<argument index="0" name="n" type="Vector2">
			</argument>
			<description>
			</description>
		</method>
		<method name="snapped">
			<return type="Vector2">
			</return>
			<argument index="0" name="by" type="Vector2">
			</argument>
			<description>
			</description>
		</method>
		<method name="tangent">
			<return type="Vector2">
			</return>
			<description>
			</description>
		</method>
	</methods>
	<members>
		<member name="x" type="float" setter="" getter="" default="0.0">
		</member>
		<member name="y" type="float" setter="" getter="" default="0.0">
		</member>
	</members>
	<constants>
		<constant name="AXIS_X" value="0">
		</constant>
		<constant name="AXIS_Y" value="1">
		</constant>
		<constant name="ZERO" value="Vector2( 0, 0 )">
		</constant>
		<constant name="ONE" value="Vector2( 1, 1 )">
		</constant>
		<constant name="INF" value="Vector2( inf, inf )">
		</constant>
		<constant name="LEFT" value="Vector2( -1, 0 )">
		</constant>
		<constant name="RIGHT" value="Vector2( 1, 0 )">
		</constant>
		<constant name="UP" value="Vector2( 0, -1 )">
		</constant>
		<constant name="DOWN" value="Vector2( 0, 1 )">
		</constant>
	</constants>
</class>
