<?xml version="1.0" encoding="UTF-8" ?>
<class name="VideoPlayer" inherits="Control" version="3.2">
	<brief_description>
	</brief_description>
	<description>
	</description>
	<tutorials>
	</tutorials>
	<methods>
		<method name="get_stream_name" qualifiers="const">
			<return type="String">
			</return>
			<description>
			</description>
		</method>
		<method name="get_video_texture" qualifiers="const">
			<return type="Texture">
			</return>
			<description>
			</description>
		</method>
		<method name="is_playing" qualifiers="const">
			<return type="bool">
			</return>
			<description>
			</description>
		</method>
		<method name="play">
			<return type="void">
			</return>
			<description>
			</description>
		</method>
		<method name="stop">
			<return type="void">
			</return>
			<description>
			</description>
		</method>
	</methods>
	<members>
		<member name="audio_track" type="int" setter="set_audio_track" getter="get_audio_track" default="0">
		</member>
		<member name="autoplay" type="bool" setter="set_autoplay" getter="has_autoplay" default="false">
		</member>
		<member name="buffering_msec" type="int" setter="set_buffering_msec" getter="get_buffering_msec" default="500">
		</member>
		<member name="bus" type="String" setter="set_bus" getter="get_bus" default="&quot;Master&quot;">
		</member>
		<member name="expand" type="bool" setter="set_expand" getter="has_expand" default="true">
		</member>
		<member name="paused" type="bool" setter="set_paused" getter="is_paused" default="false">
		</member>
		<member name="stream" type="VideoStream" setter="set_stream" getter="get_stream">
		</member>
		<member name="stream_position" type="float" setter="set_stream_position" getter="get_stream_position">
		</member>
		<member name="volume" type="float" setter="set_volume" getter="get_volume">
		</member>
		<member name="volume_db" type="float" setter="set_volume_db" getter="get_volume_db" default="0.0">
		</member>
	</members>
	<signals>
		<signal name="finished">
			<description>
			</description>
		</signal>
	</signals>
	<constants>
	</constants>
</class>
