<?xml version="1.0" encoding="UTF-8" ?>
<class name="Viewport" inherits="Node" version="3.2">
	<brief_description>
	</brief_description>
	<description>
	</description>
	<tutorials>
	</tutorials>
	<methods>
		<method name="find_world" qualifiers="const">
			<return type="World">
			</return>
			<description>
			</description>
		</method>
		<method name="find_world_2d" qualifiers="const">
			<return type="World2D">
			</return>
			<description>
			</description>
		</method>
		<method name="get_camera" qualifiers="const">
			<return type="Camera">
			</return>
			<description>
			</description>
		</method>
		<method name="get_final_transform" qualifiers="const">
			<return type="Transform2D">
			</return>
			<description>
			</description>
		</method>
		<method name="get_modal_stack_top" qualifiers="const">
			<return type="Control">
			</return>
			<description>
			</description>
		</method>
		<method name="get_mouse_position" qualifiers="const">
			<return type="Vector2">
			</return>
			<description>
			</description>
		</method>
		<method name="get_render_info">
			<return type="int">
			</return>
			<argument index="0" name="info" type="int" enum="Viewport.RenderInfo">
			</argument>
			<description>
			</description>
		</method>
		<method name="get_shadow_atlas_quadrant_subdiv" qualifiers="const">
			<return type="int" enum="Viewport.ShadowAtlasQuadrantSubdiv">
			</return>
			<argument index="0" name="quadrant" type="int">
			</argument>
			<description>
			</description>
		</method>
		<method name="get_size_override" qualifiers="const">
			<return type="Vector2">
			</return>
			<description>
			</description>
		</method>
		<method name="get_texture" qualifiers="const">
			<return type="ViewportTexture">
			</return>
			<description>
			</description>
		</method>
		<method name="get_viewport_rid" qualifiers="const">
			<return type="RID">
			</return>
			<description>
			</description>
		</method>
		<method name="get_visible_rect" qualifiers="const">
			<return type="Rect2">
			</return>
			<description>
			</description>
		</method>
		<method name="gui_get_drag_data" qualifiers="const">
			<return type="Variant">
			</return>
			<description>
			</description>
		</method>
		<method name="gui_has_modal_stack" qualifiers="const">
			<return type="bool">
			</return>
			<description>
			</description>
		</method>
		<method name="gui_is_dragging" qualifiers="const">
			<return type="bool">
			</return>
			<description>
			</description>
		</method>
		<method name="input">
			<return type="void">
			</return>
			<argument index="0" name="local_event" type="InputEvent">
			</argument>
			<description>
			</description>
		</method>
		<method name="is_input_handled" qualifiers="const">
			<return type="bool">
			</return>
			<description>
			</description>
		</method>
		<method name="is_size_override_enabled" qualifiers="const">
			<return type="bool">
			</return>
			<description>
			</description>
		</method>
		<method name="set_attach_to_screen_rect">
			<return type="void">
			</return>
			<argument index="0" name="rect" type="Rect2">
			</argument>
			<description>
			</description>
		</method>
		<method name="set_input_as_handled">
			<return type="void">
			</return>
			<description>
			</description>
		</method>
		<method name="set_shadow_atlas_quadrant_subdiv">
			<return type="void">
			</return>
			<argument index="0" name="quadrant" type="int">
			</argument>
			<argument index="1" name="subdiv" type="int" enum="Viewport.ShadowAtlasQuadrantSubdiv">
			</argument>
			<description>
			</description>
		</method>
		<method name="set_size_override">
			<return type="void">
			</return>
			<argument index="0" name="enable" type="bool">
			</argument>
			<argument index="1" name="size" type="Vector2" default="Vector2( -1, -1 )">
			</argument>
			<argument index="2" name="margin" type="Vector2" default="Vector2( 0, 0 )">
			</argument>
			<description>
			</description>
		</method>
		<method name="unhandled_input">
			<return type="void">
			</return>
			<argument index="0" name="local_event" type="InputEvent">
			</argument>
			<description>
			</description>
		</method>
		<method name="update_worlds">
			<return type="void">
			</return>
			<description>
			</description>
		</method>
		<method name="warp_mouse">
			<return type="void">
			</return>
			<argument index="0" name="to_position" type="Vector2">
			</argument>
			<description>
			</description>
		</method>
	</methods>
	<members>
		<member name="arvr" type="bool" setter="set_use_arvr" getter="use_arvr" default="false">
		</member>
		<member name="audio_listener_enable_2d" type="bool" setter="set_as_audio_listener_2d" getter="is_audio_listener_2d" default="false">
		</member>
		<member name="audio_listener_enable_3d" type="bool" setter="set_as_audio_listener" getter="is_audio_listener" default="false">
		</member>
		<member name="canvas_transform" type="Transform2D" setter="set_canvas_transform" getter="get_canvas_transform">
		</member>
		<member name="debug_draw" type="int" setter="set_debug_draw" getter="get_debug_draw" enum="Viewport.DebugDraw" default="0">
		</member>
		<member name="disable_3d" type="bool" setter="set_disable_3d" getter="is_3d_disabled" default="false">
		</member>
		<member name="global_canvas_transform" type="Transform2D" setter="set_global_canvas_transform" getter="get_global_canvas_transform">
		</member>
		<member name="gui_disable_input" type="bool" setter="set_disable_input" getter="is_input_disabled" default="false">
		</member>
		<member name="gui_snap_controls_to_pixels" type="bool" setter="set_snap_controls_to_pixels" getter="is_snap_controls_to_pixels_enabled" default="true">
		</member>
		<member name="handle_input_locally" type="bool" setter="set_handle_input_locally" getter="is_handling_input_locally" default="true">
		</member>
		<member name="hdr" type="bool" setter="set_hdr" getter="get_hdr" default="true">
		</member>
		<member name="keep_3d_linear" type="bool" setter="set_keep_3d_linear" getter="get_keep_3d_linear" default="false">
		</member>
		<member name="msaa" type="int" setter="set_msaa" getter="get_msaa" enum="Viewport.MSAA" default="0">
		</member>
		<member name="own_world" type="bool" setter="set_use_own_world" getter="is_using_own_world" default="false">
		</member>
		<member name="physics_object_picking" type="bool" setter="set_physics_object_picking" getter="get_physics_object_picking" default="false">
		</member>
		<member name="render_direct_to_screen" type="bool" setter="set_use_render_direct_to_screen" getter="is_using_render_direct_to_screen" default="false">
		</member>
		<member name="render_target_clear_mode" type="int" setter="set_clear_mode" getter="get_clear_mode" enum="Viewport.ClearMode" default="0">
		</member>
		<member name="render_target_update_mode" type="int" setter="set_update_mode" getter="get_update_mode" enum="Viewport.UpdateMode" default="2">
		</member>
		<member name="render_target_v_flip" type="bool" setter="set_vflip" getter="get_vflip" default="false">
		</member>
		<member name="shadow_atlas_quad_0" type="int" setter="set_shadow_atlas_quadrant_subdiv" getter="get_shadow_atlas_quadrant_subdiv" enum="Viewport.ShadowAtlasQuadrantSubdiv" default="2">
		</member>
		<member name="shadow_atlas_quad_1" type="int" setter="set_shadow_atlas_quadrant_subdiv" getter="get_shadow_atlas_quadrant_subdiv" enum="Viewport.ShadowAtlasQuadrantSubdiv" default="2">
		</member>
		<member name="shadow_atlas_quad_2" type="int" setter="set_shadow_atlas_quadrant_subdiv" getter="get_shadow_atlas_quadrant_subdiv" enum="Viewport.ShadowAtlasQuadrantSubdiv" default="3">
		</member>
		<member name="shadow_atlas_quad_3" type="int" setter="set_shadow_atlas_quadrant_subdiv" getter="get_shadow_atlas_quadrant_subdiv" enum="Viewport.ShadowAtlasQuadrantSubdiv" default="4">
		</member>
		<member name="shadow_atlas_size" type="int" setter="set_shadow_atlas_size" getter="get_shadow_atlas_size" default="0">
		</member>
		<member name="size" type="Vector2" setter="set_size" getter="get_size" default="Vector2( 0, 0 )">
		</member>
		<member name="size_override_stretch" type="bool" setter="set_size_override_stretch" getter="is_size_override_stretch_enabled" default="false">
		</member>
		<member name="transparent_bg" type="bool" setter="set_transparent_background" getter="has_transparent_background" default="false">
		</member>
		<member name="usage" type="int" setter="set_usage" getter="get_usage" enum="Viewport.Usage" default="2">
		</member>
		<member name="world" type="World" setter="set_world" getter="get_world">
		</member>
		<member name="world_2d" type="World2D" setter="set_world_2d" getter="get_world_2d">
		</member>
	</members>
	<signals>
		<signal name="gui_focus_changed">
			<argument index="0" name="node" type="Control">
			</argument>
			<description>
			</description>
		</signal>
		<signal name="size_changed">
			<description>
			</description>
		</signal>
	</signals>
	<constants>
		<constant name="UPDATE_DISABLED" value="0" enum="UpdateMode">
		</constant>
		<constant name="UPDATE_ONCE" value="1" enum="UpdateMode">
		</constant>
		<constant name="UPDATE_WHEN_VISIBLE" value="2" enum="UpdateMode">
		</constant>
		<constant name="UPDATE_ALWAYS" value="3" enum="UpdateMode">
		</constant>
		<constant name="SHADOW_ATLAS_QUADRANT_SUBDIV_DISABLED" value="0" enum="ShadowAtlasQuadrantSubdiv">
		</constant>
		<constant name="SHADOW_ATLAS_QUADRANT_SUBDIV_1" value="1" enum="ShadowAtlasQuadrantSubdiv">
		</constant>
		<constant name="SHADOW_ATLAS_QUADRANT_SUBDIV_4" value="2" enum="ShadowAtlasQuadrantSubdiv">
		</constant>
		<constant name="SHADOW_ATLAS_QUADRANT_SUBDIV_16" value="3" enum="ShadowAtlasQuadrantSubdiv">
		</constant>
		<constant name="SHADOW_ATLAS_QUADRANT_SUBDIV_64" value="4" enum="ShadowAtlasQuadrantSubdiv">
		</constant>
		<constant name="SHADOW_ATLAS_QUADRANT_SUBDIV_256" value="5" enum="ShadowAtlasQuadrantSubdiv">
		</constant>
		<constant name="SHADOW_ATLAS_QUADRANT_SUBDIV_1024" value="6" enum="ShadowAtlasQuadrantSubdiv">
		</constant>
		<constant name="SHADOW_ATLAS_QUADRANT_SUBDIV_MAX" value="7" enum="ShadowAtlasQuadrantSubdiv">
		</constant>
		<constant name="RENDER_INFO_OBJECTS_IN_FRAME" value="0" enum="RenderInfo">
		</constant>
		<constant name="RENDER_INFO_VERTICES_IN_FRAME" value="1" enum="RenderInfo">
		</constant>
		<constant name="RENDER_INFO_MATERIAL_CHANGES_IN_FRAME" value="2" enum="RenderInfo">
		</constant>
		<constant name="RENDER_INFO_SHADER_CHANGES_IN_FRAME" value="3" enum="RenderInfo">
		</constant>
		<constant name="RENDER_INFO_SURFACE_CHANGES_IN_FRAME" value="4" enum="RenderInfo">
		</constant>
		<constant name="RENDER_INFO_DRAW_CALLS_IN_FRAME" value="5" enum="RenderInfo">
		</constant>
		<constant name="RENDER_INFO_MAX" value="6" enum="RenderInfo">
		</constant>
		<constant name="DEBUG_DRAW_DISABLED" value="0" enum="DebugDraw">
		</constant>
		<constant name="DEBUG_DRAW_UNSHADED" value="1" enum="DebugDraw">
		</constant>
		<constant name="DEBUG_DRAW_OVERDRAW" value="2" enum="DebugDraw">
		</constant>
		<constant name="DEBUG_DRAW_WIREFRAME" value="3" enum="DebugDraw">
		</constant>
		<constant name="MSAA_DISABLED" value="0" enum="MSAA">
		</constant>
		<constant name="MSAA_2X" value="1" enum="MSAA">
		</constant>
		<constant name="MSAA_4X" value="2" enum="MSAA">
		</constant>
		<constant name="MSAA_8X" value="3" enum="MSAA">
		</constant>
		<constant name="MSAA_16X" value="4" enum="MSAA">
		</constant>
		<constant name="USAGE_2D" value="0" enum="Usage">
		</constant>
		<constant name="USAGE_2D_NO_SAMPLING" value="1" enum="Usage">
		</constant>
		<constant name="USAGE_3D" value="2" enum="Usage">
		</constant>
		<constant name="USAGE_3D_NO_EFFECTS" value="3" enum="Usage">
		</constant>
		<constant name="CLEAR_MODE_ALWAYS" value="0" enum="ClearMode">
		</constant>
		<constant name="CLEAR_MODE_NEVER" value="1" enum="ClearMode">
		</constant>
		<constant name="CLEAR_MODE_ONLY_NEXT_FRAME" value="2" enum="ClearMode">
		</constant>
	</constants>
</class>
