<?xml version="1.0" encoding="UTF-8" ?>
<class name="ViewportTexture" inherits="Texture" version="3.2">
	<brief_description>
	</brief_description>
	<description>
	</description>
	<tutorials>
	</tutorials>
	<methods>
	</methods>
	<members>
		<member name="flags" type="int" setter="set_flags" getter="get_flags" override="true" default="0" />
		<member name="resource_local_to_scene" type="bool" setter="set_local_to_scene" getter="is_local_to_scene" override="true" default="true" />
		<member name="viewport_path" type="NodePath" setter="set_viewport_path_in_scene" getter="get_viewport_path_in_scene" default="NodePath(&quot;&quot;)">
		</member>
	</members>
	<constants>
	</constants>
</class>
