<?xml version="1.0" encoding="UTF-8" ?>
<class name="VisibilityEnabler" inherits="VisibilityNotifier" version="3.2">
	<brief_description>
	</brief_description>
	<description>
	</description>
	<tutorials>
	</tutorials>
	<methods>
		<method name="is_enabler_enabled" qualifiers="const">
			<return type="bool">
			</return>
			<argument index="0" name="enabler" type="int" enum="VisibilityEnabler.Enabler">
			</argument>
			<description>
			</description>
		</method>
		<method name="set_enabler">
			<return type="void">
			</return>
			<argument index="0" name="enabler" type="int" enum="VisibilityEnabler.Enabler">
			</argument>
			<argument index="1" name="enabled" type="bool">
			</argument>
			<description>
			</description>
		</method>
	</methods>
	<members>
		<member name="freeze_bodies" type="bool" setter="set_enabler" getter="is_enabler_enabled" default="true">
		</member>
		<member name="pause_animations" type="bool" setter="set_enabler" getter="is_enabler_enabled" default="true">
		</member>
	</members>
	<constants>
		<constant name="ENABLER_PAUSE_ANIMATIONS" value="0" enum="Enabler">
		</constant>
		<constant name="ENABLER_FREEZE_BODIES" value="1" enum="Enabler">
		</constant>
		<constant name="ENABLER_MAX" value="2" enum="Enabler">
		</constant>
	</constants>
</class>
