<?xml version="1.0" encoding="UTF-8" ?>
<class name="VisibilityNotifier2D" inherits="Node2D" version="3.2">
	<brief_description>
	</brief_description>
	<description>
	</description>
	<tutorials>
	</tutorials>
	<methods>
		<method name="is_on_screen" qualifiers="const">
			<return type="bool">
			</return>
			<description>
			</description>
		</method>
	</methods>
	<members>
		<member name="rect" type="Rect2" setter="set_rect" getter="get_rect" default="Rect2( -10, -10, 20, 20 )">
		</member>
	</members>
	<signals>
		<signal name="screen_entered">
			<description>
			</description>
		</signal>
		<signal name="screen_exited">
			<description>
			</description>
		</signal>
		<signal name="viewport_entered">
			<argument index="0" name="viewport" type="Viewport">
			</argument>
			<description>
			</description>
		</signal>
		<signal name="viewport_exited">
			<argument index="0" name="viewport" type="Viewport">
			</argument>
			<description>
			</description>
		</signal>
	</signals>
	<constants>
	</constants>
</class>
