<?xml version="1.0" encoding="UTF-8" ?>
<class name="VisualInstance" inherits="Spatial" version="3.2">
	<brief_description>
	</brief_description>
	<description>
	</description>
	<tutorials>
	</tutorials>
	<methods>
		<method name="get_aabb" qualifiers="const">
			<return type="AABB">
			</return>
			<description>
			</description>
		</method>
		<method name="get_base" qualifiers="const">
			<return type="RID">
			</return>
			<description>
			</description>
		</method>
		<method name="get_instance" qualifiers="const">
			<return type="RID">
			</return>
			<description>
			</description>
		</method>
		<method name="get_layer_mask_bit" qualifiers="const">
			<return type="bool">
			</return>
			<argument index="0" name="layer" type="int">
			</argument>
			<description>
			</description>
		</method>
		<method name="get_transformed_aabb" qualifiers="const">
			<return type="AABB">
			</return>
			<description>
			</description>
		</method>
		<method name="set_base">
			<return type="void">
			</return>
			<argument index="0" name="base" type="RID">
			</argument>
			<description>
			</description>
		</method>
		<method name="set_layer_mask_bit">
			<return type="void">
			</return>
			<argument index="0" name="layer" type="int">
			</argument>
			<argument index="1" name="enabled" type="bool">
			</argument>
			<description>
			</description>
		</method>
	</methods>
	<members>
		<member name="layers" type="int" setter="set_layer_mask" getter="get_layer_mask" default="1">
		</member>
	</members>
	<constants>
	</constants>
</class>
