<?xml version="1.0" encoding="UTF-8" ?>
<class name="VisualShaderNodeInput" inherits="VisualShaderNode" version="3.2">
	<brief_description>
	</brief_description>
	<description>
	</description>
	<tutorials>
	</tutorials>
	<methods>
		<method name="get_input_real_name" qualifiers="const">
			<return type="String">
			</return>
			<description>
			</description>
		</method>
	</methods>
	<members>
		<member name="input_name" type="String" setter="set_input_name" getter="get_input_name" default="&quot;[None]&quot;">
		</member>
	</members>
	<signals>
		<signal name="input_type_changed">
			<description>
			</description>
		</signal>
	</signals>
	<constants>
	</constants>
</class>
