<?xml version="1.0" encoding="UTF-8" ?>
<class name="AnimationNodeOutput" inherits="AnimationNode" version="3.5" xmlns:xsi="http://www.w3.org/2001/XMLSchema-instance" xsi:noNamespaceSchemaLocation="../class.xsd">
	<brief_description>
		Generic output node to be added to [AnimationNodeBlendTree].
	</brief_description>
	<description>
	</description>
	<tutorials>
		<link title="AnimationTree">$DOCS_URL/tutorials/animation/animation_tree.html</link>
		<link title="3D Platformer Demo">https://godotengine.org/asset-library/asset/125</link>
		<link title="Third Person Shooter Demo">https://godotengine.org/asset-library/asset/678</link>
	</tutorials>
	<methods>
	</methods>
	<constants>
	</constants>
</class>
