<?xml version="1.0" encoding="UTF-8" ?>
<class name="ARVRAnchor" inherits="Spatial" version="3.5" xmlns:xsi="http://www.w3.org/2001/XMLSchema-instance" xsi:noNamespaceSchemaLocation="../class.xsd">
	<brief_description>
		An anchor point in AR space.
	</brief_description>
	<description>
		The [ARVRAnchor] point is a spatial node that maps a real world location identified by the AR platform to a position within the game world. For example, as long as plane detection in ARKit is on, ARKit will identify and update the position of planes (tables, floors, etc) and create anchors for them.
		This node is mapped to one of the anchors through its unique ID. When you receive a signal that a new anchor is available, you should add this node to your scene for that anchor. You can predefine nodes and set the ID; the nodes will simply remain on 0,0,0 until a plane is recognized.
		Keep in mind that, as long as plane detection is enabled, the size, placing and orientation of an anchor will be updated as the detection logic learns more about the real world out there especially if only part of the surface is in view.
	</description>
	<tutorials>
	</tutorials>
	<methods>
		<method name="get_anchor_name" qualifiers="const">
			<return type="String" />
			<description>
				Returns the name given to this anchor.
			</description>
		</method>
		<method name="get_is_active" qualifiers="const">
			<return type="bool" />
			<description>
				Returns [code]true[/code] if the anchor is being tracked and [code]false[/code] if no anchor with this ID is currently known.
			</description>
		</method>
		<method name="get_mesh" qualifiers="const">
			<return type="Mesh" />
			<description>
				If provided by the [ARVRInterface], this returns a mesh object for the anchor. For an anchor, this can be a shape related to the object being tracked or it can be a mesh that provides topology related to the anchor and can be used to create shadows/reflections on surfaces or for generating collision shapes.
			</description>
		</method>
		<method name="get_plane" qualifiers="const">
			<return type="Plane" />
			<description>
				Returns a plane aligned with our anchor; handy for intersection testing.
			</description>
		</method>
		<method name="get_size" qualifiers="const">
			<return type="Vector3" />
			<description>
				Returns the estimated size of the plane that was detected. Say when the anchor relates to a table in the real world, this is the estimated size of the surface of that table.
			</description>
		</method>
	</methods>
	<members>
		<member name="anchor_id" type="int" setter="set_anchor_id" getter="get_anchor_id" default="1">
			The anchor's ID. You can set this before the anchor itself exists. The first anchor gets an ID of [code]1[/code], the second an ID of [code]2[/code], etc. When anchors get removed, the engine can then assign the corresponding ID to new anchors. The most common situation where anchors "disappear" is when the AR server identifies that two anchors represent different parts of the same plane and merges them.
		</member>
	</members>
	<signals>
		<signal name="mesh_updated">
			<argument index="0" name="mesh" type="Mesh" />
			<description>
				Emitted when the mesh associated with the anchor changes or when one becomes available. This is especially important for topology that is constantly being [code]mesh_updated[/code].
			</description>
		</signal>
	</signals>
	<constants>
	</constants>
</class>
