<?xml version="1.0" encoding="UTF-8" ?>
<class name="AudioEffectHighShelfFilter" inherits="AudioEffectFilter" version="3.5" xmlns:xsi="http://www.w3.org/2001/XMLSchema-instance" xsi:noNamespaceSchemaLocation="../class.xsd">
	<brief_description>
		Reduces all frequencies above the [member AudioEffectFilter.cutoff_hz].
	</brief_description>
	<description>
	</description>
	<tutorials>
		<link title="Audio buses">$DOCS_URL/tutorials/audio/audio_buses.html</link>
	</tutorials>
	<methods>
	</methods>
	<constants>
	</constants>
</class>
