<?xml version="1.0" encoding="UTF-8" ?>
<class name="AudioEffectStereoEnhance" inherits="AudioEffect" version="3.5" xmlns:xsi="http://www.w3.org/2001/XMLSchema-instance" xsi:noNamespaceSchemaLocation="../class.xsd">
	<brief_description>
	</brief_description>
	<description>
	</description>
	<tutorials>
	</tutorials>
	<methods>
	</methods>
	<members>
		<member name="pan_pullout" type="float" setter="set_pan_pullout" getter="get_pan_pullout" default="1.0">
		</member>
		<member name="surround" type="float" setter="set_surround" getter="get_surround" default="0.0">
		</member>
		<member name="time_pullout_ms" type="float" setter="set_time_pullout" getter="get_time_pullout" default="0.0">
		</member>
	</members>
	<constants>
	</constants>
</class>
