<?xml version="1.0" encoding="UTF-8" ?>
<class name="AudioEffectBandPassFilter" inherits="AudioEffectFilter" version="3.5" xmlns:xsi="http://www.w3.org/2001/XMLSchema-instance" xsi:noNamespaceSchemaLocation="../class.xsd">
	<brief_description>
		Adds a band pass filter to the audio bus.
	</brief_description>
	<description>
		Attenuates the frequencies inside of a range around the [member AudioEffectFilter.cutoff_hz] and cuts frequencies outside of this band.
	</description>
	<tutorials>
	</tutorials>
	<methods>
	</methods>
	<constants>
	</constants>
</class>
