<?xml version="1.0" encoding="UTF-8" ?>
<class name="AudioEffectHighPassFilter" inherits="AudioEffectFilter" version="3.5" xmlns:xsi="http://www.w3.org/2001/XMLSchema-instance" xsi:noNamespaceSchemaLocation="../class.xsd">
	<brief_description>
		Adds a high-pass filter to the Audio Bus.
	</brief_description>
	<description>
		Cuts frequencies lower than the [member AudioEffectFilter.cutoff_hz] and allows higher frequencies to pass.
	</description>
	<tutorials>
	</tutorials>
	<methods>
	</methods>
	<constants>
	</constants>
</class>
