<?xml version="1.0" encoding="UTF-8" ?>
<class name="BoneAttachment" inherits="Spatial" version="3.5" xmlns:xsi="http://www.w3.org/2001/XMLSchema-instance" xsi:noNamespaceSchemaLocation="../class.xsd">
	<brief_description>
		A node that will attach to a bone.
	</brief_description>
	<description>
		This node must be the child of a [Skeleton] node. You can then select a bone for this node to attach to. The BoneAttachment node will copy the transform of the selected bone.
	</description>
	<tutorials>
	</tutorials>
	<methods>
	</methods>
	<members>
		<member name="bone_name" type="String" setter="set_bone_name" getter="get_bone_name" default="&quot;&quot;">
			The name of the attached bone.
		</member>
	</members>
	<constants>
	</constants>
</class>
