<?xml version="1.0" encoding="UTF-8" ?>
<class name="CapsuleShape" inherits="Shape" version="3.5" xmlns:xsi="http://www.w3.org/2001/XMLSchema-instance" xsi:noNamespaceSchemaLocation="../class.xsd">
	<brief_description>
		Capsule shape for collisions.
	</brief_description>
	<description>
		Capsule shape for collisions.
	</description>
	<tutorials>
		<link title="3D Physics Tests Demo">https://godotengine.org/asset-library/asset/675</link>
	</tutorials>
	<methods>
	</methods>
	<members>
		<member name="height" type="float" setter="set_height" getter="get_height" default="1.0">
			The capsule's height.
		</member>
		<member name="radius" type="float" setter="set_radius" getter="get_radius" default="1.0">
			The capsule's radius.
		</member>
	</members>
	<constants>
	</constants>
</class>
