<?xml version="1.0" encoding="UTF-8" ?>
<class name="CullInstance" inherits="Spatial" version="3.5" xmlns:xsi="http://www.w3.org/2001/XMLSchema-instance" xsi:noNamespaceSchemaLocation="../class.xsd">
	<brief_description>
		Parent of all nodes that can be culled by the Portal system.
	</brief_description>
	<description>
		Provides common functionality to nodes that can be culled by the [Portal] system.
		[code]Static[/code] and [code]Dynamic[/code] objects are the most efficiently managed objects in the system, but there are some caveats. They are expected to be present initially when [Room]s are converted using the [RoomManager] [code]rooms_convert[/code] function, and their lifetime should be the same as the game level (i.e. present until you call [code]rooms_clear[/code] on the [RoomManager]. Although you shouldn't create / delete these objects during gameplay, you can manage their visibility with the standard [code]hide[/code] and [code]show[/code] commands.
		[code]Roaming[/code] objects on the other hand, require extra processing to keep track of which [Room] they are within. This enables them to be culled effectively, wherever they are.
		[code]Global[/code] objects are not culled by the portal system, and use view frustum culling only.
		Objects that are not [code]Static[/code] or [code]Dynamic[/code] can be freely created and deleted during the lifetime of the game level.
	</description>
	<tutorials>
	</tutorials>
	<methods>
	</methods>
	<members>
		<member name="allow_merging" type="bool" setter="set_allow_merging" getter="get_allow_merging" default="true">
			This allows fine control over the mesh merging feature in the [RoomManager].
			Setting this option to [code]false[/code] can be used to prevent an instance being merged.
		</member>
		<member name="autoplace_priority" type="int" setter="set_portal_autoplace_priority" getter="get_portal_autoplace_priority" default="0">
			When set to [code]0[/code], [CullInstance]s will be autoplaced in the [Room] with the highest priority.
			When set to a value other than [code]0[/code], the system will attempt to autoplace in a [Room] with the [code]autoplace_priority[/code], if it is present.
			This can be used to control autoplacement of building exteriors in an outer [RoomGroup].
		</member>
		<member name="include_in_bound" type="bool" setter="set_include_in_bound" getter="get_include_in_bound" default="true">
			When a manual bound has not been explicitly specified for a [Room], the convex hull bound will be estimated from the geometry of the objects within the room. This setting determines whether the geometry of an object is included in this estimate of the room bound.
			[b]Note:[/b] This setting is only relevant when the object is set to [code]PORTAL_MODE_STATIC[/code] or [code]PORTAL_MODE_DYNAMIC[/code], and for [Portal]s.
		</member>
		<member name="portal_mode" type="int" setter="set_portal_mode" getter="get_portal_mode" enum="CullInstance.PortalMode" default="0">
			When using [Room]s and [Portal]s, this specifies how the [CullInstance] is processed in the system.
		</member>
	</members>
	<constants>
		<constant name="PORTAL_MODE_STATIC" value="0" enum="PortalMode">
			Use for instances within [Room]s that will [b]not move[/b] - e.g. walls, floors.
			[b]Note:[/b] If you attempt to delete a [code]PORTAL_MODE_STATIC[/code] instance while the room graph is loaded (converted), it will unload the room graph and deactivate portal culling. This is because the [b]room graph[/b] data has been invalidated. You will need to reconvert the rooms using the [RoomManager] to activate the system again.
		</constant>
		<constant name="PORTAL_MODE_DYNAMIC" value="1" enum="PortalMode">
			Use for instances within rooms that will move but [b]not change room[/b] - e.g. moving platforms.
			[b]Note:[/b] If you attempt to delete a [code]PORTAL_MODE_DYNAMIC[/code] instance while the room graph is loaded (converted), it will unload the room graph and deactivate portal culling. This is because the [b]room graph[/b] data has been invalidated. You will need to reconvert the rooms using the [RoomManager] to activate the system again.
		</constant>
		<constant name="PORTAL_MODE_ROAMING" value="2" enum="PortalMode">
			Use for instances that will move [b]between[/b] [Room]s - e.g. players.
		</constant>
		<constant name="PORTAL_MODE_GLOBAL" value="3" enum="PortalMode">
			Use for instances that will be frustum culled only - e.g. first person weapon, debug.
		</constant>
		<constant name="PORTAL_MODE_IGNORE" value="4" enum="PortalMode">
			Use for instances that will not be shown at all - e.g. [b]manual room bounds[/b] (specified by prefix [i]'Bound_'[/i]).
		</constant>
	</constants>
</class>
