<?xml version="1.0" encoding="UTF-8" ?>
<class name="EditorPlugin" inherits="Node" version="3.5" xmlns:xsi="http://www.w3.org/2001/XMLSchema-instance" xsi:noNamespaceSchemaLocation="../class.xsd">
	<brief_description>
		Used by the editor to extend its functionality.
	</brief_description>
	<description>
		Plugins are used by the editor to extend functionality. The most common types of plugins are those which edit a given node or resource type, import plugins and export plugins. See also [EditorScript] to add functions to the editor.
	</description>
	<tutorials>
		<link>$DOCS_URL/tutorials/plugins/editor/index.html</link>
	</tutorials>
	<methods>
		<method name="add_autoload_singleton">
			<return type="void" />
			<argument index="0" name="name" type="String" />
			<argument index="1" name="path" type="String" />
			<description>
				Adds a script at [code]path[/code] to the Autoload list as [code]name[/code].
			</description>
		</method>
		<method name="add_control_to_bottom_panel">
			<return type="ToolButton" />
			<argument index="0" name="control" type="Control" />
			<argument index="1" name="title" type="String" />
			<description>
				Adds a control to the bottom panel (together with Output, Debug, Animation, etc). Returns a reference to the button added. It's up to you to hide/show the button when needed. When your plugin is deactivated, make sure to remove your custom control with [method remove_control_from_bottom_panel] and free it with [method Node.queue_free].
			</description>
		</method>
		<method name="add_control_to_container">
			<return type="void" />
			<argument index="0" name="container" type="int" enum="EditorPlugin.CustomControlContainer" />
			<argument index="1" name="control" type="Control" />
			<description>
				Adds a custom control to a container (see [enum CustomControlContainer]). There are many locations where custom controls can be added in the editor UI.
				Please remember that you have to manage the visibility of your custom controls yourself (and likely hide it after adding it).
				When your plugin is deactivated, make sure to remove your custom control with [method remove_control_from_container] and free it with [method Node.queue_free].
			</description>
		</method>
		<method name="add_control_to_dock">
			<return type="void" />
			<argument index="0" name="slot" type="int" enum="EditorPlugin.DockSlot" />
			<argument index="1" name="control" type="Control" />
			<description>
				Adds the control to a specific dock slot (see [enum DockSlot] for options).
				If the dock is repositioned and as long as the plugin is active, the editor will save the dock position on further sessions.
				When your plugin is deactivated, make sure to remove your custom control with [method remove_control_from_docks] and free it with [method Node.queue_free].
			</description>
		</method>
		<method name="add_custom_type">
			<return type="void" />
			<argument index="0" name="type" type="String" />
			<argument index="1" name="base" type="String" />
			<argument index="2" name="script" type="Script" />
			<argument index="3" name="icon" type="Texture" />
			<description>
				Adds a custom type, which will appear in the list of nodes or resources. An icon can be optionally passed.
				When given node or resource is selected, the base type will be instanced (ie, "Spatial", "Control", "Resource"), then the script will be loaded and set to this object.
				You can use the virtual method [method handles] to check if your custom object is being edited by checking the script or using the [code]is[/code] keyword.
				During run-time, this will be a simple object with a script so this function does not need to be called then.
			</description>
		</method>
		<method name="add_export_plugin">
			<return type="void" />
			<argument index="0" name="plugin" type="EditorExportPlugin" />
			<description>
				Registers a new [EditorExportPlugin]. Export plugins are used to perform tasks when the project is being exported.
				See [method add_inspector_plugin] for an example of how to register a plugin.
			</description>
		</method>
		<method name="add_import_plugin">
			<return type="void" />
			<argument index="0" name="importer" type="EditorImportPlugin" />
			<description>
				Registers a new [EditorImportPlugin]. Import plugins are used to import custom and unsupported assets as a custom [Resource] type.
				[b]Note:[/b] If you want to import custom 3D asset formats use [method add_scene_import_plugin] instead.
				See [method add_inspector_plugin] for an example of how to register a plugin.
			</description>
		</method>
		<method name="add_inspector_plugin">
			<return type="void" />
			<argument index="0" name="plugin" type="EditorInspectorPlugin" />
			<description>
				Registers a new [EditorInspectorPlugin]. Inspector plugins are used to extend [EditorInspector] and provide custom configuration tools for your object's properties.
				[b]Note:[/b] Always use [method remove_inspector_plugin] to remove the registered [EditorInspectorPlugin] when your [EditorPlugin] is disabled to prevent leaks and an unexpected behavior.
				[codeblock]
				const MyInspectorPlugin = preload("res://addons/your_addon/path/to/your/script.gd")
				var inspector_plugin = MyInspectorPlugin.new()

				func _enter_tree():
				    add_inspector_plugin(inspector_plugin)

				func _exit_tree():
				    remove_inspector_plugin(inspector_plugin)
				[/codeblock]
			</description>
		</method>
		<method name="add_scene_import_plugin">
			<return type="void" />
			<argument index="0" name="scene_importer" type="EditorSceneImporter" />
			<description>
				Registers a new [EditorSceneImporter]. Scene importers are used to import custom 3D asset formats as scenes.
			</description>
		</method>
		<method name="add_spatial_gizmo_plugin">
			<return type="void" />
			<argument index="0" name="plugin" type="EditorSpatialGizmoPlugin" />
			<description>
				Registers a new [EditorSpatialGizmoPlugin]. Gizmo plugins are used to add custom gizmos to the 3D preview viewport for a [Spatial].
				See [method add_inspector_plugin] for an example of how to register a plugin.
			</description>
		</method>
		<method name="add_tool_menu_item">
			<return type="void" />
			<argument index="0" name="name" type="String" />
			<argument index="1" name="handler" type="Object" />
			<argument index="2" name="callback" type="String" />
			<argument index="3" name="ud" type="Variant" default="null" />
			<description>
				Adds a custom menu item to [b]Project &gt; Tools[/b] as [code]name[/code] that calls [code]callback[/code] on an instance of [code]handler[/code] with a parameter [code]ud[/code] when user activates it.
			</description>
		</method>
		<method name="add_tool_submenu_item">
			<return type="void" />
			<argument index="0" name="name" type="String" />
			<argument index="1" name="submenu" type="Object" />
			<description>
				Adds a custom submenu under [b]Project &gt; Tools &gt;[/b] [code]name[/code]. [code]submenu[/code] should be an object of class [PopupMenu]. This submenu should be cleaned up using [code]remove_tool_menu_item(name)[/code].
			</description>
		</method>
		<method name="apply_changes" qualifiers="virtual">
			<return type="void" />
			<description>
				This method is called when the editor is about to save the project, switch to another tab, etc. It asks the plugin to apply any pending state changes to ensure consistency.
				This is used, for example, in shader editors to let the plugin know that it must apply the shader code being written by the user to the object.
			</description>
		</method>
		<method name="build" qualifiers="virtual">
			<return type="bool" />
			<description>
				This method is called when the editor is about to run the project. The plugin can then perform required operations before the project runs.
				This method must return a boolean. If this method returns [code]false[/code], the project will not run. The run is aborted immediately, so this also prevents all other plugins' [method build] methods from running.
			</description>
		</method>
		<method name="clear" qualifiers="virtual">
			<return type="void" />
			<description>
				Clear all the state and reset the object being edited to zero. This ensures your plugin does not keep editing a currently existing node, or a node from the wrong scene.
			</description>
		</method>
		<method name="disable_plugin" qualifiers="virtual">
			<return type="void" />
			<description>
				Called by the engine when the user disables the [EditorPlugin] in the Plugin tab of the project settings window.
			</description>
		</method>
		<method name="edit" qualifiers="virtual">
			<return type="void" />
			<argument index="0" name="object" type="Object" />
			<description>
				This function is used for plugins that edit specific object types (nodes or resources). It requests the editor to edit the given object.
			</description>
		</method>
		<method name="enable_plugin" qualifiers="virtual">
			<return type="void" />
			<description>
				Called by the engine when the user enables the [EditorPlugin] in the Plugin tab of the project settings window.
			</description>
		</method>
		<method name="forward_canvas_draw_over_viewport" qualifiers="virtual">
			<return type="void" />
			<argument index="0" name="overlay" type="Control" />
			<description>
				Called by the engine when the 2D editor's viewport is updated. Use the [code]overlay[/code] [Control] for drawing. You can update the viewport manually by calling [method update_overlays].
				[codeblock]
				func forward_canvas_draw_over_viewport(overlay):
				    # Draw a circle at cursor position.
				    overlay.draw_circle(overlay.get_local_mouse_position(), 64, Color.white)

				func forward_canvas_gui_input(event):
				    if event is InputEventMouseMotion:
				        # Redraw viewport when cursor is moved.
				        update_overlays()
				        return true
				    return false
				[/codeblock]
			</description>
		</method>
		<method name="forward_canvas_force_draw_over_viewport" qualifiers="virtual">
			<return type="void" />
			<argument index="0" name="overlay" type="Control" />
			<description>
				This method is the same as [method forward_canvas_draw_over_viewport], except it draws on top of everything. Useful when you need an extra layer that shows over anything else.
				You need to enable calling of this method by using [method set_force_draw_over_forwarding_enabled].
			</description>
		</method>
		<method name="forward_canvas_gui_input" qualifiers="virtual">
			<return type="bool" />
			<argument index="0" name="event" type="InputEvent" />
			<description>
				Called when there is a root node in the current edited scene, [method handles] is implemented and an [InputEvent] happens in the 2D viewport. Intercepts the [InputEvent], if [code]return true[/code] [EditorPlugin] consumes the [code]event[/code], otherwise forwards [code]event[/code] to other Editor classes. Example:
				[codeblock]
				# Prevents the InputEvent to reach other Editor classes
				func forward_canvas_gui_input(event):
				    var forward = true
				    return forward
				[/codeblock]
				Must [code]return false[/code] in order to forward the [InputEvent] to other Editor classes. Example:
				[codeblock]
				# Consumes InputEventMouseMotion and forwards other InputEvent types
				func forward_canvas_gui_input(event):
				    var forward = false
				    if event is InputEventMouseMotion:
				        forward = true
				    return forward
				[/codeblock]
			</description>
		</method>
		<method name="forward_spatial_draw_over_viewport" qualifiers="virtual">
			<return type="void" />
			<argument index="0" name="overlay" type="Control" />
			<description>
				Called by the engine when the 3D editor's viewport is updated. Use the [code]overlay[/code] [Control] for drawing. You can update the viewport manually by calling [method update_overlays].
				[codeblock]
				func forward_spatial_draw_over_viewport(overlay):
				    # Draw a circle at cursor position.
				    overlay.draw_circle(overlay.get_local_mouse_position(), 64)

				func forward_spatial_gui_input(camera, event):
				    if event is InputEventMouseMotion:
				        # Redraw viewport when cursor is moved.
				        update_overlays()
				        return true
				    return false
				[/codeblock]
			</description>
		</method>
		<method name="forward_spatial_force_draw_over_viewport" qualifiers="virtual">
			<return type="void" />
			<argument index="0" name="overlay" type="Control" />
			<description>
				This method is the same as [method forward_spatial_draw_over_viewport], except it draws on top of everything. Useful when you need an extra layer that shows over anything else.
				You need to enable calling of this method by using [method set_force_draw_over_forwarding_enabled].
			</description>
		</method>
		<method name="forward_spatial_gui_input" qualifiers="virtual">
			<return type="bool" />
			<argument index="0" name="camera" type="Camera" />
			<argument index="1" name="event" type="InputEvent" />
			<description>
				Called when there is a root node in the current edited scene, [method handles] is implemented and an [InputEvent] happens in the 3D viewport. Intercepts the [InputEvent], if [code]return true[/code] [EditorPlugin] consumes the [code]event[/code], otherwise forwards [code]event[/code] to other Editor classes. Example:
				[codeblock]
				# Prevents the InputEvent to reach other Editor classes
				func forward_spatial_gui_input(camera, event):
				    var forward = true
				    return forward
				[/codeblock]
				Must [code]return false[/code] in order to forward the [InputEvent] to other Editor classes. Example:
				[codeblock]
				# Consumes InputEventMouseMotion and forwards other InputEvent types
				func forward_spatial_gui_input(camera, event):
				    var forward = false
				    if event is InputEventMouseMotion:
				        forward = true
				    return forward
				[/codeblock]
			</description>
		</method>
		<method name="get_breakpoints" qualifiers="virtual">
			<return type="PoolStringArray" />
			<description>
				This is for editors that edit script-based objects. You can return a list of breakpoints in the format ([code]script:line[/code]), for example: [code]res://path_to_script.gd:25[/code].
			</description>
		</method>
		<method name="get_editor_interface">
			<return type="EditorInterface" />
			<description>
				Returns the [EditorInterface] object that gives you control over Godot editor's window and its functionalities.
			</description>
		</method>
		<method name="get_plugin_icon" qualifiers="virtual">
			<return type="Texture" />
			<description>
				Override this method in your plugin to return a [Texture] in order to give it an icon.
				For main screen plugins, this appears at the top of the screen, to the right of the "2D", "3D", "Script", and "AssetLib" buttons.
				Ideally, the plugin icon should be white with a transparent background and 16x16 pixels in size.
				[codeblock]
				func get_plugin_icon():
				    # You can use a custom icon:
				    return preload("res://addons/my_plugin/my_plugin_icon.svg")
				    # Or use a built-in icon:
				    return get_editor_interface().get_base_control().get_icon("Node", "EditorIcons")
				[/codeblock]
			</description>
		</method>
		<method name="get_plugin_name" qualifiers="virtual">
			<return type="String" />
			<description>
				Override this method in your plugin to provide the name of the plugin when displayed in the Godot editor.
				For main screen plugins, this appears at the top of the screen, to the right of the "2D", "3D", "Script", and "AssetLib" buttons.
			</description>
		</method>
		<method name="get_script_create_dialog">
			<return type="ScriptCreateDialog" />
			<description>
				Gets the Editor's dialog used for making scripts.
				[b]Note:[/b] Users can configure it before use.
				[b]Warning:[/b] Removing and freeing this node will render a part of the editor useless and may cause a crash.
			</description>
		</method>
		<method name="get_state" qualifiers="virtual">
			<return type="Dictionary" />
			<description>
				Override this method to provide a state data you want to be saved, like view position, grid settings, folding, etc. This is used when saving the scene (so state is kept when opening it again) and for switching tabs (so state can be restored when the tab returns). This data is automatically saved for each scene in an [code]editstate[/code] file in the editor metadata folder. If you want to store global (scene-independent) editor data for your plugin, you can use [method get_window_layout] instead.
				Use [method set_state] to restore your saved state.
				[b]Note:[/b] This method should not be used to save important settings that should persist with the project.
				[b]Note:[/b] You must implement [method get_plugin_name] for the state to be stored and restored correctly.
				[codeblock]
				func get_state():
				    var state = {"zoom": zoom, "preferred_color": my_color}
				    return state
				[/codeblock]
			</description>
		</method>
		<method name="get_undo_redo">
			<return type="UndoRedo" />
			<description>
				Gets the undo/redo object. Most actions in the editor can be undoable, so use this object to make sure this happens when it's worth it.
			</description>
		</method>
		<method name="get_window_layout" qualifiers="virtual">
			<return type="void" />
			<argument index="0" name="layout" type="ConfigFile" />
			<description>
				Override this method to provide the GUI layout of the plugin or any other data you want to be stored. This is used to save the project's editor layout when [method queue_save_layout] is called or the editor layout was changed (for example changing the position of a dock). The data is stored in the [code]editor_layout.cfg[/code] file in the editor metadata directory.
				Use [method set_window_layout] to restore your saved layout.
				[codeblock]
				func get_window_layout(configuration):
				    configuration.set_value("MyPlugin", "window_position", $Window.position)
				    configuration.set_value("MyPlugin", "icon_color", $Icon.modulate)
				[/codeblock]
			</description>
		</method>
		<method name="handles" qualifiers="virtual">
			<return type="bool" />
			<argument index="0" name="object" type="Object" />
			<description>
				Implement this function if your plugin edits a specific type of object (Resource or Node). If you return [code]true[/code], then you will get the functions [method edit] and [method make_visible] called when the editor requests them. If you have declared the methods [method forward_canvas_gui_input] and [method forward_spatial_gui_input] these will be called too.
			</description>
		</method>
		<method name="has_main_screen" qualifiers="virtual">
			<return type="bool" />
			<description>
				Returns [code]true[/code] if this is a main screen editor plugin (it goes in the workspace selector together with [b]2D[/b], [b]3D[/b], [b]Script[/b] and [b]AssetLib[/b]).
			</description>
		</method>
		<method name="hide_bottom_panel">
			<return type="void" />
			<description>
				Minimizes the bottom panel.
			</description>
		</method>
		<method name="make_bottom_panel_item_visible">
			<return type="void" />
			<argument index="0" name="item" type="Control" />
			<description>
				Makes a specific item in the bottom panel visible.
			</description>
		</method>
		<method name="make_visible" qualifiers="virtual">
			<return type="void" />
			<argument index="0" name="visible" type="bool" />
			<description>
				This function will be called when the editor is requested to become visible. It is used for plugins that edit a specific object type.
				Remember that you have to manage the visibility of all your editor controls manually.
			</description>
		</method>
		<method name="queue_save_layout" qualifiers="const">
			<return type="void" />
			<description>
				Queue save the project's editor layout.
			</description>
		</method>
		<method name="remove_autoload_singleton">
			<return type="void" />
			<argument index="0" name="name" type="String" />
			<description>
				Removes an Autoload [code]name[/code] from the list.
			</description>
		</method>
		<method name="remove_control_from_bottom_panel">
			<return type="void" />
			<argument index="0" name="control" type="Control" />
			<description>
				Removes the control from the bottom panel. You have to manually [method Node.queue_free] the control.
			</description>
		</method>
		<method name="remove_control_from_container">
			<return type="void" />
			<argument index="0" name="container" type="int" enum="EditorPlugin.CustomControlContainer" />
			<argument index="1" name="control" type="Control" />
			<description>
				Removes the control from the specified container. You have to manually [method Node.queue_free] the control.
			</description>
		</method>
		<method name="remove_control_from_docks">
			<return type="void" />
			<argument index="0" name="control" type="Control" />
			<description>
				Removes the control from the dock. You have to manually [method Node.queue_free] the control.
			</description>
		</method>
		<method name="remove_custom_type">
			<return type="void" />
			<argument index="0" name="type" type="String" />
			<description>
				Removes a custom type added by [method add_custom_type].
			</description>
		</method>
		<method name="remove_export_plugin">
			<return type="void" />
			<argument index="0" name="plugin" type="EditorExportPlugin" />
			<description>
				Removes an export plugin registered by [method add_export_plugin].
			</description>
		</method>
		<method name="remove_import_plugin">
			<return type="void" />
			<argument index="0" name="importer" type="EditorImportPlugin" />
			<description>
				Removes an import plugin registered by [method add_import_plugin].
			</description>
		</method>
		<method name="remove_inspector_plugin">
			<return type="void" />
			<argument index="0" name="plugin" type="EditorInspectorPlugin" />
			<description>
				Removes an inspector plugin registered by [method add_import_plugin]
			</description>
		</method>
		<method name="remove_scene_import_plugin">
			<return type="void" />
			<argument index="0" name="scene_importer" type="EditorSceneImporter" />
			<description>
				Removes a scene importer registered by [method add_scene_import_plugin].
			</description>
		</method>
		<method name="remove_spatial_gizmo_plugin">
			<return type="void" />
			<argument index="0" name="plugin" type="EditorSpatialGizmoPlugin" />
			<description>
				Removes a gizmo plugin registered by [method add_spatial_gizmo_plugin].
			</description>
		</method>
		<method name="remove_tool_menu_item">
			<return type="void" />
			<argument index="0" name="name" type="String" />
			<description>
				Removes a menu [code]name[/code] from [b]Project &gt; Tools[/b].
			</description>
		</method>
		<method name="save_external_data" qualifiers="virtual">
			<return type="void" />
			<description>
				This method is called after the editor saves the project or when it's closed. It asks the plugin to save edited external scenes/resources.
			</description>
		</method>
		<method name="set_force_draw_over_forwarding_enabled">
			<return type="void" />
			<description>
				Enables calling of [method forward_canvas_force_draw_over_viewport] for the 2D editor and [method forward_spatial_force_draw_over_viewport] for the 3D editor when their viewports are updated. You need to call this method only once and it will work permanently for this plugin.
			</description>
		</method>
		<method name="set_input_event_forwarding_always_enabled">
			<return type="void" />
			<description>
				Use this method if you always want to receive inputs from 3D view screen inside [method forward_spatial_gui_input]. It might be especially usable if your plugin will want to use raycast in the scene.
			</description>
		</method>
		<method name="set_state" qualifiers="virtual">
			<return type="void" />
			<argument index="0" name="state" type="Dictionary" />
			<description>
				Restore the state saved by [method get_state]. This method is called when the current scene tab is changed in the editor.
				[b]Note:[/b] Your plugin must implement [method get_plugin_name], otherwise it will not be recognized and this method will not be called.
				[codeblock]
				func set_state(data):
				    zoom = data.get("zoom", 1.0)
				    preferred_color = data.get("my_color", Color.white)
				[/codeblock]
			</description>
		</method>
		<method name="set_window_layout" qualifiers="virtual">
			<return type="void" />
			<argument index="0" name="layout" type="ConfigFile" />
			<description>
				Restore the plugin GUI layout and data saved by [method get_window_layout]. This method is called for every plugin on editor startup. Use the provided [code]configuration[/code] file to read your saved data.
				[codeblock]
				func set_window_layout(configuration):
				    $Window.position = configuration.get_value("MyPlugin", "window_position", Vector2())
				    $Icon.modulate = configuration.get_value("MyPlugin", "icon_color", Color.white)
				[/codeblock]
			</description>
		</method>
		<method name="update_overlays" qualifiers="const">
			<return type="int" />
			<description>
				Updates the overlays of the 2D and 3D editor viewport. Causes methods [method forward_canvas_draw_over_viewport], [method forward_canvas_force_draw_over_viewport], [method forward_spatial_draw_over_viewport] and [method forward_spatial_force_draw_over_viewport] to be called.
			</description>
		</method>
	</methods>
	<signals>
		<signal name="main_screen_changed">
			<argument index="0" name="screen_name" type="String" />
			<description>
				Emitted when user changes the workspace ([b]2D[/b], [b]3D[/b], [b]Script[/b], [b]AssetLib[/b]). Also works with custom screens defined by plugins.
			</description>
		</signal>
		<signal name="resource_saved">
			<argument index="0" name="resource" type="Resource" />
			<description>
			</description>
		</signal>
		<signal name="scene_changed">
			<argument index="0" name="scene_root" type="Node" />
			<description>
				Emitted when the scene is changed in the editor. The argument will return the root node of the scene that has just become active. If this scene is new and empty, the argument will be [code]null[/code].
			</description>
		</signal>
		<signal name="scene_closed">
			<argument index="0" name="filepath" type="String" />
			<description>
				Emitted when user closes a scene. The argument is file path to a closed scene.
			</description>
		</signal>
	</signals>
	<constants>
		<constant name="CONTAINER_TOOLBAR" value="0" enum="CustomControlContainer">
		</constant>
		<constant name="CONTAINER_SPATIAL_EDITOR_MENU" value="1" enum="CustomControlContainer">
		</constant>
		<constant name="CONTAINER_SPATIAL_EDITOR_SIDE_LEFT" value="2" enum="CustomControlContainer">
		</constant>
		<constant name="CONTAINER_SPATIAL_EDITOR_SIDE_RIGHT" value="3" enum="CustomControlContainer">
		</constant>
		<constant name="CONTAINER_SPATIAL_EDITOR_BOTTOM" value="4" enum="CustomControlContainer">
		</constant>
		<constant name="CONTAINER_CANVAS_EDITOR_MENU" value="5" enum="CustomControlContainer">
		</constant>
		<constant name="CONTAINER_CANVAS_EDITOR_SIDE_LEFT" value="6" enum="CustomControlContainer">
		</constant>
		<constant name="CONTAINER_CANVAS_EDITOR_SIDE_RIGHT" value="7" enum="CustomControlContainer">
		</constant>
		<constant name="CONTAINER_CANVAS_EDITOR_BOTTOM" value="8" enum="CustomControlContainer">
		</constant>
		<constant name="CONTAINER_PROPERTY_EDITOR_BOTTOM" value="9" enum="CustomControlContainer">
		</constant>
		<constant name="CONTAINER_PROJECT_SETTING_TAB_LEFT" value="10" enum="CustomControlContainer">
		</constant>
		<constant name="CONTAINER_PROJECT_SETTING_TAB_RIGHT" value="11" enum="CustomControlContainer">
		</constant>
		<constant name="DOCK_SLOT_LEFT_UL" value="0" enum="DockSlot">
		</constant>
		<constant name="DOCK_SLOT_LEFT_BL" value="1" enum="DockSlot">
		</constant>
		<constant name="DOCK_SLOT_LEFT_UR" value="2" enum="DockSlot">
		</constant>
		<constant name="DOCK_SLOT_LEFT_BR" value="3" enum="DockSlot">
		</constant>
		<constant name="DOCK_SLOT_RIGHT_UL" value="4" enum="DockSlot">
		</constant>
		<constant name="DOCK_SLOT_RIGHT_BL" value="5" enum="DockSlot">
		</constant>
		<constant name="DOCK_SLOT_RIGHT_UR" value="6" enum="DockSlot">
		</constant>
		<constant name="DOCK_SLOT_RIGHT_BR" value="7" enum="DockSlot">
		</constant>
		<constant name="DOCK_SLOT_MAX" value="8" enum="DockSlot">
			Represents the size of the [enum DockSlot] enum.
		</constant>
	</constants>
</class>
