<?xml version="1.0" encoding="UTF-8" ?>
<class name="HBoxContainer" inherits="BoxContainer" version="3.5" xmlns:xsi="http://www.w3.org/2001/XMLSchema-instance" xsi:noNamespaceSchemaLocation="../class.xsd">
	<brief_description>
		Horizontal box container.
	</brief_description>
	<description>
		Horizontal box container. See [BoxContainer].
	</description>
	<tutorials>
		<link title="GUI containers">$DOCS_URL/tutorials/ui/gui_containers.html</link>
	</tutorials>
	<methods>
	</methods>
	<constants>
	</constants>
	<theme_items>
		<theme_item name="separation" data_type="constant" type="int" default="4">
			The horizontal space between the [HBoxContainer]'s elements.
		</theme_item>
	</theme_items>
</class>
