<?xml version="1.0" encoding="UTF-8" ?>
<class name="InputEventPanGesture" inherits="InputEventGesture" version="3.5" xmlns:xsi="http://www.w3.org/2001/XMLSchema-instance" xsi:noNamespaceSchemaLocation="../class.xsd">
	<brief_description>
	</brief_description>
	<description>
	</description>
	<tutorials>
	</tutorials>
	<methods>
	</methods>
	<members>
		<member name="delta" type="Vector2" setter="set_delta" getter="get_delta" default="Vector2( 0, 0 )">
		</member>
	</members>
	<constants>
	</constants>
</class>
