<?xml version="1.0" encoding="UTF-8" ?>
<class name="InputEventMagnifyGesture" inherits="InputEventGesture" version="3.5" xmlns:xsi="http://www.w3.org/2001/XMLSchema-instance" xsi:noNamespaceSchemaLocation="../class.xsd">
	<brief_description>
	</brief_description>
	<description>
	</description>
	<tutorials>
	</tutorials>
	<methods>
	</methods>
	<members>
		<member name="factor" type="float" setter="set_factor" getter="get_factor" default="1.0">
		</member>
	</members>
	<constants>
	</constants>
</class>
