<?xml version="1.0" encoding="UTF-8" ?>
<class name="JavaClassWrapper" inherits="Object" version="3.5" xmlns:xsi="http://www.w3.org/2001/XMLSchema-instance" xsi:noNamespaceSchemaLocation="../class.xsd">
	<brief_description>
	</brief_description>
	<description>
	</description>
	<tutorials>
	</tutorials>
	<methods>
		<method name="wrap">
			<return type="JavaClass" />
			<argument index="0" name="name" type="String" />
			<description>
			</description>
		</method>
	</methods>
	<constants>
	</constants>
</class>
