<?xml version="1.0" encoding="UTF-8" ?>
<class name="PacketPeerStream" inherits="PacketPeer" version="3.5" xmlns:xsi="http://www.w3.org/2001/XMLSchema-instance" xsi:noNamespaceSchemaLocation="../class.xsd">
	<brief_description>
		Wrapper to use a PacketPeer over a StreamPeer.
	</brief_description>
	<description>
		PacketStreamPeer provides a wrapper for working using packets over a stream. This allows for using packet based code with StreamPeers. PacketPeerStream implements a custom protocol over the StreamPeer, so the user should not read or write to the wrapped StreamPeer directly.
	</description>
	<tutorials>
	</tutorials>
	<methods>
	</methods>
	<members>
		<member name="input_buffer_max_size" type="int" setter="set_input_buffer_max_size" getter="get_input_buffer_max_size" default="65532">
		</member>
		<member name="output_buffer_max_size" type="int" setter="set_output_buffer_max_size" getter="get_output_buffer_max_size" default="65532">
		</member>
		<member name="stream_peer" type="StreamPeer" setter="set_stream_peer" getter="get_stream_peer">
			The wrapped [StreamPeer] object.
		</member>
	</members>
	<constants>
	</constants>
</class>
