<?xml version="1.0" encoding="UTF-8" ?>
<class name="PackedDataContainerRef" inherits="Reference" version="3.5" xmlns:xsi="http://www.w3.org/2001/XMLSchema-instance" xsi:noNamespaceSchemaLocation="../class.xsd">
	<brief_description>
		Reference version of [PackedDataContainer].
	</brief_description>
	<description>
	</description>
	<tutorials>
	</tutorials>
	<methods>
		<method name="size" qualifiers="const">
			<return type="int" />
			<description>
			</description>
		</method>
	</methods>
	<constants>
	</constants>
</class>
