<?xml version="1.0" encoding="UTF-8" ?>
<class name="PinJoint2D" inherits="Joint2D" version="3.5" xmlns:xsi="http://www.w3.org/2001/XMLSchema-instance" xsi:noNamespaceSchemaLocation="../class.xsd">
	<brief_description>
		Pin Joint for 2D shapes.
	</brief_description>
	<description>
		Pin Joint for 2D rigid bodies. It pins two bodies (rigid or static) together.
	</description>
	<tutorials>
	</tutorials>
	<methods>
	</methods>
	<members>
		<member name="softness" type="float" setter="set_softness" getter="get_softness" default="0.0">
			The higher this value, the more the bond to the pinned partner can flex.
		</member>
	</members>
	<constants>
	</constants>
</class>
