<?xml version="1.0" encoding="UTF-8" ?>
<class name="PoolStringArray" version="3.5" xmlns:xsi="http://www.w3.org/2001/XMLSchema-instance" xsi:noNamespaceSchemaLocation="../class.xsd">
	<brief_description>
		A pooled array of [String]s.
	</brief_description>
	<description>
		An array specifically designed to hold [String]s. Optimized for memory usage, does not fragment the memory.
		[b]Note:[/b] This type is passed by value and not by reference. This means that when [i]mutating[/i] a class property of type [PoolStringArray] or mutating a [PoolStringArray] within an [Array] or [Dictionary], changes will be lost:
		[codeblock]
		var array = [PoolStringArray()]
		array[0].push_back("hello")
		print(array)  # [[]] (empty PoolStringArray within an Array)
		[/codeblock]
		Instead, the entire [PoolStringArray] property must be [i]reassigned[/i] with [code]=[/code] for it to be changed:
		[codeblock]
		var array = [PoolStringArray()]
		var pool_array = array[0]
		pool_array.push_back("hello")
		array[0] = pool_array
		print(array)  # [[hello]] (PoolStringArray with 1 element inside an Array)
		[/codeblock]
	</description>
	<tutorials>
		<link title="OS Test Demo">https://godotengine.org/asset-library/asset/677</link>
	</tutorials>
	<methods>
		<method name="PoolStringArray">
			<return type="PoolStringArray" />
			<argument index="0" name="from" type="Array" />
			<description>
				Constructs a new [PoolStringArray]. Optionally, you can pass in a generic [Array] that will be converted.
			</description>
		</method>
		<method name="append">
			<argument index="0" name="string" type="String" />
			<description>
				Appends an element at the end of the array (alias of [method push_back]).
			</description>
		</method>
		<method name="append_array">
			<argument index="0" name="array" type="PoolStringArray" />
			<description>
				Appends a [PoolStringArray] at the end of this array.
			</description>
		</method>
		<method name="count">
			<return type="int" />
			<argument index="0" name="value" type="String" />
			<description>
				Returns the number of times an element is in the array.
			</description>
		</method>
		<method name="empty">
			<return type="bool" />
			<description>
				Returns [code]true[/code] if the array is empty.
			</description>
		</method>
		<method name="fill">
			<argument index="0" name="string" type="String" />
			<description>
				Assigns the given value to all elements in the array. This can typically be used together with [method resize] to create an array with a given size and initialized elements.
			</description>
		</method>
		<method name="find">
			<return type="int" />
			<argument index="0" name="value" type="String" />
			<argument index="1" name="from" type="int" default="0" />
			<description>
				Searches the array for a value and returns its index or [code]-1[/code] if not found. Optionally, the initial search index can be passed. Returns [code]-1[/code] if [code]from[/code] is out of bounds.
			</description>
		</method>
		<method name="has">
			<return type="bool" />
			<argument index="0" name="value" type="String" />
			<description>
				Returns [code]true[/code] if the array contains the given value.
				[b]Note:[/b] This is equivalent to using the [code]in[/code] operator.
			</description>
		</method>
		<method name="insert">
			<return type="int" />
			<argument index="0" name="idx" type="int" />
			<argument index="1" name="string" type="String" />
			<description>
				Inserts a new element at a given position in the array. The position must be valid, or at the end of the array ([code]idx == size()[/code]).
			</description>
		</method>
		<method name="invert">
			<description>
				Reverses the order of the elements in the array.
			</description>
		</method>
		<method name="join">
			<return type="String" />
			<argument index="0" name="delimiter" type="String" />
			<description>
				Returns a [String] with each element of the array joined with the given [code]delimiter[/code].
			</description>
		</method>
		<method name="push_back">
			<argument index="0" name="string" type="String" />
			<description>
				Appends a string element at end of the array.
			</description>
		</method>
		<method name="remove">
			<argument index="0" name="idx" type="int" />
			<description>
				Removes an element from the array by index.
			</description>
		</method>
		<method name="resize">
			<argument index="0" name="idx" type="int" />
			<description>
				Sets the size of the array. If the array is grown, reserves elements at the end of the array. If the array is shrunk, truncates the array to the new size.
			</description>
		</method>
		<method name="rfind">
			<return type="int" />
			<argument index="0" name="value" type="String" />
			<argument index="1" name="from" type="int" default="-1" />
			<description>
				Searches the array in reverse order. Optionally, a start search index can be passed. If negative, the start index is considered relative to the end of the array. If the adjusted start index is out of bounds, this method searches from the end of the array.
			</description>
		</method>
		<method name="set">
			<argument index="0" name="idx" type="int" />
			<argument index="1" name="string" type="String" />
			<description>
				Changes the [String] at the given index.
			</description>
		</method>
		<method name="size">
			<return type="int" />
			<description>
				Returns the number of elements in the array.
			</description>
		</method>
		<method name="sort">
			<description>
				Sorts the elements of the array in ascending order.
			</description>
		</method>
	</methods>
	<constants>
	</constants>
</class>
