<?xml version="1.0" encoding="UTF-8" ?>
<class name="PopupDialog" inherits="Popup" version="3.5" xmlns:xsi="http://www.w3.org/2001/XMLSchema-instance" xsi:noNamespaceSchemaLocation="../class.xsd">
	<brief_description>
		Base class for popup dialogs.
	</brief_description>
	<description>
		PopupDialog is a base class for popup dialogs, along with [WindowDialog].
	</description>
	<tutorials>
	</tutorials>
	<methods>
	</methods>
	<constants>
	</constants>
	<theme_items>
		<theme_item name="panel" data_type="style" type="StyleBox">
			Sets a custom [StyleBox] for the panel of the [PopupDialog].
		</theme_item>
	</theme_items>
</class>
