<?xml version="1.0" encoding="UTF-8" ?>
<class name="Position3D" inherits="Spatial" version="3.5" xmlns:xsi="http://www.w3.org/2001/XMLSchema-instance" xsi:noNamespaceSchemaLocation="../class.xsd">
	<brief_description>
		Generic 3D position hint for editing.
	</brief_description>
	<description>
		Generic 3D position hint for editing. It's just like a plain [Spatial], but it displays as a cross in the 3D editor at all times.
	</description>
	<tutorials>
	</tutorials>
	<methods>
	</methods>
	<constants>
	</constants>
</class>
