<?xml version="1.0" encoding="UTF-8" ?>
<class name="Position2D" inherits="Node2D" version="3.5" xmlns:xsi="http://www.w3.org/2001/XMLSchema-instance" xsi:noNamespaceSchemaLocation="../class.xsd">
	<brief_description>
		Generic 2D position hint for editing.
	</brief_description>
	<description>
		Generic 2D position hint for editing. It's just like a plain [Node2D], but it displays as a cross in the 2D editor at all times. You can set cross' visual size by using the gizmo in the 2D editor while the node is selected.
	</description>
	<tutorials>
	</tutorials>
	<methods>
	</methods>
	<constants>
	</constants>
</class>
