<?xml version="1.0" encoding="UTF-8" ?>
<class name="StaticBody" inherits="PhysicsBody" version="3.5" xmlns:xsi="http://www.w3.org/2001/XMLSchema-instance" xsi:noNamespaceSchemaLocation="../class.xsd">
	<brief_description>
		Static body for 3D physics.
	</brief_description>
	<description>
		Static body for 3D physics. A static body is a simple body that is not intended to move. In contrast to [RigidBody], they don't consume any CPU resources as long as they don't move.
		Additionally, a constant linear or angular velocity can be set for the static body, so even if it doesn't move, it affects other bodies as if it was moving (this is useful for simulating conveyor belts or conveyor wheels).
	</description>
	<tutorials>
		<link title="3D Physics Tests Demo">https://godotengine.org/asset-library/asset/675</link>
		<link title="Third Person Shooter Demo">https://godotengine.org/asset-library/asset/678</link>
		<link title="3D Voxel Demo">https://godotengine.org/asset-library/asset/676</link>
	</tutorials>
	<methods>
	</methods>
	<members>
		<member name="bounce" type="float" setter="set_bounce" getter="get_bounce">
			The body's bounciness. Values range from [code]0[/code] (no bounce) to [code]1[/code] (full bounciness).
			Deprecated, use [member PhysicsMaterial.bounce] instead via [member physics_material_override].
		</member>
		<member name="constant_angular_velocity" type="Vector3" setter="set_constant_angular_velocity" getter="get_constant_angular_velocity" default="Vector3( 0, 0, 0 )">
			The body's constant angular velocity. This does not rotate the body, but affects other bodies that touch it, as if it was in a state of rotation.
		</member>
		<member name="constant_linear_velocity" type="Vector3" setter="set_constant_linear_velocity" getter="get_constant_linear_velocity" default="Vector3( 0, 0, 0 )">
			The body's constant linear velocity. This does not move the body, but affects other bodies that touch it, as if it was in a state of movement.
		</member>
		<member name="friction" type="float" setter="set_friction" getter="get_friction">
			The body's friction, from 0 (frictionless) to 1 (full friction).
			Deprecated, use [member PhysicsMaterial.friction] instead via [member physics_material_override].
		</member>
		<member name="physics_material_override" type="PhysicsMaterial" setter="set_physics_material_override" getter="get_physics_material_override">
			The physics material override for the body.
			If a material is assigned to this property, it will be used instead of any other physics material, such as an inherited one.
		</member>
	</members>
	<constants>
	</constants>
</class>
