<?xml version="1.0" encoding="UTF-8" ?>
<class name="VideoStream" inherits="Resource" version="3.5" xmlns:xsi="http://www.w3.org/2001/XMLSchema-instance" xsi:noNamespaceSchemaLocation="../class.xsd">
	<brief_description>
		Base resource for video streams.
	</brief_description>
	<description>
		Base resource type for all video streams. Classes that derive from [VideoStream] can all be used as resource types to play back videos in [VideoPlayer].
	</description>
	<tutorials>
	</tutorials>
	<methods>
	</methods>
	<constants>
	</constants>
</class>
