<?xml version="1.0" encoding="UTF-8" ?>
<class name="VisualShaderNodeSwitch" inherits="VisualShaderNode" version="3.5" xmlns:xsi="http://www.w3.org/2001/XMLSchema-instance" xsi:noNamespaceSchemaLocation="../class.xsd">
	<brief_description>
		A boolean/vector function for use within the visual shader graph.
	</brief_description>
	<description>
		Returns an associated vector if the provided boolean value is [code]true[/code] or [code]false[/code].
	</description>
	<tutorials>
	</tutorials>
	<methods>
	</methods>
	<constants>
	</constants>
</class>
