<?xml version="1.0" encoding="UTF-8" ?>
<class name="VisualShaderNodeVectorCompose" inherits="VisualShaderNode" version="3.5" xmlns:xsi="http://www.w3.org/2001/XMLSchema-instance" xsi:noNamespaceSchemaLocation="../class.xsd">
	<brief_description>
		Composes a [Vector3] from three scalars within the visual shader graph.
	</brief_description>
	<description>
		Creates a [code]vec3[/code] using three scalar values that can be provided from separate inputs.
	</description>
	<tutorials>
	</tutorials>
	<methods>
	</methods>
	<constants>
	</constants>
</class>
