<?xml version="1.0" encoding="UTF-8" ?>
<class name="VisualShaderNodeScalarConstant" inherits="VisualShaderNode" version="3.5" xmlns:xsi="http://www.w3.org/2001/XMLSchema-instance" xsi:noNamespaceSchemaLocation="../class.xsd">
	<brief_description>
	</brief_description>
	<description>
	</description>
	<tutorials>
	</tutorials>
	<methods>
	</methods>
	<members>
		<member name="constant" type="float" setter="set_constant" getter="get_constant" default="0.0">
		</member>
	</members>
	<constants>
	</constants>
</class>
