<?xml version="1.0" encoding="UTF-8" ?>
<class name="VisualShaderNodeDeterminant" inherits="VisualShaderNode" version="3.5" xmlns:xsi="http://www.w3.org/2001/XMLSchema-instance" xsi:noNamespaceSchemaLocation="../class.xsd">
	<brief_description>
		Calculates the determinant of a [Transform] within the visual shader graph.
	</brief_description>
	<description>
		Translates to [code]determinant(x)[/code] in the shader language.
	</description>
	<tutorials>
	</tutorials>
	<methods>
	</methods>
	<constants>
	</constants>
</class>
