<?xml version="1.0" encoding="UTF-8" ?>
<class name="VisualShaderNodeScalarClamp" inherits="VisualShaderNode" version="3.5" xmlns:xsi="http://www.w3.org/2001/XMLSchema-instance" xsi:noNamespaceSchemaLocation="../class.xsd">
	<brief_description>
		Clamps a scalar value within the visual shader graph.
	</brief_description>
	<description>
		Constrains a value to lie between [code]min[/code] and [code]max[/code] values.
	</description>
	<tutorials>
	</tutorials>
	<methods>
	</methods>
	<constants>
	</constants>
</class>
