<?xml version="1.0" encoding="UTF-8" ?>
<class name="CharacterBody2D" inherits="PhysicsBody2D" version="4.0">
	<brief_description>
		Specialized 2D physics body node for characters moved by script.
	</brief_description>
	<description>
		Character bodies are special types of bodies that are meant to be user-controlled. They are not affected by physics at all; to other types of bodies, such as a rigid body, these are the same as a [AnimatableBody2D]. However, they have two main uses:
		[b]Kinematic characters:[/b] Character bodies have an API for moving objects with walls and slopes detection ([method move_and_slide] method), in addition to collision detection (also done with [method PhysicsBody2D.move_and_collide]). This makes them really useful to implement characters that move in specific ways and collide with the world, but don't require advanced physics.
		[b]Kinematic motion:[/b] Character bodies can also be used for kinematic motion (same functionality as [AnimatableBody2D]), which allows them to be moved by code and push other bodies on their path.
	</description>
	<tutorials>
		<link title="Kinematic character (2D)">https://docs.godotengine.org/en/latest/tutorials/physics/kinematic_character_2d.html</link>
		<link title="Using KinematicBody2D">https://docs.godotengine.org/en/latest/tutorials/physics/using_kinematic_body_2d.html</link>
		<link title="2D Kinematic Character Demo">https://godotengine.org/asset-library/asset/113</link>
		<link title="2D Platformer Demo">https://godotengine.org/asset-library/asset/120</link>
	</tutorials>
	<methods>
		<method name="get_floor_angle" qualifiers="const">
			<return type="float" />
			<argument index="0" name="up_direction" type="Vector2" default="Vector2(0, -1)" />
			<description>
				Returns the floor's collision angle at the last collision point according to [code]up_direction[/code], which is [code]Vector2.UP[/code] by default. This value is always positive and only valid after calling [method move_and_slide] and when [method is_on_floor] returns [code]true[/code].
			</description>
		</method>
		<method name="get_floor_normal" qualifiers="const">
			<return type="Vector2" />
			<description>
				Returns the surface normal of the floor at the last collision point. Only valid after calling [method move_and_slide] and when [method is_on_floor] returns [code]true[/code].
			</description>
		</method>
		<method name="get_last_motion" qualifiers="const">
			<return type="Vector2" />
			<description>
				Returns the last motion applied to the [CharacterBody2D] during the last call to [method move_and_slide]. The movement can be split into multiple motions when sliding occurs, and this method return the last one, which is useful to retrieve the current direction of the movement.
			</description>
		</method>
		<method name="get_last_slide_collision">
			<return type="KinematicCollision2D" />
			<description>
				Returns a [KinematicCollision2D], which contains information about the latest collision that occurred during the last call to [method move_and_slide].
			</description>
		</method>
		<method name="get_platform_velocity" qualifiers="const">
			<return type="Vector2" />
			<description>
				Returns the linear velocity of the platform at the last collision point. Only valid after calling [method move_and_slide].
			</description>
		</method>
		<method name="get_position_delta" qualifiers="const">
			<return type="Vector2" />
			<description>
				Returns the travel (position delta) that occurred during the last call to [method move_and_slide].
			</description>
		</method>
		<method name="get_real_velocity" qualifiers="const">
			<return type="Vector2" />
			<description>
				Returns the current real velocity since the last call to [method move_and_slide]. For example, when you climb a slope, you will move diagonally even though the velocity is horizontal. This method returns the diagonal movement, as opposed to [member motion_velocity] which returns the requested velocity.
			</description>
		</method>
		<method name="get_slide_collision">
			<return type="KinematicCollision2D" />
			<argument index="0" name="slide_idx" type="int" />
			<description>
				Returns a [KinematicCollision2D], which contains information about a collision that occurred during the last call to [method move_and_slide]. Since the body can collide several times in a single call to [method move_and_slide], you must specify the index of the collision in the range 0 to ([method get_slide_collision_count] - 1).
				[b]Example usage:[/b]
				[codeblocks]
				[gdscript]
				for i in get_slide_collision_count():
				var collision = get_slide_collision(i)
				print("Collided with: ", collision.collider.name)
				[/gdscript]
				[csharp]
				for (int i = 0; i &lt; GetSlideCount(); i++)
				{
				    KinematicCollision2D collision = GetSlideCollision(i);
				    GD.Print("Collided with: ", (collision.Collider as Node).Name);
				}
				[/csharp]
				[/codeblocks]
			</description>
		</method>
		<method name="get_slide_collision_count" qualifiers="const">
			<return type="int" />
			<description>
				Returns the number of times the body collided and changed direction during the last call to [method move_and_slide].
			</description>
		</method>
		<method name="get_wall_normal" qualifiers="const">
			<return type="Vector2" />
			<description>
				Returns the surface normal of the wall at the last collision point. Only valid after calling [method move_and_slide] and when [method is_on_wall] returns [code]true[/code].
			</description>
		</method>
		<method name="is_on_ceiling" qualifiers="const">
			<return type="bool" />
			<description>
				Returns [code]true[/code] if the body collided with the ceiling on the last call of [method move_and_slide]. Otherwise, returns [code]false[/code].
			</description>
		</method>
		<method name="is_on_ceiling_only" qualifiers="const">
			<return type="bool" />
			<description>
				Returns [code]true[/code] if the body collided only with the ceiling on the last call of [method move_and_slide]. Otherwise, returns [code]false[/code].
			</description>
		</method>
		<method name="is_on_floor" qualifiers="const">
			<return type="bool" />
			<description>
				Returns [code]true[/code] if the body collided with the floor on the last call of [method move_and_slide]. Otherwise, returns [code]false[/code].
			</description>
		</method>
		<method name="is_on_floor_only" qualifiers="const">
			<return type="bool" />
			<description>
				Returns [code]true[/code] if the body collided only with the floor on the last call of [method move_and_slide]. Otherwise, returns [code]false[/code].
			</description>
		</method>
		<method name="is_on_wall" qualifiers="const">
			<return type="bool" />
			<description>
				Returns [code]true[/code] if the body collided with a wall on the last call of [method move_and_slide]. Otherwise, returns [code]false[/code].
			</description>
		</method>
		<method name="is_on_wall_only" qualifiers="const">
			<return type="bool" />
			<description>
				Returns [code]true[/code] if the body collided only with a wall on the last call of [method move_and_slide]. Otherwise, returns [code]false[/code].
			</description>
		</method>
		<method name="move_and_slide">
			<return type="bool" />
			<description>
				Moves the body based on [member motion_velocity]. If the body collides with another, it will slide along the other body (by default only on floor) rather than stop immediately. If the other body is a [CharacterBody2D] or [RigidDynamicBody2D], it will also be affected by the motion of the other body. You can use this to make moving and rotating platforms, or to make nodes push other nodes.
				This method should be used in [method Node._physics_process] (or in a method called by [method Node._physics_process]), as it uses the physics step's [code]delta[/code] value automatically in calculations. Otherwise, the simulation will run at an incorrect speed.
				Modifies [member motion_velocity] if a slide collision occurred. To get the latest collision call [method get_last_slide_collision], for detailed information about collisions that occurred, use [method get_slide_collision].
				When the body touches a moving platform, the platform's velocity is automatically added to the body motion. If a collision occurs due to the platform's motion, it will always be first in the slide collisions.
				The general behaviour and available properties change according to the [member motion_mode].
				Returns [code]true[/code] if the body collided, otherwise, returns [code]false[/code].
			</description>
		</method>
	</methods>
	<members>
		<member name="collision/safe_margin" type="float" setter="set_safe_margin" getter="get_safe_margin" default="0.08">
			Extra margin used for collision recovery when calling [method move_and_slide].
			If the body is at least this close to another body, it will consider them to be colliding and will be pushed away before performing the actual motion.
			A higher value means it's more flexible for detecting collision, which helps with consistently detecting walls and floors.
			A lower value forces the collision algorithm to use more exact detection, so it can be used in cases that specifically require precision, e.g at very low scale to avoid visible jittering, or for stability with a stack of character bodies.
		</member>
		<member name="floor_block_on_wall" type="bool" setter="set_floor_block_on_wall_enabled" getter="is_floor_block_on_wall_enabled" default="true">
			If [code]true[/code], the body will be able to move on the floor only. This option avoids to be able to walk on walls, it will however allow to slide down along them.
		</member>
		<member name="floor_constant_speed" type="bool" setter="set_floor_constant_speed_enabled" getter="is_floor_constant_speed_enabled" default="false">
			If [code]false[/code] (by default), the body will move faster on downward slopes and slower on upward slopes.
			If [code]true[/code], the body will always move at the same speed on the ground no matter the slope. Note that you need to use [member floor_snap_length] to stick along a downward slope at constant speed.
		</member>
		<member name="floor_max_angle" type="float" setter="set_floor_max_angle" getter="get_floor_max_angle" default="0.785398">
			Maximum angle (in radians) where a slope is still considered a floor (or a ceiling), rather than a wall, when calling [method move_and_slide]. The default value equals 45 degrees.
		</member>
		<member name="floor_snap_length" type="float" setter="set_floor_snap_length" getter="get_floor_snap_length" default="1.0">
			Sets a snapping distance. When set to a value different from [code]0.0[/code], the body is kept attached to slopes when calling [method move_and_slide]. The snapping vector is determined by the given distance along the opposite direction of the [member up_direction].
			As long as the snapping vector is in contact with the ground and the body moves against `up_direction`, the body will remain attached to the surface. Snapping is not applied if the body moves along `up_direction`, so it will be able to detach from the ground when jumping.
		</member>
		<member name="floor_stop_on_slope" type="bool" setter="set_floor_stop_on_slope_enabled" getter="is_floor_stop_on_slope_enabled" default="true">
			If [code]true[/code], the body will not slide on slopes when calling [method move_and_slide] when the body is standing still.
			If [code]false[/code], the body will slide on floor's slopes when [member motion_velocity] applies a downward force.
		</member>
		<member name="free_mode_min_slide_angle" type="float" setter="set_free_mode_min_slide_angle" getter="get_free_mode_min_slide_angle" default="0.261799">
			Minimum angle (in radians) where the body is allowed to slide when it encounters a slope. The default value equals 15 degrees.
		</member>
		<member name="max_slides" type="int" setter="set_max_slides" getter="get_max_slides" default="4">
			Maximum number of times the body can change direction before it stops when calling [method move_and_slide].
		</member>
		<member name="motion_mode" type="int" setter="set_motion_mode" getter="get_motion_mode" enum="CharacterBody2D.MotionMode" default="0">
			Sets the motion mode which defines the behaviour of [method move_and_slide]. See [enum MotionMode] constants for available modes.
		</member>
		<member name="motion_velocity" type="Vector2" setter="set_motion_velocity" getter="get_motion_velocity" default="Vector2(0, 0)">
			Current velocity vector in pixels per second, used and modified during calls to [method move_and_slide].
		</member>
		<member name="moving_platform_apply_velocity_on_leave" type="int" setter="set_moving_platform_apply_velocity_on_leave" getter="get_moving_platform_apply_velocity_on_leave" enum="CharacterBody2D.MovingPlatformApplyVelocityOnLeave" default="0">
			Sets the behaviour to apply when you leave a moving platform. By default, to be physically accurate, when you leave the last platform velocity is applied. See [enum MovingPlatformApplyVelocityOnLeave] constants for available behaviour.
		</member>
		<member name="moving_platform_floor_layers" type="int" setter="set_moving_platform_floor_layers" getter="get_moving_platform_floor_layers" default="4294967295">
			Collision layers that will be included for detecting floor bodies that will act as moving platforms to be followed by the [CharacterBody2D]. By default, all floor bodies are detected and propagate their velocity.
		</member>
		<member name="moving_platform_wall_layers" type="int" setter="set_moving_platform_wall_layers" getter="get_moving_platform_wall_layers" default="0">
			Collision layers that will be included for detecting wall bodies that will act as moving platforms to be followed by the [CharacterBody2D]. By default, all wall bodies are ignored.
		</member>
		<member name="slide_on_ceiling" type="bool" setter="set_slide_on_ceiling_enabled" getter="is_slide_on_ceiling_enabled" default="true">
			If [code]true[/code], during a jump against the ceiling, the body will slide, if [code]false[/code] it will be stopped and will fall vertically.
		</member>
		<member name="up_direction" type="Vector2" setter="set_up_direction" getter="get_up_direction" default="Vector2(0, -1)">
			Direction vector used to determine what is a wall and what is a floor (or a ceiling), rather than a wall, when calling [method move_and_slide]. Defaults to [code]Vector2.UP[/code]. If set to [code]Vector2(0, 0)[/code], everything is considered a wall. This is useful for topdown games.
		</member>
	</members>
	<constants>
		<constant name="MOTION_MODE_GROUNDED" value="0" enum="MotionMode">
			Apply when notions of walls, ceiling and floor are relevant. In this mode the body motion will react to slopes (acceleration/slowdown). This mode is suitable for sided games like platformers.
		</constant>
		<constant name="MOTION_MODE_FREE" value="1" enum="MotionMode">
			Apply when there is no notion of floor or ceiling. All collisions will be reported as [code]on_wall[/code]. In this mode, when you slide, the speed will always be constant. This mode is suitable for top-down games.
		</constant>
		<constant name="PLATFORM_VEL_ON_LEAVE_ALWAYS" value="0" enum="MovingPlatformApplyVelocityOnLeave">
			Add the last platform velocity to the [member motion_velocity] when you leave a moving platform.
		</constant>
		<constant name="PLATFORM_VEL_ON_LEAVE_UPWARD_ONLY" value="1" enum="MovingPlatformApplyVelocityOnLeave">
			Add the last platform velocity to the [member motion_velocity] when you leave a moving platform, but any downward motion is ignored. It's useful to keep full jump height even when the platform is moving down.
		</constant>
		<constant name="PLATFORM_VEL_ON_LEAVE_NEVER" value="2" enum="MovingPlatformApplyVelocityOnLeave">
			Do nothing when leaving a platform.
		</constant>
	</constants>
</class>
