<?xml version="1.0" encoding="UTF-8" ?>
<class name="DampedSpringJoint2D" inherits="Joint2D" version="4.0">
	<brief_description>
		Damped spring constraint for 2D physics.
	</brief_description>
	<description>
		Damped spring constraint for 2D physics. This resembles a spring joint that always wants to go back to a given length.
	</description>
	<tutorials>
	</tutorials>
	<members>
		<member name="damping" type="float" setter="set_damping" getter="get_damping" default="1.0">
			The spring joint's damping ratio. A value between [code]0[/code] and [code]1[/code]. When the two bodies move into different directions the system tries to align them to the spring axis again. A high [code]damping[/code] value forces the attached bodies to align faster.
		</member>
		<member name="length" type="float" setter="set_length" getter="get_length" default="50.0">
			The spring joint's maximum length. The two attached bodies cannot stretch it past this value.
		</member>
		<member name="rest_length" type="float" setter="set_rest_length" getter="get_rest_length" default="0.0">
			When the bodies attached to the spring joint move they stretch or squash it. The joint always tries to resize towards this length.
		</member>
		<member name="stiffness" type="float" setter="set_stiffness" getter="get_stiffness" default="20.0">
			The higher the value, the less the bodies attached to the joint will deform it. The joint applies an opposing force to the bodies, the product of the stiffness multiplied by the size difference from its resting length.
		</member>
	</members>
</class>
