<?xml version="1.0" encoding="UTF-8" ?>
<class name="EditorPaths" inherits="Object" version="4.0">
	<brief_description>
	</brief_description>
	<description>
	</description>
	<tutorials>
	</tutorials>
	<methods>
		<method name="get_cache_dir" qualifiers="const">
			<return type="String" />
			<description>
			</description>
		</method>
		<method name="get_config_dir" qualifiers="const">
			<return type="String" />
			<description>
			</description>
		</method>
		<method name="get_data_dir" qualifiers="const">
			<return type="String" />
			<description>
			</description>
		</method>
		<method name="get_self_contained_file" qualifiers="const">
			<return type="String" />
			<description>
			</description>
		</method>
		<method name="is_self_contained" qualifiers="const">
			<return type="bool" />
			<description>
			</description>
		</method>
	</methods>
</class>
