<?xml version="1.0" encoding="UTF-8" ?>
<class name="EditorResourceConversionPlugin" inherits="RefCounted" version="4.0">
	<brief_description>
	</brief_description>
	<description>
	</description>
	<tutorials>
	</tutorials>
	<methods>
		<method name="_convert" qualifiers="virtual const">
			<return type="Resource" />
			<argument index="0" name="resource" type="Resource" />
			<description>
			</description>
		</method>
		<method name="_converts_to" qualifiers="virtual const">
			<return type="String" />
			<description>
			</description>
		</method>
		<method name="_handles" qualifiers="virtual const">
			<return type="bool" />
			<argument index="0" name="resource" type="Resource" />
			<description>
			</description>
		</method>
	</methods>
</class>
