<?xml version="1.0" encoding="UTF-8" ?>
<class name="LinkButton" inherits="BaseButton" version="4.0">
	<brief_description>
		Simple button used to represent a link to some resource.
	</brief_description>
	<description>
		This kind of button is primarily used when the interaction with the button causes a context change (like linking to a web page).
		See also [BaseButton] which contains common properties and methods associated with this node.
	</description>
	<tutorials>
	</tutorials>
	<methods>
		<method name="clear_opentype_features">
			<return type="void" />
			<description>
				Removes all OpenType features.
			</description>
		</method>
		<method name="get_opentype_feature" qualifiers="const">
			<return type="int" />
			<argument index="0" name="tag" type="String" />
			<description>
				Returns OpenType feature [code]tag[/code].
			</description>
		</method>
		<method name="set_opentype_feature">
			<return type="void" />
			<argument index="0" name="tag" type="String" />
			<argument index="1" name="value" type="int" />
			<description>
				Returns OpenType feature [code]tag[/code]. More info: [url=https://docs.microsoft.com/en-us/typography/opentype/spec/featuretags]OpenType feature tags[/url].
			</description>
		</method>
	</methods>
	<members>
		<member name="focus_mode" type="int" setter="set_focus_mode" getter="get_focus_mode" override="true" enum="Control.FocusMode" default="0" />
		<member name="language" type="String" setter="set_language" getter="get_language" default="&quot;&quot;">
			Language code used for line-breaking and text shaping algorithms, if left empty current locale is used instead.
		</member>
		<member name="mouse_default_cursor_shape" type="int" setter="set_default_cursor_shape" getter="get_default_cursor_shape" override="true" enum="Control.CursorShape" default="2" />
		<member name="structured_text_bidi_override" type="int" setter="set_structured_text_bidi_override" getter="get_structured_text_bidi_override" enum="Control.StructuredTextParser" default="0">
			Set BiDi algorithm override for the structured text.
		</member>
		<member name="structured_text_bidi_override_options" type="Array" setter="set_structured_text_bidi_override_options" getter="get_structured_text_bidi_override_options" default="[]">
			Set additional options for BiDi override.
		</member>
		<member name="text" type="String" setter="set_text" getter="get_text" default="&quot;&quot;">
			The button's text that will be displayed inside the button's area.
		</member>
		<member name="text_direction" type="int" setter="set_text_direction" getter="get_text_direction" enum="Control.TextDirection" default="0">
			Base text writing direction.
		</member>
		<member name="underline" type="int" setter="set_underline_mode" getter="get_underline_mode" enum="LinkButton.UnderlineMode" default="0">
			Determines when to show the underline. See [enum UnderlineMode] for options.
		</member>
	</members>
	<constants>
		<constant name="UNDERLINE_MODE_ALWAYS" value="0" enum="UnderlineMode">
			The LinkButton will always show an underline at the bottom of its text.
		</constant>
		<constant name="UNDERLINE_MODE_ON_HOVER" value="1" enum="UnderlineMode">
			The LinkButton will show an underline at the bottom of its text when the mouse cursor is over it.
		</constant>
		<constant name="UNDERLINE_MODE_NEVER" value="2" enum="UnderlineMode">
			The LinkButton will never show an underline at the bottom of its text.
		</constant>
	</constants>
	<theme_items>
		<theme_item name="focus" data_type="style" type="StyleBox">
			[StyleBox] used when the [LinkButton] is focused. It is displayed over the current [StyleBox], so using [StyleBoxEmpty] will just disable the focus visual effect.
		</theme_item>
		<theme_item name="font" data_type="font" type="Font">
			[Font] of the [LinkButton]'s text.
		</theme_item>
		<theme_item name="font_color" data_type="color" type="Color" default="Color(0.88, 0.88, 0.88, 1)">
			Default text [Color] of the [LinkButton].
		</theme_item>
		<theme_item name="font_focus_color" data_type="color" type="Color" default="Color(0.94, 0.94, 0.94, 1)">
			Text [Color] used when the [LinkButton] is focused. Only replaces the normal text color of the button. Disabled, hovered, and pressed states take precedence over this color.
		</theme_item>
		<theme_item name="font_hover_color" data_type="color" type="Color" default="Color(0.94, 0.94, 0.94, 1)">
			Text [Color] used when the [LinkButton] is being hovered.
		</theme_item>
		<theme_item name="font_outline_color" data_type="color" type="Color" default="Color(1, 1, 1, 1)">
			The tint of text outline of the [LinkButton].
		</theme_item>
		<theme_item name="font_pressed_color" data_type="color" type="Color" default="Color(1, 1, 1, 1)">
			Text [Color] used when the [LinkButton] is being pressed.
		</theme_item>
		<theme_item name="font_size" data_type="font_size" type="int">
			Font size of the [LinkButton]'s text.
		</theme_item>
		<theme_item name="outline_size" data_type="constant" type="int" default="0">
			The size of the text outline.
		</theme_item>
		<theme_item name="underline_spacing" data_type="constant" type="int" default="2">
			The vertical space between the baseline of text and the underline.
		</theme_item>
	</theme_items>
</class>
