<?xml version="1.0" encoding="UTF-8" ?>
<class name="PackedInt64Array" version="4.0">
	<brief_description>
		A packed [Array] of 64-bit integers.
	</brief_description>
	<description>
		An [Array] specifically designed to hold 64-bit integer values. Packs data tightly, so it saves memory for large array sizes.
		[b]Note:[/b] This type stores signed 64-bit integers, which means it can take values in the interval [code][-2^63, 2^63 - 1][/code], i.e. [code][-9223372036854775808, 9223372036854775807][/code]. Exceeding those bounds will wrap around. If you only need to pack 32-bit integers tightly, see [PackedInt32Array] for a more memory-friendly alternative.
	</description>
	<tutorials>
	</tutorials>
	<constructors>
		<constructor name="PackedInt64Array">
			<return type="PackedInt64Array" />
			<description>
				Constructs an empty [PackedInt64Array].
			</description>
		</constructor>
		<constructor name="PackedInt64Array">
			<return type="PackedInt64Array" />
			<argument index="0" name="from" type="PackedInt64Array" />
			<description>
				Constructs a [PackedInt64Array] as a copy of the given [PackedInt64Array].
			</description>
		</constructor>
		<constructor name="PackedInt64Array">
			<return type="PackedInt64Array" />
			<argument index="0" name="from" type="Array" />
			<description>
				Constructs a new [PackedInt64Array]. Optionally, you can pass in a generic [Array] that will be converted.
			</description>
		</constructor>
	</constructors>
	<methods>
		<method name="append">
			<return type="bool" />
			<argument index="0" name="value" type="int" />
			<description>
				Appends an element at the end of the array (alias of [method push_back]).
			</description>
		</method>
		<method name="append_array">
			<return type="void" />
			<argument index="0" name="array" type="PackedInt64Array" />
			<description>
				Appends a [PackedInt64Array] at the end of this array.
			</description>
		</method>
		<method name="bsearch">
			<return type="int" />
			<argument index="0" name="value" type="int" />
			<argument index="1" name="before" type="bool" default="true" />
			<description>
				Finds the index of an existing value (or the insertion index that maintains sorting order, if the value is not yet present in the array) using binary search. Optionally, a [code]before[/code] specifier can be passed. If [code]false[/code], the returned index comes after all existing entries of the value in the array.
				[b]Note:[/b] Calling [method bsearch] on an unsorted array results in unexpected behavior.
			</description>
		</method>
		<method name="duplicate">
			<return type="PackedInt64Array" />
			<description>
				Creates a copy of the array, and returns it.
			</description>
		</method>
		<method name="fill">
			<return type="void" />
			<argument index="0" name="value" type="int" />
			<description>
				Assigns the given value to all elements in the array. This can typically be used together with [method resize] to create an array with a given size and initialized elements.
			</description>
		</method>
		<method name="has" qualifiers="const">
			<return type="bool" />
			<argument index="0" name="value" type="int" />
			<description>
				Returns [code]true[/code] if the array contains [code]value[/code].
			</description>
		</method>
		<method name="insert">
			<return type="int" />
			<argument index="0" name="at_index" type="int" />
			<argument index="1" name="value" type="int" />
			<description>
				Inserts a new integer at a given position in the array. The position must be valid, or at the end of the array ([code]idx == size()[/code]).
			</description>
		</method>
		<method name="is_empty" qualifiers="const">
			<return type="bool" />
			<description>
				Returns [code]true[/code] if the array is empty.
			</description>
		</method>
		<method name="push_back">
			<return type="bool" />
			<argument index="0" name="value" type="int" />
			<description>
				Appends a value to the array.
			</description>
		</method>
		<method name="remove">
			<return type="void" />
			<argument index="0" name="index" type="int" />
			<description>
				Removes an element from the array by index.
			</description>
		</method>
		<method name="resize">
			<return type="int" />
			<argument index="0" name="new_size" type="int" />
			<description>
				Sets the size of the array. If the array is grown, reserves elements at the end of the array. If the array is shrunk, truncates the array to the new size.
			</description>
		</method>
		<method name="reverse">
			<return type="void" />
			<description>
				Reverses the order of the elements in the array.
			</description>
		</method>
		<method name="set">
			<return type="void" />
			<argument index="0" name="index" type="int" />
			<argument index="1" name="value" type="int" />
			<description>
				Changes the integer at the given index.
			</description>
		</method>
		<method name="size" qualifiers="const">
			<return type="int" />
			<description>
				Returns the array size.
			</description>
		</method>
		<method name="sort">
			<return type="void" />
			<description>
				Sorts the elements of the array in ascending order.
			</description>
		</method>
		<method name="subarray" qualifiers="const">
			<return type="PackedInt64Array" />
			<argument index="0" name="from" type="int" />
			<argument index="1" name="to" type="int" />
			<description>
			</description>
		</method>
		<method name="to_byte_array" qualifiers="const">
			<return type="PackedByteArray" />
			<description>
				Returns a copy of the data converted to a [PackedByteArray], where each element have been encoded as 8 bytes.
				The size of the new array will be [code]int64_array.size() * 8[/code].
			</description>
		</method>
	</methods>
	<operators>
		<operator name="operator !=">
			<return type="bool" />
			<description>
			</description>
		</operator>
		<operator name="operator !=">
			<return type="bool" />
			<argument index="0" name="right" type="PackedInt64Array" />
			<description>
			</description>
		</operator>
		<operator name="operator +">
			<return type="PackedInt64Array" />
			<argument index="0" name="right" type="PackedInt64Array" />
			<description>
			</description>
		</operator>
		<operator name="operator ==">
			<return type="bool" />
			<description>
			</description>
		</operator>
		<operator name="operator ==">
			<return type="bool" />
			<argument index="0" name="right" type="PackedInt64Array" />
			<description>
			</description>
		</operator>
		<operator name="operator []">
			<return type="int" />
			<argument index="0" name="index" type="int" />
			<description>
			</description>
		</operator>
	</operators>
</class>
