<?xml version="1.0" encoding="UTF-8" ?>
<class name="RDUniform" inherits="RefCounted" version="4.0">
	<brief_description>
	</brief_description>
	<description>
	</description>
	<tutorials>
	</tutorials>
	<methods>
		<method name="add_id">
			<return type="void" />
			<argument index="0" name="id" type="RID" />
			<description>
			</description>
		</method>
		<method name="clear_ids">
			<return type="void" />
			<description>
			</description>
		</method>
		<method name="get_ids" qualifiers="const">
			<return type="Array" />
			<description>
			</description>
		</method>
	</methods>
	<members>
		<member name="binding" type="int" setter="set_binding" getter="get_binding" default="0">
		</member>
		<member name="uniform_type" type="int" setter="set_uniform_type" getter="get_uniform_type" enum="RenderingDevice.UniformType" default="3">
		</member>
	</members>
</class>
