<?xml version="1.0" encoding="UTF-8" ?>
<class name="Panel" inherits="Control" version="3.2">
	<brief_description>
		Provides an opaque background for [Control] children.
	</brief_description>
	<description>
		Panel is a [Control] that displays an opaque background. It's commonly used as a parent and container for other types of [Control] nodes.
	</description>
	<tutorials>
	</tutorials>
	<methods>
	</methods>
	<constants>
	</constants>
	<theme_items>
		<theme_item name="panel" type="StyleBox">
			The style of this [Panel].
		</theme_item>
	</theme_items>
</class>
