<?xml version="1.0" encoding="UTF-8" ?>
<class name="RigidBody2D" inherits="PhysicsBody2D" version="3.2">
	<brief_description>
		A body that is controlled by the 2D physics engine.
	</brief_description>
	<description>
		This node implements simulated 2D physics. You do not control a RigidBody2D directly. Instead you apply forces to it (gravity, impulses, etc.) and the physics simulation calculates the resulting movement based on its mass, friction, and other physical properties.
		A RigidBody2D has 4 behavior [member mode]s: Rigid, Static, Character, and Kinematic.
		[b]Note:[/b] You should not change a RigidBody2D's [code]position[/code] or [code]linear_velocity[/code] every frame or even very often. If you need to directly affect the body's state, use [method _integrate_forces], which allows you to directly access the physics state.
		Please also keep in mind that physics bodies manage their own transform which overwrites the ones you set. So any direct or indirect transformation (including scaling of the node or its parent) will be visible in the editor only, and immediately reset at runtime.
		If you need to override the default physics behavior or add a transformation at runtime, you can write a custom force integration. See [member custom_integrator].
		The center of mass is always located at the node's origin without taking into account the [CollisionShape2D] centroid offsets.
	</description>
	<tutorials>
	</tutorials>
	<methods>
		<method name="_integrate_forces" qualifiers="virtual">
			<return type="void">
			</return>
			<argument index="0" name="state" type="Physics2DDirectBodyState">
			</argument>
			<description>
				Allows you to read and safely modify the simulation state for the object. Use this instead of [method Node._physics_process] if you need to directly change the body's [code]position[/code] or other physics properties. By default, it works in addition to the usual physics behavior, but [member custom_integrator] allows you to disable the default behavior and write custom force integration for a body.
			</description>
		</method>
		<method name="add_central_force">
			<return type="void">
			</return>
			<argument index="0" name="force" type="Vector2">
			</argument>
			<description>
				Adds a constant directional force without affecting rotation.
			</description>
		</method>
		<method name="add_force">
			<return type="void">
			</return>
			<argument index="0" name="offset" type="Vector2">
			</argument>
			<argument index="1" name="force" type="Vector2">
			</argument>
			<description>
				Adds a positioned force to the body. Both the force and the offset from the body origin are in global coordinates.
			</description>
		</method>
		<method name="add_torque">
			<return type="void">
			</return>
			<argument index="0" name="torque" type="float">
			</argument>
			<description>
				Adds a constant rotational force.
			</description>
		</method>
		<method name="apply_central_impulse">
			<return type="void">
			</return>
			<argument index="0" name="impulse" type="Vector2">
			</argument>
			<description>
				Applies a directional impulse without affecting rotation.
			</description>
		</method>
		<method name="apply_impulse">
			<return type="void">
			</return>
			<argument index="0" name="offset" type="Vector2">
			</argument>
			<argument index="1" name="impulse" type="Vector2">
			</argument>
			<description>
				Applies a positioned impulse to the body. An impulse is time-independent! Applying an impulse every frame would result in a framerate-dependent force. For this reason it should only be used when simulating one-time impacts (use the "_force" functions otherwise). The position uses the rotation of the global coordinate system, but is centered at the object's origin.
			</description>
		</method>
		<method name="apply_torque_impulse">
			<return type="void">
			</return>
			<argument index="0" name="torque" type="float">
			</argument>
			<description>
				Applies a rotational impulse to the body.
			</description>
		</method>
		<method name="get_colliding_bodies" qualifiers="const">
			<return type="Array">
			</return>
			<description>
				Returns a list of the bodies colliding with this one. Requires [member contact_monitor] to be set to [code]true[/code] and [member contacts_reported] to be set high enough to detect all the collisions.
				[b]Note:[/b] The result of this test is not immediate after moving objects. For performance, list of collisions is updated once per frame and before the physics step. Consider using signals instead.
			</description>
		</method>
		<method name="set_axis_velocity">
			<return type="void">
			</return>
			<argument index="0" name="axis_velocity" type="Vector2">
			</argument>
			<description>
				Sets the body's velocity on the given axis. The velocity in the given vector axis will be set as the given vector length. This is useful for jumping behavior.
			</description>
		</method>
		<method name="test_motion">
			<return type="bool">
			</return>
			<argument index="0" name="motion" type="Vector2">
			</argument>
			<argument index="1" name="infinite_inertia" type="bool" default="true">
			</argument>
			<argument index="2" name="margin" type="float" default="0.08">
			</argument>
			<argument index="3" name="result" type="Physics2DTestMotionResult" default="null">
			</argument>
			<description>
				Returns [code]true[/code] if a collision would result from moving in the given vector. [code]margin[/code] increases the size of the shapes involved in the collision detection, and [code]result[/code] is an object of type [Physics2DTestMotionResult], which contains additional information about the collision (should there be one).
			</description>
		</method>
	</methods>
	<members>
		<member name="angular_damp" type="float" setter="set_angular_damp" getter="get_angular_damp" default="-1.0">
			Damps the body's [member angular_velocity]. If [code]-1[/code], the body will use the [b]Default Angular Damp[/b] defined in [b]Project &gt; Project Settings &gt; Physics &gt; 2d[/b].
		</member>
		<member name="angular_velocity" type="float" setter="set_angular_velocity" getter="get_angular_velocity" default="0.0">
			The body's rotational velocity.
		</member>
		<member name="applied_force" type="Vector2" setter="set_applied_force" getter="get_applied_force" default="Vector2( 0, 0 )">
			The body's total applied force.
		</member>
		<member name="applied_torque" type="float" setter="set_applied_torque" getter="get_applied_torque" default="0.0">
			The body's total applied torque.
		</member>
		<member name="bounce" type="float" setter="set_bounce" getter="get_bounce">
			The body's bounciness. Values range from [code]0[/code] (no bounce) to [code]1[/code] (full bounciness).
			Deprecated, use [member PhysicsMaterial.bounce] instead via [member physics_material_override].
		</member>
		<member name="can_sleep" type="bool" setter="set_can_sleep" getter="is_able_to_sleep" default="true">
			If [code]true[/code], the body can enter sleep mode when there is no movement. See [member sleeping].
			[b]Note:[/b] A RigidBody2D will never enter sleep mode automatically if its [member mode] is [constant MODE_CHARACTER]. It can still be put to sleep manually by setting its [member sleeping] property to [code]true[/code].
		</member>
		<member name="contact_monitor" type="bool" setter="set_contact_monitor" getter="is_contact_monitor_enabled" default="false">
			If [code]true[/code], the body will emit signals when it collides with another RigidBody2D. See also [member contacts_reported].
		</member>
		<member name="contacts_reported" type="int" setter="set_max_contacts_reported" getter="get_max_contacts_reported" default="0">
			The maximum number of contacts that will be recorded. Requires [member contact_monitor] to be set to [code]true[/code].
			[b]Note:[/b] The number of contacts is different from the number of collisions. Collisions between parallel edges will result in two contacts (one at each end), and collisions between parallel faces will result in four contacts (one at each corner).
		</member>
		<member name="continuous_cd" type="int" setter="set_continuous_collision_detection_mode" getter="get_continuous_collision_detection_mode" enum="RigidBody2D.CCDMode" default="0">
			Continuous collision detection mode.
			Continuous collision detection tries to predict where a moving body will collide instead of moving it and correcting its movement after collision. Continuous collision detection is slower, but more precise and misses fewer collisions with small, fast-moving objects. Raycasting and shapecasting methods are available. See [enum CCDMode] for details.
		</member>
		<member name="custom_integrator" type="bool" setter="set_use_custom_integrator" getter="is_using_custom_integrator" default="false">
			If [code]true[/code], internal force integration is disabled for this body. Aside from collision response, the body will only move as determined by the [method _integrate_forces] function.
		</member>
		<member name="friction" type="float" setter="set_friction" getter="get_friction">
			The body's friction. Values range from [code]0[/code] (frictionless) to [code]1[/code] (maximum friction).
			Deprecated, use [member PhysicsMaterial.friction] instead via [member physics_material_override].
		</member>
		<member name="gravity_scale" type="float" setter="set_gravity_scale" getter="get_gravity_scale" default="1.0">
			Multiplies the gravity applied to the body. The body's gravity is calculated from the [b]Default Gravity[/b] value in [b]Project &gt; Project Settings &gt; Physics &gt; 2d[/b] and/or any additional gravity vector applied by [Area2D]s.
		</member>
		<member name="inertia" type="float" setter="set_inertia" getter="get_inertia">
			The body's moment of inertia. This is like mass, but for rotation: it determines how much torque it takes to rotate the body. The moment of inertia is usually computed automatically from the mass and the shapes, but this function allows you to set a custom value. Set 0 inertia to return to automatically computing it.
		</member>
		<member name="linear_damp" type="float" setter="set_linear_damp" getter="get_linear_damp" default="-1.0">
			Damps the body's [member linear_velocity]. If [code]-1[/code], the body will use the [b]Default Linear Damp[/b] in [b]Project &gt; Project Settings &gt; Physics &gt; 2d[/b].
		</member>
		<member name="linear_velocity" type="Vector2" setter="set_linear_velocity" getter="get_linear_velocity" default="Vector2( 0, 0 )">
			The body's linear velocity.
		</member>
		<member name="mass" type="float" setter="set_mass" getter="get_mass" default="1.0">
			The body's mass.
		</member>
		<member name="mode" type="int" setter="set_mode" getter="get_mode" enum="RigidBody2D.Mode" default="0">
			The body's mode. See [enum Mode] for possible values.
		</member>
		<member name="physics_material_override" type="PhysicsMaterial" setter="set_physics_material_override" getter="get_physics_material_override">
			The physics material override for the body.
			If a material is assigned to this property, it will be used instead of any other physics material, such as an inherited one.
		</member>
		<member name="sleeping" type="bool" setter="set_sleeping" getter="is_sleeping" default="false">
			If [code]true[/code], the body will not move and will not calculate forces until woken up by another body through, for example, a collision, or by using the [method apply_impulse] or [method add_force] methods.
		</member>
		<member name="weight" type="float" setter="set_weight" getter="get_weight" default="9.8">
			The body's weight based on its mass and the [b]Default Gravity[/b] value in [b]Project &gt; Project Settings &gt; Physics &gt; 2d[/b].
		</member>
	</members>
	<signals>
		<signal name="body_entered">
			<argument index="0" name="body" type="Node">
			</argument>
			<description>
				Emitted when a body enters into contact with this one. Requires [member contact_monitor] to be set to [code]true[/code] and [member contacts_reported] to be set high enough to detect all the collisions.
			</description>
		</signal>
		<signal name="body_exited">
			<argument index="0" name="body" type="Node">
			</argument>
			<description>
				Emitted when a body exits contact with this one. Requires [member contact_monitor] to be set to [code]true[/code] and [member contacts_reported] to be set high enough to detect all the collisions.
			</description>
		</signal>
		<signal name="body_shape_entered">
			<argument index="0" name="body_id" type="int">
			</argument>
			<argument index="1" name="body" type="Node">
			</argument>
			<argument index="2" name="body_shape" type="int">
			</argument>
			<argument index="3" name="local_shape" type="int">
			</argument>
			<description>
				Emitted when a body enters into contact with this one. Reports colliding shape information. See [CollisionObject2D] for shape index information. Requires [member contact_monitor] to be set to [code]true[/code] and [member contacts_reported] to be set high enough to detect all the collisions.
			</description>
		</signal>
		<signal name="body_shape_exited">
			<argument index="0" name="body_id" type="int">
			</argument>
			<argument index="1" name="body" type="Node">
			</argument>
			<argument index="2" name="body_shape" type="int">
			</argument>
			<argument index="3" name="local_shape" type="int">
			</argument>
			<description>
				Emitted when a body shape exits contact with this one. Reports colliding shape information. See [CollisionObject2D] for shape index information. Requires [member contact_monitor] to be set to [code]true[/code] and [member contacts_reported] to be set high enough to detect all the collisions.
			</description>
		</signal>
		<signal name="sleeping_state_changed">
			<description>
				Emitted when the physics engine changes the body's sleeping state.
				[b]Note:[/b] Changing the value [member sleeping] will not trigger this signal. It is only emitted if the sleeping state is changed by the physics engine or [code]emit_signal("sleeping_state_changed")[/code] is used.
			</description>
		</signal>
	</signals>
	<constants>
		<constant name="MODE_RIGID" value="0" enum="Mode">
			Rigid mode. The body behaves as a physical object. It collides with other bodies and responds to forces applied to it. This is the default mode.
		</constant>
		<constant name="MODE_STATIC" value="1" enum="Mode">
			Static mode. The body behaves like a [StaticBody2D] and does not move.
		</constant>
		<constant name="MODE_CHARACTER" value="2" enum="Mode">
			Character mode. Similar to [constant MODE_RIGID], but the body can not rotate.
		</constant>
		<constant name="MODE_KINEMATIC" value="3" enum="Mode">
			Kinematic mode. The body behaves like a [KinematicBody2D], and must be moved by code.
		</constant>
		<constant name="CCD_MODE_DISABLED" value="0" enum="CCDMode">
			Continuous collision detection disabled. This is the fastest way to detect body collisions, but can miss small, fast-moving objects.
		</constant>
		<constant name="CCD_MODE_CAST_RAY" value="1" enum="CCDMode">
			Continuous collision detection enabled using raycasting. This is faster than shapecasting but less precise.
		</constant>
		<constant name="CCD_MODE_CAST_SHAPE" value="2" enum="CCDMode">
			Continuous collision detection enabled using shapecasting. This is the slowest CCD method and the most precise.
		</constant>
	</constants>
</class>
