<?xml version="1.0" encoding="UTF-8" ?>
<class name="@GlobalScope" version="3.3">
	<brief_description>
	</brief_description>
	<description>
	</description>
	<tutorials>
	</tutorials>
	<methods>
	</methods>
	<members>
		<member name="ARVRServer" type="ARVRServer" setter="" getter="">
		</member>
		<member name="AudioServer" type="AudioServer" setter="" getter="">
		</member>
		<member name="CameraServer" type="CameraServer" setter="" getter="">
		</member>
		<member name="ClassDB" type="ClassDB" setter="" getter="">
		</member>
		<member name="Engine" type="Engine" setter="" getter="">
		</member>
		<member name="Geometry" type="Geometry" setter="" getter="">
		</member>
		<member name="IP" type="IP" setter="" getter="">
		</member>
		<member name="Input" type="Input" setter="" getter="">
		</member>
		<member name="InputMap" type="InputMap" setter="" getter="">
		</member>
		<member name="JSON" type="JSON" setter="" getter="">
		</member>
		<member name="JavaClassWrapper" type="JavaClassWrapper" setter="" getter="">
		</member>
		<member name="JavaScript" type="JavaScript" setter="" getter="">
		</member>
		<member name="Marshalls" type="Marshalls" setter="" getter="">
		</member>
		<member name="NavigationMeshGenerator" type="EditorNavigationMeshGenerator" setter="" getter="">
		</member>
		<member name="OS" type="OS" setter="" getter="">
		</member>
		<member name="Performance" type="Performance" setter="" getter="">
		</member>
		<member name="Physics2DServer" type="Physics2DServer" setter="" getter="">
		</member>
		<member name="PhysicsServer" type="PhysicsServer" setter="" getter="">
		</member>
		<member name="ProjectSettings" type="ProjectSettings" setter="" getter="">
		</member>
		<member name="ResourceLoader" type="ResourceLoader" setter="" getter="">
		</member>
		<member name="ResourceSaver" type="ResourceSaver" setter="" getter="">
		</member>
		<member name="TranslationServer" type="TranslationServer" setter="" getter="">
		</member>
		<member name="VisualScriptEditor" type="VisualScriptEditor" setter="" getter="">
		</member>
		<member name="VisualServer" type="VisualServer" setter="" getter="">
		</member>
	</members>
	<constants>
		<constant name="MARGIN_LEFT" value="0" enum="Margin">
		</constant>
		<constant name="MARGIN_TOP" value="1" enum="Margin">
		</constant>
		<constant name="MARGIN_RIGHT" value="2" enum="Margin">
		</constant>
		<constant name="MARGIN_BOTTOM" value="3" enum="Margin">
		</constant>
		<constant name="CORNER_TOP_LEFT" value="0" enum="Corner">
		</constant>
		<constant name="CORNER_TOP_RIGHT" value="1" enum="Corner">
		</constant>
		<constant name="CORNER_BOTTOM_RIGHT" value="2" enum="Corner">
		</constant>
		<constant name="CORNER_BOTTOM_LEFT" value="3" enum="Corner">
		</constant>
		<constant name="VERTICAL" value="1" enum="Orientation">
		</constant>
		<constant name="HORIZONTAL" value="0" enum="Orientation">
		</constant>
		<constant name="HALIGN_LEFT" value="0" enum="HAlign">
		</constant>
		<constant name="HALIGN_CENTER" value="1" enum="HAlign">
		</constant>
		<constant name="HALIGN_RIGHT" value="2" enum="HAlign">
		</constant>
		<constant name="VALIGN_TOP" value="0" enum="VAlign">
		</constant>
		<constant name="VALIGN_CENTER" value="1" enum="VAlign">
		</constant>
		<constant name="VALIGN_BOTTOM" value="2" enum="VAlign">
		</constant>
		<constant name="SPKEY" value="16777216">
		</constant>
		<constant name="KEY_ESCAPE" value="16777217" enum="KeyList">
		</constant>
		<constant name="KEY_TAB" value="16777218" enum="KeyList">
		</constant>
		<constant name="KEY_BACKTAB" value="16777219" enum="KeyList">
		</constant>
		<constant name="KEY_BACKSPACE" value="16777220" enum="KeyList">
		</constant>
		<constant name="KEY_ENTER" value="16777221" enum="KeyList">
		</constant>
		<constant name="KEY_KP_ENTER" value="16777222" enum="KeyList">
		</constant>
		<constant name="KEY_INSERT" value="16777223" enum="KeyList">
		</constant>
		<constant name="KEY_DELETE" value="16777224" enum="KeyList">
		</constant>
		<constant name="KEY_PAUSE" value="16777225" enum="KeyList">
		</constant>
		<constant name="KEY_PRINT" value="16777226" enum="KeyList">
		</constant>
		<constant name="KEY_SYSREQ" value="16777227" enum="KeyList">
		</constant>
		<constant name="KEY_CLEAR" value="16777228" enum="KeyList">
		</constant>
		<constant name="KEY_HOME" value="16777229" enum="KeyList">
		</constant>
		<constant name="KEY_END" value="16777230" enum="KeyList">
		</constant>
		<constant name="KEY_LEFT" value="16777231" enum="KeyList">
		</constant>
		<constant name="KEY_UP" value="16777232" enum="KeyList">
		</constant>
		<constant name="KEY_RIGHT" value="16777233" enum="KeyList">
		</constant>
		<constant name="KEY_DOWN" value="16777234" enum="KeyList">
		</constant>
		<constant name="KEY_PAGEUP" value="16777235" enum="KeyList">
		</constant>
		<constant name="KEY_PAGEDOWN" value="16777236" enum="KeyList">
		</constant>
		<constant name="KEY_SHIFT" value="16777237" enum="KeyList">
		</constant>
		<constant name="KEY_CONTROL" value="16777238" enum="KeyList">
		</constant>
		<constant name="KEY_META" value="16777239" enum="KeyList">
		</constant>
		<constant name="KEY_ALT" value="16777240" enum="KeyList">
		</constant>
		<constant name="KEY_CAPSLOCK" value="16777241" enum="KeyList">
		</constant>
		<constant name="KEY_NUMLOCK" value="16777242" enum="KeyList">
		</constant>
		<constant name="KEY_SCROLLLOCK" value="16777243" enum="KeyList">
		</constant>
		<constant name="KEY_F1" value="16777244" enum="KeyList">
		</constant>
		<constant name="KEY_F2" value="16777245" enum="KeyList">
		</constant>
		<constant name="KEY_F3" value="16777246" enum="KeyList">
		</constant>
		<constant name="KEY_F4" value="16777247" enum="KeyList">
		</constant>
		<constant name="KEY_F5" value="16777248" enum="KeyList">
		</constant>
		<constant name="KEY_F6" value="16777249" enum="KeyList">
		</constant>
		<constant name="KEY_F7" value="16777250" enum="KeyList">
		</constant>
		<constant name="KEY_F8" value="16777251" enum="KeyList">
		</constant>
		<constant name="KEY_F9" value="16777252" enum="KeyList">
		</constant>
		<constant name="KEY_F10" value="16777253" enum="KeyList">
		</constant>
		<constant name="KEY_F11" value="16777254" enum="KeyList">
		</constant>
		<constant name="KEY_F12" value="16777255" enum="KeyList">
		</constant>
		<constant name="KEY_F13" value="16777256" enum="KeyList">
		</constant>
		<constant name="KEY_F14" value="16777257" enum="KeyList">
		</constant>
		<constant name="KEY_F15" value="16777258" enum="KeyList">
		</constant>
		<constant name="KEY_F16" value="16777259" enum="KeyList">
		</constant>
		<constant name="KEY_KP_MULTIPLY" value="16777345" enum="KeyList">
		</constant>
		<constant name="KEY_KP_DIVIDE" value="16777346" enum="KeyList">
		</constant>
		<constant name="KEY_KP_SUBTRACT" value="16777347" enum="KeyList">
		</constant>
		<constant name="KEY_KP_PERIOD" value="16777348" enum="KeyList">
		</constant>
		<constant name="KEY_KP_ADD" value="16777349" enum="KeyList">
		</constant>
		<constant name="KEY_KP_0" value="16777350" enum="KeyList">
		</constant>
		<constant name="KEY_KP_1" value="16777351" enum="KeyList">
		</constant>
		<constant name="KEY_KP_2" value="16777352" enum="KeyList">
		</constant>
		<constant name="KEY_KP_3" value="16777353" enum="KeyList">
		</constant>
		<constant name="KEY_KP_4" value="16777354" enum="KeyList">
		</constant>
		<constant name="KEY_KP_5" value="16777355" enum="KeyList">
		</constant>
		<constant name="KEY_KP_6" value="16777356" enum="KeyList">
		</constant>
		<constant name="KEY_KP_7" value="16777357" enum="KeyList">
		</constant>
		<constant name="KEY_KP_8" value="16777358" enum="KeyList">
		</constant>
		<constant name="KEY_KP_9" value="16777359" enum="KeyList">
		</constant>
		<constant name="KEY_SUPER_L" value="16777260" enum="KeyList">
		</constant>
		<constant name="KEY_SUPER_R" value="16777261" enum="KeyList">
		</constant>
		<constant name="KEY_MENU" value="16777262" enum="KeyList">
		</constant>
		<constant name="KEY_HYPER_L" value="16777263" enum="KeyList">
		</constant>
		<constant name="KEY_HYPER_R" value="16777264" enum="KeyList">
		</constant>
		<constant name="KEY_HELP" value="16777265" enum="KeyList">
		</constant>
		<constant name="KEY_DIRECTION_L" value="16777266" enum="KeyList">
		</constant>
		<constant name="KEY_DIRECTION_R" value="16777267" enum="KeyList">
		</constant>
		<constant name="KEY_BACK" value="16777280" enum="KeyList">
		</constant>
		<constant name="KEY_FORWARD" value="16777281" enum="KeyList">
		</constant>
		<constant name="KEY_STOP" value="16777282" enum="KeyList">
		</constant>
		<constant name="KEY_REFRESH" value="16777283" enum="KeyList">
		</constant>
		<constant name="KEY_VOLUMEDOWN" value="16777284" enum="KeyList">
		</constant>
		<constant name="KEY_VOLUMEMUTE" value="16777285" enum="KeyList">
		</constant>
		<constant name="KEY_VOLUMEUP" value="16777286" enum="KeyList">
		</constant>
		<constant name="KEY_BASSBOOST" value="16777287" enum="KeyList">
		</constant>
		<constant name="KEY_BASSUP" value="16777288" enum="KeyList">
		</constant>
		<constant name="KEY_BASSDOWN" value="16777289" enum="KeyList">
		</constant>
		<constant name="KEY_TREBLEUP" value="16777290" enum="KeyList">
		</constant>
		<constant name="KEY_TREBLEDOWN" value="16777291" enum="KeyList">
		</constant>
		<constant name="KEY_MEDIAPLAY" value="16777292" enum="KeyList">
		</constant>
		<constant name="KEY_MEDIASTOP" value="16777293" enum="KeyList">
		</constant>
		<constant name="KEY_MEDIAPREVIOUS" value="16777294" enum="KeyList">
		</constant>
		<constant name="KEY_MEDIANEXT" value="16777295" enum="KeyList">
		</constant>
		<constant name="KEY_MEDIARECORD" value="16777296" enum="KeyList">
		</constant>
		<constant name="KEY_HOMEPAGE" value="16777297" enum="KeyList">
		</constant>
		<constant name="KEY_FAVORITES" value="16777298" enum="KeyList">
		</constant>
		<constant name="KEY_SEARCH" value="16777299" enum="KeyList">
		</constant>
		<constant name="KEY_STANDBY" value="16777300" enum="KeyList">
		</constant>
		<constant name="KEY_OPENURL" value="16777301" enum="KeyList">
		</constant>
		<constant name="KEY_LAUNCHMAIL" value="16777302" enum="KeyList">
		</constant>
		<constant name="KEY_LAUNCHMEDIA" value="16777303" enum="KeyList">
		</constant>
		<constant name="KEY_LAUNCH0" value="16777304" enum="KeyList">
		</constant>
		<constant name="KEY_LAUNCH1" value="16777305" enum="KeyList">
		</constant>
		<constant name="KEY_LAUNCH2" value="16777306" enum="KeyList">
		</constant>
		<constant name="KEY_LAUNCH3" value="16777307" enum="KeyList">
		</constant>
		<constant name="KEY_LAUNCH4" value="16777308" enum="KeyList">
		</constant>
		<constant name="KEY_LAUNCH5" value="16777309" enum="KeyList">
		</constant>
		<constant name="KEY_LAUNCH6" value="16777310" enum="KeyList">
		</constant>
		<constant name="KEY_LAUNCH7" value="16777311" enum="KeyList">
		</constant>
		<constant name="KEY_LAUNCH8" value="16777312" enum="KeyList">
		</constant>
		<constant name="KEY_LAUNCH9" value="16777313" enum="KeyList">
		</constant>
		<constant name="KEY_LAUNCHA" value="16777314" enum="KeyList">
		</constant>
		<constant name="KEY_LAUNCHB" value="16777315" enum="KeyList">
		</constant>
		<constant name="KEY_LAUNCHC" value="16777316" enum="KeyList">
		</constant>
		<constant name="KEY_LAUNCHD" value="16777317" enum="KeyList">
		</constant>
		<constant name="KEY_LAUNCHE" value="16777318" enum="KeyList">
		</constant>
		<constant name="KEY_LAUNCHF" value="16777319" enum="KeyList">
		</constant>
		<constant name="KEY_UNKNOWN" value="33554431" enum="KeyList">
		</constant>
		<constant name="KEY_SPACE" value="32" enum="KeyList">
		</constant>
		<constant name="KEY_EXCLAM" value="33" enum="KeyList">
		</constant>
		<constant name="KEY_QUOTEDBL" value="34" enum="KeyList">
		</constant>
		<constant name="KEY_NUMBERSIGN" value="35" enum="KeyList">
		</constant>
		<constant name="KEY_DOLLAR" value="36" enum="KeyList">
		</constant>
		<constant name="KEY_PERCENT" value="37" enum="KeyList">
		</constant>
		<constant name="KEY_AMPERSAND" value="38" enum="KeyList">
		</constant>
		<constant name="KEY_APOSTROPHE" value="39" enum="KeyList">
		</constant>
		<constant name="KEY_PARENLEFT" value="40" enum="KeyList">
		</constant>
		<constant name="KEY_PARENRIGHT" value="41" enum="KeyList">
		</constant>
		<constant name="KEY_ASTERISK" value="42" enum="KeyList">
		</constant>
		<constant name="KEY_PLUS" value="43" enum="KeyList">
		</constant>
		<constant name="KEY_COMMA" value="44" enum="KeyList">
		</constant>
		<constant name="KEY_MINUS" value="45" enum="KeyList">
		</constant>
		<constant name="KEY_PERIOD" value="46" enum="KeyList">
		</constant>
		<constant name="KEY_SLASH" value="47" enum="KeyList">
		</constant>
		<constant name="KEY_0" value="48" enum="KeyList">
		</constant>
		<constant name="KEY_1" value="49" enum="KeyList">
		</constant>
		<constant name="KEY_2" value="50" enum="KeyList">
		</constant>
		<constant name="KEY_3" value="51" enum="KeyList">
		</constant>
		<constant name="KEY_4" value="52" enum="KeyList">
		</constant>
		<constant name="KEY_5" value="53" enum="KeyList">
		</constant>
		<constant name="KEY_6" value="54" enum="KeyList">
		</constant>
		<constant name="KEY_7" value="55" enum="KeyList">
		</constant>
		<constant name="KEY_8" value="56" enum="KeyList">
		</constant>
		<constant name="KEY_9" value="57" enum="KeyList">
		</constant>
		<constant name="KEY_COLON" value="58" enum="KeyList">
		</constant>
		<constant name="KEY_SEMICOLON" value="59" enum="KeyList">
		</constant>
		<constant name="KEY_LESS" value="60" enum="KeyList">
		</constant>
		<constant name="KEY_EQUAL" value="61" enum="KeyList">
		</constant>
		<constant name="KEY_GREATER" value="62" enum="KeyList">
		</constant>
		<constant name="KEY_QUESTION" value="63" enum="KeyList">
		</constant>
		<constant name="KEY_AT" value="64" enum="KeyList">
		</constant>
		<constant name="KEY_A" value="65" enum="KeyList">
		</constant>
		<constant name="KEY_B" value="66" enum="KeyList">
		</constant>
		<constant name="KEY_C" value="67" enum="KeyList">
		</constant>
		<constant name="KEY_D" value="68" enum="KeyList">
		</constant>
		<constant name="KEY_E" value="69" enum="KeyList">
		</constant>
		<constant name="KEY_F" value="70" enum="KeyList">
		</constant>
		<constant name="KEY_G" value="71" enum="KeyList">
		</constant>
		<constant name="KEY_H" value="72" enum="KeyList">
		</constant>
		<constant name="KEY_I" value="73" enum="KeyList">
		</constant>
		<constant name="KEY_J" value="74" enum="KeyList">
		</constant>
		<constant name="KEY_K" value="75" enum="KeyList">
		</constant>
		<constant name="KEY_L" value="76" enum="KeyList">
		</constant>
		<constant name="KEY_M" value="77" enum="KeyList">
		</constant>
		<constant name="KEY_N" value="78" enum="KeyList">
		</constant>
		<constant name="KEY_O" value="79" enum="KeyList">
		</constant>
		<constant name="KEY_P" value="80" enum="KeyList">
		</constant>
		<constant name="KEY_Q" value="81" enum="KeyList">
		</constant>
		<constant name="KEY_R" value="82" enum="KeyList">
		</constant>
		<constant name="KEY_S" value="83" enum="KeyList">
		</constant>
		<constant name="KEY_T" value="84" enum="KeyList">
		</constant>
		<constant name="KEY_U" value="85" enum="KeyList">
		</constant>
		<constant name="KEY_V" value="86" enum="KeyList">
		</constant>
		<constant name="KEY_W" value="87" enum="KeyList">
		</constant>
		<constant name="KEY_X" value="88" enum="KeyList">
		</constant>
		<constant name="KEY_Y" value="89" enum="KeyList">
		</constant>
		<constant name="KEY_Z" value="90" enum="KeyList">
		</constant>
		<constant name="KEY_BRACKETLEFT" value="91" enum="KeyList">
		</constant>
		<constant name="KEY_BACKSLASH" value="92" enum="KeyList">
		</constant>
		<constant name="KEY_BRACKETRIGHT" value="93" enum="KeyList">
		</constant>
		<constant name="KEY_ASCIICIRCUM" value="94" enum="KeyList">
		</constant>
		<constant name="KEY_UNDERSCORE" value="95" enum="KeyList">
		</constant>
		<constant name="KEY_QUOTELEFT" value="96" enum="KeyList">
		</constant>
		<constant name="KEY_BRACELEFT" value="123" enum="KeyList">
		</constant>
		<constant name="KEY_BAR" value="124" enum="KeyList">
		</constant>
		<constant name="KEY_BRACERIGHT" value="125" enum="KeyList">
		</constant>
		<constant name="KEY_ASCIITILDE" value="126" enum="KeyList">
		</constant>
		<constant name="KEY_NOBREAKSPACE" value="160" enum="KeyList">
		</constant>
		<constant name="KEY_EXCLAMDOWN" value="161" enum="KeyList">
		</constant>
		<constant name="KEY_CENT" value="162" enum="KeyList">
		</constant>
		<constant name="KEY_STERLING" value="163" enum="KeyList">
		</constant>
		<constant name="KEY_CURRENCY" value="164" enum="KeyList">
		</constant>
		<constant name="KEY_YEN" value="165" enum="KeyList">
		</constant>
		<constant name="KEY_BROKENBAR" value="166" enum="KeyList">
		</constant>
		<constant name="KEY_SECTION" value="167" enum="KeyList">
		</constant>
		<constant name="KEY_DIAERESIS" value="168" enum="KeyList">
		</constant>
		<constant name="KEY_COPYRIGHT" value="169" enum="KeyList">
		</constant>
		<constant name="KEY_ORDFEMININE" value="170" enum="KeyList">
		</constant>
		<constant name="KEY_GUILLEMOTLEFT" value="171" enum="KeyList">
		</constant>
		<constant name="KEY_NOTSIGN" value="172" enum="KeyList">
		</constant>
		<constant name="KEY_HYPHEN" value="173" enum="KeyList">
		</constant>
		<constant name="KEY_REGISTERED" value="174" enum="KeyList">
		</constant>
		<constant name="KEY_MACRON" value="175" enum="KeyList">
		</constant>
		<constant name="KEY_DEGREE" value="176" enum="KeyList">
		</constant>
		<constant name="KEY_PLUSMINUS" value="177" enum="KeyList">
		</constant>
		<constant name="KEY_TWOSUPERIOR" value="178" enum="KeyList">
		</constant>
		<constant name="KEY_THREESUPERIOR" value="179" enum="KeyList">
		</constant>
		<constant name="KEY_ACUTE" value="180" enum="KeyList">
		</constant>
		<constant name="KEY_MU" value="181" enum="KeyList">
		</constant>
		<constant name="KEY_PARAGRAPH" value="182" enum="KeyList">
		</constant>
		<constant name="KEY_PERIODCENTERED" value="183" enum="KeyList">
		</constant>
		<constant name="KEY_CEDILLA" value="184" enum="KeyList">
		</constant>
		<constant name="KEY_ONESUPERIOR" value="185" enum="KeyList">
		</constant>
		<constant name="KEY_MASCULINE" value="186" enum="KeyList">
		</constant>
		<constant name="KEY_GUILLEMOTRIGHT" value="187" enum="KeyList">
		</constant>
		<constant name="KEY_ONEQUARTER" value="188" enum="KeyList">
		</constant>
		<constant name="KEY_ONEHALF" value="189" enum="KeyList">
		</constant>
		<constant name="KEY_THREEQUARTERS" value="190" enum="KeyList">
		</constant>
		<constant name="KEY_QUESTIONDOWN" value="191" enum="KeyList">
		</constant>
		<constant name="KEY_AGRAVE" value="192" enum="KeyList">
		</constant>
		<constant name="KEY_AACUTE" value="193" enum="KeyList">
		</constant>
		<constant name="KEY_ACIRCUMFLEX" value="194" enum="KeyList">
		</constant>
		<constant name="KEY_ATILDE" value="195" enum="KeyList">
		</constant>
		<constant name="KEY_ADIAERESIS" value="196" enum="KeyList">
		</constant>
		<constant name="KEY_ARING" value="197" enum="KeyList">
		</constant>
		<constant name="KEY_AE" value="198" enum="KeyList">
		</constant>
		<constant name="KEY_CCEDILLA" value="199" enum="KeyList">
		</constant>
		<constant name="KEY_EGRAVE" value="200" enum="KeyList">
		</constant>
		<constant name="KEY_EACUTE" value="201" enum="KeyList">
		</constant>
		<constant name="KEY_ECIRCUMFLEX" value="202" enum="KeyList">
		</constant>
		<constant name="KEY_EDIAERESIS" value="203" enum="KeyList">
		</constant>
		<constant name="KEY_IGRAVE" value="204" enum="KeyList">
		</constant>
		<constant name="KEY_IACUTE" value="205" enum="KeyList">
		</constant>
		<constant name="KEY_ICIRCUMFLEX" value="206" enum="KeyList">
		</constant>
		<constant name="KEY_IDIAERESIS" value="207" enum="KeyList">
		</constant>
		<constant name="KEY_ETH" value="208" enum="KeyList">
		</constant>
		<constant name="KEY_NTILDE" value="209" enum="KeyList">
		</constant>
		<constant name="KEY_OGRAVE" value="210" enum="KeyList">
		</constant>
		<constant name="KEY_OACUTE" value="211" enum="KeyList">
		</constant>
		<constant name="KEY_OCIRCUMFLEX" value="212" enum="KeyList">
		</constant>
		<constant name="KEY_OTILDE" value="213" enum="KeyList">
		</constant>
		<constant name="KEY_ODIAERESIS" value="214" enum="KeyList">
		</constant>
		<constant name="KEY_MULTIPLY" value="215" enum="KeyList">
		</constant>
		<constant name="KEY_OOBLIQUE" value="216" enum="KeyList">
		</constant>
		<constant name="KEY_UGRAVE" value="217" enum="KeyList">
		</constant>
		<constant name="KEY_UACUTE" value="218" enum="KeyList">
		</constant>
		<constant name="KEY_UCIRCUMFLEX" value="219" enum="KeyList">
		</constant>
		<constant name="KEY_UDIAERESIS" value="220" enum="KeyList">
		</constant>
		<constant name="KEY_YACUTE" value="221" enum="KeyList">
		</constant>
		<constant name="KEY_THORN" value="222" enum="KeyList">
		</constant>
		<constant name="KEY_SSHARP" value="223" enum="KeyList">
		</constant>
		<constant name="KEY_DIVISION" value="247" enum="KeyList">
		</constant>
		<constant name="KEY_YDIAERESIS" value="255" enum="KeyList">
		</constant>
		<constant name="KEY_CODE_MASK" value="33554431" enum="KeyModifierMask">
		</constant>
		<constant name="KEY_MODIFIER_MASK" value="-16777216" enum="KeyModifierMask">
		</constant>
		<constant name="KEY_MASK_SHIFT" value="33554432" enum="KeyModifierMask">
		</constant>
		<constant name="KEY_MASK_ALT" value="67108864" enum="KeyModifierMask">
		</constant>
		<constant name="KEY_MASK_META" value="134217728" enum="KeyModifierMask">
		</constant>
		<constant name="KEY_MASK_CTRL" value="268435456" enum="KeyModifierMask">
		</constant>
		<constant name="KEY_MASK_CMD" value="268435456" enum="KeyModifierMask">
		</constant>
		<constant name="KEY_MASK_KPAD" value="536870912" enum="KeyModifierMask">
		</constant>
		<constant name="KEY_MASK_GROUP_SWITCH" value="1073741824" enum="KeyModifierMask">
		</constant>
		<constant name="BUTTON_LEFT" value="1" enum="ButtonList">
		</constant>
		<constant name="BUTTON_RIGHT" value="2" enum="ButtonList">
		</constant>
		<constant name="BUTTON_MIDDLE" value="3" enum="ButtonList">
		</constant>
		<constant name="BUTTON_XBUTTON1" value="8" enum="ButtonList">
		</constant>
		<constant name="BUTTON_XBUTTON2" value="9" enum="ButtonList">
		</constant>
		<constant name="BUTTON_WHEEL_UP" value="4" enum="ButtonList">
		</constant>
		<constant name="BUTTON_WHEEL_DOWN" value="5" enum="ButtonList">
		</constant>
		<constant name="BUTTON_WHEEL_LEFT" value="6" enum="ButtonList">
		</constant>
		<constant name="BUTTON_WHEEL_RIGHT" value="7" enum="ButtonList">
		</constant>
		<constant name="BUTTON_MASK_LEFT" value="1" enum="ButtonList">
		</constant>
		<constant name="BUTTON_MASK_RIGHT" value="2" enum="ButtonList">
		</constant>
		<constant name="BUTTON_MASK_MIDDLE" value="4" enum="ButtonList">
		</constant>
		<constant name="BUTTON_MASK_XBUTTON1" value="128" enum="ButtonList">
		</constant>
		<constant name="BUTTON_MASK_XBUTTON2" value="256" enum="ButtonList">
		</constant>
		<constant name="JOY_INVALID_OPTION" value="-1" enum="JoystickList">
		</constant>
		<constant name="JOY_BUTTON_0" value="0" enum="JoystickList">
		</constant>
		<constant name="JOY_BUTTON_1" value="1" enum="JoystickList">
		</constant>
		<constant name="JOY_BUTTON_2" value="2" enum="JoystickList">
		</constant>
		<constant name="JOY_BUTTON_3" value="3" enum="JoystickList">
		</constant>
		<constant name="JOY_BUTTON_4" value="4" enum="JoystickList">
		</constant>
		<constant name="JOY_BUTTON_5" value="5" enum="JoystickList">
		</constant>
		<constant name="JOY_BUTTON_6" value="6" enum="JoystickList">
		</constant>
		<constant name="JOY_BUTTON_7" value="7" enum="JoystickList">
		</constant>
		<constant name="JOY_BUTTON_8" value="8" enum="JoystickList">
		</constant>
		<constant name="JOY_BUTTON_9" value="9" enum="JoystickList">
		</constant>
		<constant name="JOY_BUTTON_10" value="10" enum="JoystickList">
		</constant>
		<constant name="JOY_BUTTON_11" value="11" enum="JoystickList">
		</constant>
		<constant name="JOY_BUTTON_12" value="12" enum="JoystickList">
		</constant>
		<constant name="JOY_BUTTON_13" value="13" enum="JoystickList">
		</constant>
		<constant name="JOY_BUTTON_14" value="14" enum="JoystickList">
		</constant>
		<constant name="JOY_BUTTON_15" value="15" enum="JoystickList">
		</constant>
		<constant name="JOY_BUTTON_16" value="16" enum="JoystickList">
		</constant>
		<constant name="JOY_BUTTON_17" value="17" enum="JoystickList">
		</constant>
		<constant name="JOY_BUTTON_18" value="18" enum="JoystickList">
		</constant>
		<constant name="JOY_BUTTON_19" value="19" enum="JoystickList">
		</constant>
		<constant name="JOY_BUTTON_20" value="20" enum="JoystickList">
		</constant>
		<constant name="JOY_BUTTON_21" value="21" enum="JoystickList">
		</constant>
		<constant name="JOY_BUTTON_22" value="22" enum="JoystickList">
		</constant>
		<constant name="JOY_BUTTON_MAX" value="23" enum="JoystickList">
		</constant>
		<constant name="JOY_SONY_CIRCLE" value="1" enum="JoystickList">
		</constant>
		<constant name="JOY_SONY_X" value="0" enum="JoystickList">
		</constant>
		<constant name="JOY_SONY_SQUARE" value="2" enum="JoystickList">
		</constant>
		<constant name="JOY_SONY_TRIANGLE" value="3" enum="JoystickList">
		</constant>
		<constant name="JOY_XBOX_B" value="1" enum="JoystickList">
		</constant>
		<constant name="JOY_XBOX_A" value="0" enum="JoystickList">
		</constant>
		<constant name="JOY_XBOX_X" value="2" enum="JoystickList">
		</constant>
		<constant name="JOY_XBOX_Y" value="3" enum="JoystickList">
		</constant>
		<constant name="JOY_DS_A" value="1" enum="JoystickList">
		</constant>
		<constant name="JOY_DS_B" value="0" enum="JoystickList">
		</constant>
		<constant name="JOY_DS_X" value="3" enum="JoystickList">
		</constant>
		<constant name="JOY_DS_Y" value="2" enum="JoystickList">
		</constant>
		<constant name="JOY_VR_GRIP" value="2" enum="JoystickList">
		</constant>
		<constant name="JOY_VR_PAD" value="14" enum="JoystickList">
		</constant>
		<constant name="JOY_VR_TRIGGER" value="15" enum="JoystickList">
		</constant>
		<constant name="JOY_OCULUS_AX" value="7" enum="JoystickList">
		</constant>
		<constant name="JOY_OCULUS_BY" value="1" enum="JoystickList">
		</constant>
		<constant name="JOY_OCULUS_MENU" value="3" enum="JoystickList">
		</constant>
		<constant name="JOY_OPENVR_MENU" value="1" enum="JoystickList">
		</constant>
		<constant name="JOY_SELECT" value="10" enum="JoystickList">
		</constant>
		<constant name="JOY_START" value="11" enum="JoystickList">
		</constant>
		<constant name="JOY_DPAD_UP" value="12" enum="JoystickList">
		</constant>
		<constant name="JOY_DPAD_DOWN" value="13" enum="JoystickList">
		</constant>
		<constant name="JOY_DPAD_LEFT" value="14" enum="JoystickList">
		</constant>
		<constant name="JOY_DPAD_RIGHT" value="15" enum="JoystickList">
		</constant>
		<constant name="JOY_GUIDE" value="16" enum="JoystickList">
		</constant>
		<constant name="JOY_MISC1" value="17" enum="JoystickList">
		</constant>
		<constant name="JOY_PADDLE1" value="18" enum="JoystickList">
		</constant>
		<constant name="JOY_PADDLE2" value="19" enum="JoystickList">
		</constant>
		<constant name="JOY_PADDLE3" value="20" enum="JoystickList">
		</constant>
		<constant name="JOY_PADDLE4" value="21" enum="JoystickList">
		</constant>
		<constant name="JOY_TOUCHPAD" value="22" enum="JoystickList">
		</constant>
		<constant name="JOY_L" value="4" enum="JoystickList">
		</constant>
		<constant name="JOY_L2" value="6" enum="JoystickList">
		</constant>
		<constant name="JOY_L3" value="8" enum="JoystickList">
		</constant>
		<constant name="JOY_R" value="5" enum="JoystickList">
		</constant>
		<constant name="JOY_R2" value="7" enum="JoystickList">
		</constant>
		<constant name="JOY_R3" value="9" enum="JoystickList">
		</constant>
		<constant name="JOY_AXIS_0" value="0" enum="JoystickList">
		</constant>
		<constant name="JOY_AXIS_1" value="1" enum="JoystickList">
		</constant>
		<constant name="JOY_AXIS_2" value="2" enum="JoystickList">
		</constant>
		<constant name="JOY_AXIS_3" value="3" enum="JoystickList">
		</constant>
		<constant name="JOY_AXIS_4" value="4" enum="JoystickList">
		</constant>
		<constant name="JOY_AXIS_5" value="5" enum="JoystickList">
		</constant>
		<constant name="JOY_AXIS_6" value="6" enum="JoystickList">
		</constant>
		<constant name="JOY_AXIS_7" value="7" enum="JoystickList">
		</constant>
		<constant name="JOY_AXIS_8" value="8" enum="JoystickList">
		</constant>
		<constant name="JOY_AXIS_9" value="9" enum="JoystickList">
		</constant>
		<constant name="JOY_AXIS_MAX" value="10" enum="JoystickList">
		</constant>
		<constant name="JOY_ANALOG_LX" value="0" enum="JoystickList">
		</constant>
		<constant name="JOY_ANALOG_LY" value="1" enum="JoystickList">
		</constant>
		<constant name="JOY_ANALOG_RX" value="2" enum="JoystickList">
		</constant>
		<constant name="JOY_ANALOG_RY" value="3" enum="JoystickList">
		</constant>
		<constant name="JOY_ANALOG_L2" value="6" enum="JoystickList">
		</constant>
		<constant name="JOY_ANALOG_R2" value="7" enum="JoystickList">
		</constant>
		<constant name="JOY_VR_ANALOG_TRIGGER" value="2" enum="JoystickList">
		</constant>
		<constant name="JOY_VR_ANALOG_GRIP" value="4" enum="JoystickList">
		</constant>
		<constant name="JOY_OPENVR_TOUCHPADX" value="0" enum="JoystickList">
		</constant>
		<constant name="JOY_OPENVR_TOUCHPADY" value="1" enum="JoystickList">
		</constant>
		<constant name="MIDI_MESSAGE_NOTE_OFF" value="8" enum="MidiMessageList">
		</constant>
		<constant name="MIDI_MESSAGE_NOTE_ON" value="9" enum="MidiMessageList">
		</constant>
		<constant name="MIDI_MESSAGE_AFTERTOUCH" value="10" enum="MidiMessageList">
		</constant>
		<constant name="MIDI_MESSAGE_CONTROL_CHANGE" value="11" enum="MidiMessageList">
		</constant>
		<constant name="MIDI_MESSAGE_PROGRAM_CHANGE" value="12" enum="MidiMessageList">
		</constant>
		<constant name="MIDI_MESSAGE_CHANNEL_PRESSURE" value="13" enum="MidiMessageList">
		</constant>
		<constant name="MIDI_MESSAGE_PITCH_BEND" value="14" enum="MidiMessageList">
		</constant>
		<constant name="OK" value="0" enum="Error">
		</constant>
		<constant name="FAILED" value="1" enum="Error">
		</constant>
		<constant name="ERR_UNAVAILABLE" value="2" enum="Error">
		</constant>
		<constant name="ERR_UNCONFIGURED" value="3" enum="Error">
		</constant>
		<constant name="ERR_UNAUTHORIZED" value="4" enum="Error">
		</constant>
		<constant name="ERR_PARAMETER_RANGE_ERROR" value="5" enum="Error">
		</constant>
		<constant name="ERR_OUT_OF_MEMORY" value="6" enum="Error">
		</constant>
		<constant name="ERR_FILE_NOT_FOUND" value="7" enum="Error">
		</constant>
		<constant name="ERR_FILE_BAD_DRIVE" value="8" enum="Error">
		</constant>
		<constant name="ERR_FILE_BAD_PATH" value="9" enum="Error">
		</constant>
		<constant name="ERR_FILE_NO_PERMISSION" value="10" enum="Error">
		</constant>
		<constant name="ERR_FILE_ALREADY_IN_USE" value="11" enum="Error">
		</constant>
		<constant name="ERR_FILE_CANT_OPEN" value="12" enum="Error">
		</constant>
		<constant name="ERR_FILE_CANT_WRITE" value="13" enum="Error">
		</constant>
		<constant name="ERR_FILE_CANT_READ" value="14" enum="Error">
		</constant>
		<constant name="ERR_FILE_UNRECOGNIZED" value="15" enum="Error">
		</constant>
		<constant name="ERR_FILE_CORRUPT" value="16" enum="Error">
		</constant>
		<constant name="ERR_FILE_MISSING_DEPENDENCIES" value="17" enum="Error">
		</constant>
		<constant name="ERR_FILE_EOF" value="18" enum="Error">
		</constant>
		<constant name="ERR_CANT_OPEN" value="19" enum="Error">
		</constant>
		<constant name="ERR_CANT_CREATE" value="20" enum="Error">
		</constant>
		<constant name="ERR_QUERY_FAILED" value="21" enum="Error">
		</constant>
		<constant name="ERR_ALREADY_IN_USE" value="22" enum="Error">
		</constant>
		<constant name="ERR_LOCKED" value="23" enum="Error">
		</constant>
		<constant name="ERR_TIMEOUT" value="24" enum="Error">
		</constant>
		<constant name="ERR_CANT_CONNECT" value="25" enum="Error">
		</constant>
		<constant name="ERR_CANT_RESOLVE" value="26" enum="Error">
		</constant>
		<constant name="ERR_CONNECTION_ERROR" value="27" enum="Error">
		</constant>
		<constant name="ERR_CANT_ACQUIRE_RESOURCE" value="28" enum="Error">
		</constant>
		<constant name="ERR_CANT_FORK" value="29" enum="Error">
		</constant>
		<constant name="ERR_INVALID_DATA" value="30" enum="Error">
		</constant>
		<constant name="ERR_INVALID_PARAMETER" value="31" enum="Error">
		</constant>
		<constant name="ERR_ALREADY_EXISTS" value="32" enum="Error">
		</constant>
		<constant name="ERR_DOES_NOT_EXIST" value="33" enum="Error">
		</constant>
		<constant name="ERR_DATABASE_CANT_READ" value="34" enum="Error">
		</constant>
		<constant name="ERR_DATABASE_CANT_WRITE" value="35" enum="Error">
		</constant>
		<constant name="ERR_COMPILATION_FAILED" value="36" enum="Error">
		</constant>
		<constant name="ERR_METHOD_NOT_FOUND" value="37" enum="Error">
		</constant>
		<constant name="ERR_LINK_FAILED" value="38" enum="Error">
		</constant>
		<constant name="ERR_SCRIPT_FAILED" value="39" enum="Error">
		</constant>
		<constant name="ERR_CYCLIC_LINK" value="40" enum="Error">
		</constant>
		<constant name="ERR_INVALID_DECLARATION" value="41" enum="Error">
		</constant>
		<constant name="ERR_DUPLICATE_SYMBOL" value="42" enum="Error">
		</constant>
		<constant name="ERR_PARSE_ERROR" value="43" enum="Error">
		</constant>
		<constant name="ERR_BUSY" value="44" enum="Error">
		</constant>
		<constant name="ERR_SKIP" value="45" enum="Error">
		</constant>
		<constant name="ERR_HELP" value="46" enum="Error">
		</constant>
		<constant name="ERR_BUG" value="47" enum="Error">
		</constant>
		<constant name="ERR_PRINTER_ON_FIRE" value="48" enum="Error">
		</constant>
		<constant name="PROPERTY_HINT_NONE" value="0" enum="PropertyHint">
		</constant>
		<constant name="PROPERTY_HINT_RANGE" value="1" enum="PropertyHint">
		</constant>
		<constant name="PROPERTY_HINT_EXP_RANGE" value="2" enum="PropertyHint">
		</constant>
		<constant name="PROPERTY_HINT_ENUM" value="3" enum="PropertyHint">
		</constant>
		<constant name="PROPERTY_HINT_EXP_EASING" value="4" enum="PropertyHint">
		</constant>
		<constant name="PROPERTY_HINT_LENGTH" value="5" enum="PropertyHint">
		</constant>
		<constant name="PROPERTY_HINT_KEY_ACCEL" value="7" enum="PropertyHint">
		</constant>
		<constant name="PROPERTY_HINT_FLAGS" value="8" enum="PropertyHint">
		</constant>
		<constant name="PROPERTY_HINT_LAYERS_2D_RENDER" value="9" enum="PropertyHint">
		</constant>
		<constant name="PROPERTY_HINT_LAYERS_2D_PHYSICS" value="10" enum="PropertyHint">
		</constant>
		<constant name="PROPERTY_HINT_LAYERS_3D_RENDER" value="11" enum="PropertyHint">
		</constant>
		<constant name="PROPERTY_HINT_LAYERS_3D_PHYSICS" value="12" enum="PropertyHint">
		</constant>
		<constant name="PROPERTY_HINT_FILE" value="13" enum="PropertyHint">
		</constant>
		<constant name="PROPERTY_HINT_DIR" value="14" enum="PropertyHint">
		</constant>
		<constant name="PROPERTY_HINT_GLOBAL_FILE" value="15" enum="PropertyHint">
		</constant>
		<constant name="PROPERTY_HINT_GLOBAL_DIR" value="16" enum="PropertyHint">
		</constant>
		<constant name="PROPERTY_HINT_RESOURCE_TYPE" value="17" enum="PropertyHint">
		</constant>
		<constant name="PROPERTY_HINT_MULTILINE_TEXT" value="18" enum="PropertyHint">
		</constant>
		<constant name="PROPERTY_HINT_PLACEHOLDER_TEXT" value="19" enum="PropertyHint">
		</constant>
		<constant name="PROPERTY_HINT_COLOR_NO_ALPHA" value="20" enum="PropertyHint">
		</constant>
		<constant name="PROPERTY_HINT_IMAGE_COMPRESS_LOSSY" value="21" enum="PropertyHint">
		</constant>
		<constant name="PROPERTY_HINT_IMAGE_COMPRESS_LOSSLESS" value="22" enum="PropertyHint">
		</constant>
		<constant name="PROPERTY_USAGE_STORAGE" value="1" enum="PropertyUsageFlags">
		</constant>
		<constant name="PROPERTY_USAGE_EDITOR" value="2" enum="PropertyUsageFlags">
		</constant>
		<constant name="PROPERTY_USAGE_NETWORK" value="4" enum="PropertyUsageFlags">
		</constant>
		<constant name="PROPERTY_USAGE_EDITOR_HELPER" value="8" enum="PropertyUsageFlags">
		</constant>
		<constant name="PROPERTY_USAGE_CHECKABLE" value="16" enum="PropertyUsageFlags">
		</constant>
		<constant name="PROPERTY_USAGE_CHECKED" value="32" enum="PropertyUsageFlags">
		</constant>
		<constant name="PROPERTY_USAGE_INTERNATIONALIZED" value="64" enum="PropertyUsageFlags">
		</constant>
		<constant name="PROPERTY_USAGE_GROUP" value="128" enum="PropertyUsageFlags">
		</constant>
		<constant name="PROPERTY_USAGE_CATEGORY" value="256" enum="PropertyUsageFlags">
		</constant>
		<constant name="PROPERTY_USAGE_NO_INSTANCE_STATE" value="2048" enum="PropertyUsageFlags">
		</constant>
		<constant name="PROPERTY_USAGE_RESTART_IF_CHANGED" value="4096" enum="PropertyUsageFlags">
		</constant>
		<constant name="PROPERTY_USAGE_SCRIPT_VARIABLE" value="8192" enum="PropertyUsageFlags">
		</constant>
		<constant name="PROPERTY_USAGE_DEFAULT" value="7" enum="PropertyUsageFlags">
		</constant>
		<constant name="PROPERTY_USAGE_DEFAULT_INTL" value="71" enum="PropertyUsageFlags">
		</constant>
		<constant name="PROPERTY_USAGE_NOEDITOR" value="5" enum="PropertyUsageFlags">
		</constant>
		<constant name="METHOD_FLAG_NORMAL" value="1" enum="MethodFlags">
		</constant>
		<constant name="METHOD_FLAG_EDITOR" value="2" enum="MethodFlags">
		</constant>
		<constant name="METHOD_FLAG_NOSCRIPT" value="4" enum="MethodFlags">
		</constant>
		<constant name="METHOD_FLAG_CONST" value="8" enum="MethodFlags">
		</constant>
		<constant name="METHOD_FLAG_REVERSE" value="16" enum="MethodFlags">
		</constant>
		<constant name="METHOD_FLAG_VIRTUAL" value="32" enum="MethodFlags">
		</constant>
		<constant name="METHOD_FLAG_FROM_SCRIPT" value="64" enum="MethodFlags">
		</constant>
		<constant name="METHOD_FLAGS_DEFAULT" value="1" enum="MethodFlags">
		</constant>
		<constant name="TYPE_NIL" value="0" enum="Variant.Type">
		</constant>
		<constant name="TYPE_BOOL" value="1" enum="Variant.Type">
		</constant>
		<constant name="TYPE_INT" value="2" enum="Variant.Type">
		</constant>
		<constant name="TYPE_REAL" value="3" enum="Variant.Type">
		</constant>
		<constant name="TYPE_STRING" value="4" enum="Variant.Type">
		</constant>
		<constant name="TYPE_VECTOR2" value="5" enum="Variant.Type">
		</constant>
		<constant name="TYPE_RECT2" value="6" enum="Variant.Type">
		</constant>
		<constant name="TYPE_VECTOR3" value="7" enum="Variant.Type">
		</constant>
		<constant name="TYPE_TRANSFORM2D" value="8" enum="Variant.Type">
		</constant>
		<constant name="TYPE_PLANE" value="9" enum="Variant.Type">
		</constant>
		<constant name="TYPE_QUAT" value="10" enum="Variant.Type">
		</constant>
		<constant name="TYPE_AABB" value="11" enum="Variant.Type">
		</constant>
		<constant name="TYPE_BASIS" value="12" enum="Variant.Type">
		</constant>
		<constant name="TYPE_TRANSFORM" value="13" enum="Variant.Type">
		</constant>
		<constant name="TYPE_COLOR" value="14" enum="Variant.Type">
		</constant>
		<constant name="TYPE_NODE_PATH" value="15" enum="Variant.Type">
		</constant>
		<constant name="TYPE_RID" value="16" enum="Variant.Type">
		</constant>
		<constant name="TYPE_OBJECT" value="17" enum="Variant.Type">
		</constant>
		<constant name="TYPE_DICTIONARY" value="18" enum="Variant.Type">
		</constant>
		<constant name="TYPE_ARRAY" value="19" enum="Variant.Type">
		</constant>
		<constant name="TYPE_RAW_ARRAY" value="20" enum="Variant.Type">
		</constant>
		<constant name="TYPE_INT_ARRAY" value="21" enum="Variant.Type">
		</constant>
		<constant name="TYPE_REAL_ARRAY" value="22" enum="Variant.Type">
		</constant>
		<constant name="TYPE_STRING_ARRAY" value="23" enum="Variant.Type">
		</constant>
		<constant name="TYPE_VECTOR2_ARRAY" value="24" enum="Variant.Type">
		</constant>
		<constant name="TYPE_VECTOR3_ARRAY" value="25" enum="Variant.Type">
		</constant>
		<constant name="TYPE_COLOR_ARRAY" value="26" enum="Variant.Type">
		</constant>
		<constant name="TYPE_MAX" value="27" enum="Variant.Type">
		</constant>
		<constant name="OP_EQUAL" value="0" enum="Variant.Operator">
		</constant>
		<constant name="OP_NOT_EQUAL" value="1" enum="Variant.Operator">
		</constant>
		<constant name="OP_LESS" value="2" enum="Variant.Operator">
		</constant>
		<constant name="OP_LESS_EQUAL" value="3" enum="Variant.Operator">
		</constant>
		<constant name="OP_GREATER" value="4" enum="Variant.Operator">
		</constant>
		<constant name="OP_GREATER_EQUAL" value="5" enum="Variant.Operator">
		</constant>
		<constant name="OP_ADD" value="6" enum="Variant.Operator">
		</constant>
		<constant name="OP_SUBTRACT" value="7" enum="Variant.Operator">
		</constant>
		<constant name="OP_MULTIPLY" value="8" enum="Variant.Operator">
		</constant>
		<constant name="OP_DIVIDE" value="9" enum="Variant.Operator">
		</constant>
		<constant name="OP_NEGATE" value="10" enum="Variant.Operator">
		</constant>
		<constant name="OP_POSITIVE" value="11" enum="Variant.Operator">
		</constant>
		<constant name="OP_MODULE" value="12" enum="Variant.Operator">
		</constant>
		<constant name="OP_STRING_CONCAT" value="13" enum="Variant.Operator">
		</constant>
		<constant name="OP_SHIFT_LEFT" value="14" enum="Variant.Operator">
		</constant>
		<constant name="OP_SHIFT_RIGHT" value="15" enum="Variant.Operator">
		</constant>
		<constant name="OP_BIT_AND" value="16" enum="Variant.Operator">
		</constant>
		<constant name="OP_BIT_OR" value="17" enum="Variant.Operator">
		</constant>
		<constant name="OP_BIT_XOR" value="18" enum="Variant.Operator">
		</constant>
		<constant name="OP_BIT_NEGATE" value="19" enum="Variant.Operator">
		</constant>
		<constant name="OP_AND" value="20" enum="Variant.Operator">
		</constant>
		<constant name="OP_OR" value="21" enum="Variant.Operator">
		</constant>
		<constant name="OP_XOR" value="22" enum="Variant.Operator">
		</constant>
		<constant name="OP_NOT" value="23" enum="Variant.Operator">
		</constant>
		<constant name="OP_IN" value="24" enum="Variant.Operator">
		</constant>
		<constant name="OP_MAX" value="25" enum="Variant.Operator">
		</constant>
	</constants>
</class>
