<?xml version="1.0" encoding="UTF-8" ?>
<class name="AnimationNodeStateMachineTransition" inherits="Resource" version="3.3">
	<brief_description>
	</brief_description>
	<description>
	</description>
	<tutorials>
	</tutorials>
	<methods>
	</methods>
	<members>
		<member name="advance_condition" type="String" setter="set_advance_condition" getter="get_advance_condition" default="&quot;&quot;">
		</member>
		<member name="auto_advance" type="bool" setter="set_auto_advance" getter="has_auto_advance" default="false">
		</member>
		<member name="disabled" type="bool" setter="set_disabled" getter="is_disabled" default="false">
		</member>
		<member name="priority" type="int" setter="set_priority" getter="get_priority" default="1">
		</member>
		<member name="switch_mode" type="int" setter="set_switch_mode" getter="get_switch_mode" enum="AnimationNodeStateMachineTransition.SwitchMode" default="0">
		</member>
		<member name="xfade_time" type="float" setter="set_xfade_time" getter="get_xfade_time" default="0.0">
		</member>
	</members>
	<signals>
		<signal name="advance_condition_changed">
			<description>
			</description>
		</signal>
	</signals>
	<constants>
		<constant name="SWITCH_MODE_IMMEDIATE" value="0" enum="SwitchMode">
		</constant>
		<constant name="SWITCH_MODE_SYNC" value="1" enum="SwitchMode">
		</constant>
		<constant name="SWITCH_MODE_AT_END" value="2" enum="SwitchMode">
		</constant>
	</constants>
</class>
