<?xml version="1.0" encoding="UTF-8" ?>
<class name="AnimationTree" inherits="Node" version="3.3">
	<brief_description>
	</brief_description>
	<description>
	</description>
	<tutorials>
	</tutorials>
	<methods>
		<method name="advance">
			<return type="void" />
			<argument index="0" name="delta" type="float" />
			<description>
			</description>
		</method>
		<method name="get_root_motion_transform" qualifiers="const">
			<return type="Transform" />
			<description>
			</description>
		</method>
		<method name="rename_parameter">
			<return type="void" />
			<argument index="0" name="old_name" type="String" />
			<argument index="1" name="new_name" type="String" />
			<description>
			</description>
		</method>
	</methods>
	<members>
		<member name="active" type="bool" setter="set_active" getter="is_active" default="false">
		</member>
		<member name="anim_player" type="NodePath" setter="set_animation_player" getter="get_animation_player" default="NodePath(&quot;&quot;)">
		</member>
		<member name="process_mode" type="int" setter="set_process_mode" getter="get_process_mode" enum="AnimationTree.AnimationProcessMode" default="1">
		</member>
		<member name="root_motion_track" type="NodePath" setter="set_root_motion_track" getter="get_root_motion_track" default="NodePath(&quot;&quot;)">
		</member>
		<member name="tree_root" type="AnimationNode" setter="set_tree_root" getter="get_tree_root">
		</member>
	</members>
	<constants>
		<constant name="ANIMATION_PROCESS_PHYSICS" value="0" enum="AnimationProcessMode">
		</constant>
		<constant name="ANIMATION_PROCESS_IDLE" value="1" enum="AnimationProcessMode">
		</constant>
		<constant name="ANIMATION_PROCESS_MANUAL" value="2" enum="AnimationProcessMode">
		</constant>
	</constants>
</class>
