<?xml version="1.0" encoding="UTF-8" ?>
<class name="Array" version="3.3">
	<brief_description>
	</brief_description>
	<description>
	</description>
	<tutorials>
	</tutorials>
	<methods>
		<method name="Array">
			<return type="Array" />
			<argument index="0" name="from" type="PoolColorArray" />
			<description>
			</description>
		</method>
		<method name="Array">
			<return type="Array" />
			<argument index="0" name="from" type="PoolVector3Array" />
			<description>
			</description>
		</method>
		<method name="Array">
			<return type="Array" />
			<argument index="0" name="from" type="PoolVector2Array" />
			<description>
			</description>
		</method>
		<method name="Array">
			<return type="Array" />
			<argument index="0" name="from" type="PoolStringArray" />
			<description>
			</description>
		</method>
		<method name="Array">
			<return type="Array" />
			<argument index="0" name="from" type="PoolRealArray" />
			<description>
			</description>
		</method>
		<method name="Array">
			<return type="Array" />
			<argument index="0" name="from" type="PoolIntArray" />
			<description>
			</description>
		</method>
		<method name="Array">
			<return type="Array" />
			<argument index="0" name="from" type="PoolByteArray" />
			<description>
			</description>
		</method>
		<method name="append">
			<argument index="0" name="value" type="Variant" />
			<description>
			</description>
		</method>
		<method name="append_array">
			<argument index="0" name="array" type="Array" />
			<description>
			</description>
		</method>
		<method name="back">
			<return type="Variant" />
			<description>
			</description>
		</method>
		<method name="bsearch">
			<return type="int" />
			<argument index="0" name="value" type="Variant" />
			<argument index="1" name="before" type="bool" default="true" />
			<description>
			</description>
		</method>
		<method name="bsearch_custom">
			<return type="int" />
			<argument index="0" name="value" type="Variant" />
			<argument index="1" name="obj" type="Object" />
			<argument index="2" name="func" type="String" />
			<argument index="3" name="before" type="bool" default="true" />
			<description>
			</description>
		</method>
		<method name="clear">
			<description>
			</description>
		</method>
		<method name="count">
			<return type="int" />
			<argument index="0" name="value" type="Variant" />
			<description>
			</description>
		</method>
		<method name="duplicate">
			<return type="Array" />
			<argument index="0" name="deep" type="bool" default="false" />
			<description>
			</description>
		</method>
		<method name="empty">
			<return type="bool" />
			<description>
			</description>
		</method>
		<method name="erase">
			<argument index="0" name="value" type="Variant" />
			<description>
			</description>
		</method>
		<method name="find">
			<return type="int" />
			<argument index="0" name="what" type="Variant" />
			<argument index="1" name="from" type="int" default="0" />
			<description>
			</description>
		</method>
		<method name="find_last">
			<return type="int" />
			<argument index="0" name="value" type="Variant" />
			<description>
			</description>
		</method>
		<method name="front">
			<return type="Variant" />
			<description>
			</description>
		</method>
		<method name="has">
			<return type="bool" />
			<argument index="0" name="value" type="Variant" />
			<description>
			</description>
		</method>
		<method name="hash">
			<return type="int" />
			<description>
			</description>
		</method>
		<method name="insert">
			<argument index="0" name="position" type="int" />
			<argument index="1" name="value" type="Variant" />
			<description>
			</description>
		</method>
		<method name="invert">
			<description>
			</description>
		</method>
		<method name="max">
			<return type="Variant" />
			<description>
			</description>
		</method>
		<method name="min">
			<return type="Variant" />
			<description>
			</description>
		</method>
		<method name="pop_back">
			<return type="Variant" />
			<description>
			</description>
		</method>
		<method name="pop_front">
			<return type="Variant" />
			<description>
			</description>
		</method>
		<method name="push_back">
			<argument index="0" name="value" type="Variant" />
			<description>
			</description>
		</method>
		<method name="push_front">
			<argument index="0" name="value" type="Variant" />
			<description>
			</description>
		</method>
		<method name="remove">
			<argument index="0" name="position" type="int" />
			<description>
			</description>
		</method>
		<method name="resize">
			<argument index="0" name="size" type="int" />
			<description>
			</description>
		</method>
		<method name="rfind">
			<return type="int" />
			<argument index="0" name="what" type="Variant" />
			<argument index="1" name="from" type="int" default="-1" />
			<description>
			</description>
		</method>
		<method name="shuffle">
			<description>
			</description>
		</method>
		<method name="size">
			<return type="int" />
			<description>
			</description>
		</method>
		<method name="slice">
			<return type="Array" />
			<argument index="0" name="begin" type="int" />
			<argument index="1" name="end" type="int" />
			<argument index="2" name="step" type="int" default="1" />
			<argument index="3" name="deep" type="bool" default="false" />
			<description>
			</description>
		</method>
		<method name="sort">
			<description>
			</description>
		</method>
		<method name="sort_custom">
			<argument index="0" name="obj" type="Object" />
			<argument index="1" name="func" type="String" />
			<description>
			</description>
		</method>
	</methods>
	<constants>
	</constants>
</class>
