<?xml version="1.0" encoding="UTF-8" ?>
<class name="AspectRatioContainer" inherits="Container" version="3.3">
	<brief_description>
	</brief_description>
	<description>
	</description>
	<tutorials>
	</tutorials>
	<methods>
	</methods>
	<members>
		<member name="alignment_horizontal" type="int" setter="set_alignment_horizontal" getter="get_alignment_horizontal" enum="AspectRatioContainer.AlignMode" default="1">
		</member>
		<member name="alignment_vertical" type="int" setter="set_alignment_vertical" getter="get_alignment_vertical" enum="AspectRatioContainer.AlignMode" default="1">
		</member>
		<member name="ratio" type="float" setter="set_ratio" getter="get_ratio" default="1.0">
		</member>
		<member name="stretch_mode" type="int" setter="set_stretch_mode" getter="get_stretch_mode" enum="AspectRatioContainer.StretchMode" default="2">
		</member>
	</members>
	<constants>
		<constant name="STRETCH_WIDTH_CONTROLS_HEIGHT" value="0" enum="StretchMode">
		</constant>
		<constant name="STRETCH_HEIGHT_CONTROLS_WIDTH" value="1" enum="StretchMode">
		</constant>
		<constant name="STRETCH_FIT" value="2" enum="StretchMode">
		</constant>
		<constant name="STRETCH_COVER" value="3" enum="StretchMode">
		</constant>
		<constant name="ALIGN_BEGIN" value="0" enum="AlignMode">
		</constant>
		<constant name="ALIGN_CENTER" value="1" enum="AlignMode">
		</constant>
		<constant name="ALIGN_END" value="2" enum="AlignMode">
		</constant>
	</constants>
</class>
