<?xml version="1.0" encoding="UTF-8" ?>
<class name="AtlasTexture" inherits="Texture" version="3.3">
	<brief_description>
	</brief_description>
	<description>
	</description>
	<tutorials>
	</tutorials>
	<methods>
	</methods>
	<members>
		<member name="atlas" type="Texture" setter="set_atlas" getter="get_atlas">
		</member>
		<member name="filter_clip" type="bool" setter="set_filter_clip" getter="has_filter_clip" default="false">
		</member>
		<member name="flags" type="int" setter="set_flags" getter="get_flags" override="true" default="0" />
		<member name="margin" type="Rect2" setter="set_margin" getter="get_margin" default="Rect2( 0, 0, 0, 0 )">
		</member>
		<member name="region" type="Rect2" setter="set_region" getter="get_region" default="Rect2( 0, 0, 0, 0 )">
		</member>
	</members>
	<constants>
	</constants>
</class>
