<?xml version="1.0" encoding="UTF-8" ?>
<class name="AudioEffectCapture" inherits="AudioEffect" version="3.3">
	<brief_description>
	</brief_description>
	<description>
	</description>
	<tutorials>
	</tutorials>
	<methods>
		<method name="can_get_buffer" qualifiers="const">
			<return type="bool" />
			<argument index="0" name="frames" type="int" />
			<description>
			</description>
		</method>
		<method name="clear_buffer">
			<return type="void" />
			<description>
			</description>
		</method>
		<method name="get_buffer">
			<return type="PoolVector2Array" />
			<argument index="0" name="frames" type="int" />
			<description>
			</description>
		</method>
		<method name="get_buffer_length_frames" qualifiers="const">
			<return type="int" />
			<description>
			</description>
		</method>
		<method name="get_discarded_frames" qualifiers="const">
			<return type="int" />
			<description>
			</description>
		</method>
		<method name="get_frames_available" qualifiers="const">
			<return type="int" />
			<description>
			</description>
		</method>
		<method name="get_pushed_frames" qualifiers="const">
			<return type="int" />
			<description>
			</description>
		</method>
	</methods>
	<members>
		<member name="buffer_length" type="float" setter="set_buffer_length" getter="get_buffer_length" default="0.1">
		</member>
	</members>
	<constants>
	</constants>
</class>
