<?xml version="1.0" encoding="UTF-8" ?>
<class name="AudioEffectCompressor" inherits="AudioEffect" version="3.3">
	<brief_description>
	</brief_description>
	<description>
	</description>
	<tutorials>
	</tutorials>
	<methods>
	</methods>
	<members>
		<member name="attack_us" type="float" setter="set_attack_us" getter="get_attack_us" default="20.0">
		</member>
		<member name="gain" type="float" setter="set_gain" getter="get_gain" default="0.0">
		</member>
		<member name="mix" type="float" setter="set_mix" getter="get_mix" default="1.0">
		</member>
		<member name="ratio" type="float" setter="set_ratio" getter="get_ratio" default="4.0">
		</member>
		<member name="release_ms" type="float" setter="set_release_ms" getter="get_release_ms" default="250.0">
		</member>
		<member name="sidechain" type="String" setter="set_sidechain" getter="get_sidechain" default="&quot;&quot;">
		</member>
		<member name="threshold" type="float" setter="set_threshold" getter="get_threshold" default="0.0">
		</member>
	</members>
	<constants>
	</constants>
</class>
