<?xml version="1.0" encoding="UTF-8" ?>
<class name="AudioEffectReverb" inherits="AudioEffect" version="3.3">
	<brief_description>
	</brief_description>
	<description>
	</description>
	<tutorials>
	</tutorials>
	<methods>
	</methods>
	<members>
		<member name="damping" type="float" setter="set_damping" getter="get_damping" default="0.5">
		</member>
		<member name="dry" type="float" setter="set_dry" getter="get_dry" default="1.0">
		</member>
		<member name="hipass" type="float" setter="set_hpf" getter="get_hpf" default="0.0">
		</member>
		<member name="predelay_feedback" type="float" setter="set_predelay_feedback" getter="get_predelay_feedback" default="0.4">
		</member>
		<member name="predelay_msec" type="float" setter="set_predelay_msec" getter="get_predelay_msec" default="150.0">
		</member>
		<member name="room_size" type="float" setter="set_room_size" getter="get_room_size" default="0.8">
		</member>
		<member name="spread" type="float" setter="set_spread" getter="get_spread" default="1.0">
		</member>
		<member name="wet" type="float" setter="set_wet" getter="get_wet" default="0.5">
		</member>
	</members>
	<constants>
	</constants>
</class>
