<?xml version="1.0" encoding="UTF-8" ?>
<class name="AudioEffectPhaser" inherits="AudioEffect" version="3.3">
	<brief_description>
	</brief_description>
	<description>
	</description>
	<tutorials>
	</tutorials>
	<methods>
	</methods>
	<members>
		<member name="depth" type="float" setter="set_depth" getter="get_depth" default="1.0">
		</member>
		<member name="feedback" type="float" setter="set_feedback" getter="get_feedback" default="0.7">
		</member>
		<member name="range_max_hz" type="float" setter="set_range_max_hz" getter="get_range_max_hz" default="1600.0">
		</member>
		<member name="range_min_hz" type="float" setter="set_range_min_hz" getter="get_range_min_hz" default="440.0">
		</member>
		<member name="rate_hz" type="float" setter="set_rate_hz" getter="get_rate_hz" default="0.5">
		</member>
	</members>
	<constants>
	</constants>
</class>
