<?xml version="1.0" encoding="UTF-8" ?>
<class name="BakedLightmap" inherits="VisualInstance" version="3.3">
	<brief_description>
	</brief_description>
	<description>
	</description>
	<tutorials>
	</tutorials>
	<methods>
		<method name="bake">
			<return type="int" enum="BakedLightmap.BakeError" />
			<argument index="0" name="from_node" type="Node" default="null" />
			<argument index="1" name="data_save_path" type="String" default="&quot;&quot;" />
			<description>
			</description>
		</method>
	</methods>
	<members>
		<member name="atlas_generate" type="bool" setter="set_generate_atlas" getter="is_generate_atlas_enabled" default="true">
		</member>
		<member name="atlas_max_size" type="int" setter="set_max_atlas_size" getter="get_max_atlas_size" default="4096">
		</member>
		<member name="bias" type="float" setter="set_bias" getter="get_bias" default="0.005">
		</member>
		<member name="bounces" type="int" setter="set_bounces" getter="get_bounces" default="3">
		</member>
		<member name="capture_cell_size" type="float" setter="set_capture_cell_size" getter="get_capture_cell_size" default="0.5">
		</member>
		<member name="capture_enabled" type="bool" setter="set_capture_enabled" getter="get_capture_enabled" default="true">
		</member>
		<member name="capture_propagation" type="float" setter="set_capture_propagation" getter="get_capture_propagation" default="1.0">
		</member>
		<member name="capture_quality" type="int" setter="set_capture_quality" getter="get_capture_quality" enum="BakedLightmap.BakeQuality" default="1">
		</member>
		<member name="default_texels_per_unit" type="float" setter="set_default_texels_per_unit" getter="get_default_texels_per_unit" default="16.0">
		</member>
		<member name="environment_custom_color" type="Color" setter="set_environment_custom_color" getter="get_environment_custom_color">
		</member>
		<member name="environment_custom_energy" type="float" setter="set_environment_custom_energy" getter="get_environment_custom_energy">
		</member>
		<member name="environment_custom_sky" type="Sky" setter="set_environment_custom_sky" getter="get_environment_custom_sky">
		</member>
		<member name="environment_custom_sky_rotation_degrees" type="Vector3" setter="set_environment_custom_sky_rotation_degrees" getter="get_environment_custom_sky_rotation_degrees">
		</member>
		<member name="environment_min_light" type="Color" setter="set_environment_min_light" getter="get_environment_min_light" default="Color( 0, 0, 0, 1 )">
		</member>
		<member name="environment_mode" type="int" setter="set_environment_mode" getter="get_environment_mode" enum="BakedLightmap.EnvironmentMode" default="0">
		</member>
		<member name="extents" type="Vector3" setter="set_extents" getter="get_extents" default="Vector3( 10, 10, 10 )">
		</member>
		<member name="image_path" type="String" setter="set_image_path" getter="get_image_path">
		</member>
		<member name="light_data" type="BakedLightmapData" setter="set_light_data" getter="get_light_data">
		</member>
		<member name="quality" type="int" setter="set_bake_quality" getter="get_bake_quality" enum="BakedLightmap.BakeQuality" default="1">
		</member>
		<member name="use_color" type="bool" setter="set_use_color" getter="is_using_color" default="true">
		</member>
		<member name="use_denoiser" type="bool" setter="set_use_denoiser" getter="is_using_denoiser" default="true">
		</member>
		<member name="use_hdr" type="bool" setter="set_use_hdr" getter="is_using_hdr" default="true">
		</member>
	</members>
	<constants>
		<constant name="BAKE_QUALITY_LOW" value="0" enum="BakeQuality">
		</constant>
		<constant name="BAKE_QUALITY_MEDIUM" value="1" enum="BakeQuality">
		</constant>
		<constant name="BAKE_QUALITY_HIGH" value="2" enum="BakeQuality">
		</constant>
		<constant name="BAKE_QUALITY_ULTRA" value="3" enum="BakeQuality">
		</constant>
		<constant name="BAKE_ERROR_OK" value="0" enum="BakeError">
		</constant>
		<constant name="BAKE_ERROR_NO_SAVE_PATH" value="1" enum="BakeError">
		</constant>
		<constant name="BAKE_ERROR_NO_MESHES" value="2" enum="BakeError">
		</constant>
		<constant name="BAKE_ERROR_CANT_CREATE_IMAGE" value="3" enum="BakeError">
		</constant>
		<constant name="BAKE_ERROR_LIGHTMAP_SIZE" value="4" enum="BakeError">
		</constant>
		<constant name="BAKE_ERROR_INVALID_MESH" value="5" enum="BakeError">
		</constant>
		<constant name="BAKE_ERROR_USER_ABORTED" value="6" enum="BakeError">
		</constant>
		<constant name="BAKE_ERROR_NO_LIGHTMAPPER" value="7" enum="BakeError">
		</constant>
		<constant name="ENVIRONMENT_MODE_DISABLED" value="0" enum="EnvironmentMode">
		</constant>
		<constant name="ENVIRONMENT_MODE_SCENE" value="1" enum="EnvironmentMode">
		</constant>
		<constant name="ENVIRONMENT_MODE_CUSTOM_SKY" value="2" enum="EnvironmentMode">
		</constant>
		<constant name="ENVIRONMENT_MODE_CUSTOM_COLOR" value="3" enum="EnvironmentMode">
		</constant>
	</constants>
</class>
