<?xml version="1.0" encoding="UTF-8" ?>
<class name="BitMap" inherits="Resource" version="3.3">
	<brief_description>
	</brief_description>
	<description>
	</description>
	<tutorials>
	</tutorials>
	<methods>
		<method name="create">
			<return type="void" />
			<argument index="0" name="size" type="Vector2" />
			<description>
			</description>
		</method>
		<method name="create_from_image_alpha">
			<return type="void" />
			<argument index="0" name="image" type="Image" />
			<argument index="1" name="threshold" type="float" default="0.1" />
			<description>
			</description>
		</method>
		<method name="get_bit" qualifiers="const">
			<return type="bool" />
			<argument index="0" name="position" type="Vector2" />
			<description>
			</description>
		</method>
		<method name="get_size" qualifiers="const">
			<return type="Vector2" />
			<description>
			</description>
		</method>
		<method name="get_true_bit_count" qualifiers="const">
			<return type="int" />
			<description>
			</description>
		</method>
		<method name="grow_mask">
			<return type="void" />
			<argument index="0" name="pixels" type="int" />
			<argument index="1" name="rect" type="Rect2" />
			<description>
			</description>
		</method>
		<method name="opaque_to_polygons" qualifiers="const">
			<return type="Array" />
			<argument index="0" name="rect" type="Rect2" />
			<argument index="1" name="epsilon" type="float" default="2.0" />
			<description>
			</description>
		</method>
		<method name="set_bit">
			<return type="void" />
			<argument index="0" name="position" type="Vector2" />
			<argument index="1" name="bit" type="bool" />
			<description>
			</description>
		</method>
		<method name="set_bit_rect">
			<return type="void" />
			<argument index="0" name="rect" type="Rect2" />
			<argument index="1" name="bit" type="bool" />
			<description>
			</description>
		</method>
	</methods>
	<constants>
	</constants>
</class>
