<?xml version="1.0" encoding="UTF-8" ?>
<class name="ButtonGroup" inherits="Resource" version="3.3">
	<brief_description>
	</brief_description>
	<description>
	</description>
	<tutorials>
	</tutorials>
	<methods>
		<method name="get_buttons">
			<return type="Array" />
			<description>
			</description>
		</method>
		<method name="get_pressed_button">
			<return type="BaseButton" />
			<description>
			</description>
		</method>
	</methods>
	<members>
		<member name="resource_local_to_scene" type="bool" setter="set_local_to_scene" getter="is_local_to_scene" override="true" default="true" />
	</members>
	<constants>
	</constants>
</class>
