<?xml version="1.0" encoding="UTF-8" ?>
<class name="CameraFeed" inherits="Reference" version="3.3">
	<brief_description>
	</brief_description>
	<description>
	</description>
	<tutorials>
	</tutorials>
	<methods>
		<method name="get_id" qualifiers="const">
			<return type="int" />
			<description>
			</description>
		</method>
		<method name="get_name" qualifiers="const">
			<return type="String" />
			<description>
			</description>
		</method>
		<method name="get_position" qualifiers="const">
			<return type="int" enum="CameraFeed.FeedPosition" />
			<description>
			</description>
		</method>
	</methods>
	<members>
		<member name="feed_is_active" type="bool" setter="set_active" getter="is_active" default="false">
		</member>
		<member name="feed_transform" type="Transform2D" setter="set_transform" getter="get_transform" default="Transform2D( 1, 0, 0, -1, 0, 1 )">
		</member>
	</members>
	<constants>
		<constant name="FEED_NOIMAGE" value="0" enum="FeedDataType">
		</constant>
		<constant name="FEED_RGB" value="1" enum="FeedDataType">
		</constant>
		<constant name="FEED_YCBCR" value="2" enum="FeedDataType">
		</constant>
		<constant name="FEED_YCBCR_SEP" value="3" enum="FeedDataType">
		</constant>
		<constant name="FEED_UNSPECIFIED" value="0" enum="FeedPosition">
		</constant>
		<constant name="FEED_FRONT" value="1" enum="FeedPosition">
		</constant>
		<constant name="FEED_BACK" value="2" enum="FeedPosition">
		</constant>
	</constants>
</class>
