<?xml version="1.0" encoding="UTF-8" ?>
<class name="CameraTexture" inherits="Texture" version="3.3">
	<brief_description>
	</brief_description>
	<description>
	</description>
	<tutorials>
	</tutorials>
	<methods>
	</methods>
	<members>
		<member name="camera_feed_id" type="int" setter="set_camera_feed_id" getter="get_camera_feed_id" default="0">
		</member>
		<member name="camera_is_active" type="bool" setter="set_camera_active" getter="get_camera_active" default="false">
		</member>
		<member name="flags" type="int" setter="set_flags" getter="get_flags" override="true" default="0" />
		<member name="which_feed" type="int" setter="set_which_feed" getter="get_which_feed" enum="CameraServer.FeedImage" default="0">
		</member>
	</members>
	<constants>
	</constants>
</class>
