<?xml version="1.0" encoding="UTF-8" ?>
<class name="CameraServer" inherits="Object" version="3.3">
	<brief_description>
	</brief_description>
	<description>
	</description>
	<tutorials>
	</tutorials>
	<methods>
		<method name="add_feed">
			<return type="void" />
			<argument index="0" name="feed" type="CameraFeed" />
			<description>
			</description>
		</method>
		<method name="feeds">
			<return type="Array" />
			<description>
			</description>
		</method>
		<method name="get_feed">
			<return type="CameraFeed" />
			<argument index="0" name="index" type="int" />
			<description>
			</description>
		</method>
		<method name="get_feed_count">
			<return type="int" />
			<description>
			</description>
		</method>
		<method name="remove_feed">
			<return type="void" />
			<argument index="0" name="feed" type="CameraFeed" />
			<description>
			</description>
		</method>
	</methods>
	<signals>
		<signal name="camera_feed_added">
			<argument index="0" name="id" type="int" />
			<description>
			</description>
		</signal>
		<signal name="camera_feed_removed">
			<argument index="0" name="id" type="int" />
			<description>
			</description>
		</signal>
	</signals>
	<constants>
		<constant name="FEED_RGBA_IMAGE" value="0" enum="FeedImage">
		</constant>
		<constant name="FEED_YCBCR_IMAGE" value="0" enum="FeedImage">
		</constant>
		<constant name="FEED_Y_IMAGE" value="0" enum="FeedImage">
		</constant>
		<constant name="FEED_CBCR_IMAGE" value="1" enum="FeedImage">
		</constant>
	</constants>
</class>
