<?xml version="1.0" encoding="UTF-8" ?>
<class name="CanvasLayer" inherits="Node" version="3.3">
	<brief_description>
	</brief_description>
	<description>
	</description>
	<tutorials>
	</tutorials>
	<methods>
		<method name="get_canvas" qualifiers="const">
			<return type="RID" />
			<description>
			</description>
		</method>
	</methods>
	<members>
		<member name="custom_viewport" type="Node" setter="set_custom_viewport" getter="get_custom_viewport">
		</member>
		<member name="follow_viewport_enable" type="bool" setter="set_follow_viewport" getter="is_following_viewport" default="false">
		</member>
		<member name="follow_viewport_scale" type="float" setter="set_follow_viewport_scale" getter="get_follow_viewport_scale" default="1.0">
		</member>
		<member name="layer" type="int" setter="set_layer" getter="get_layer" default="1">
		</member>
		<member name="offset" type="Vector2" setter="set_offset" getter="get_offset" default="Vector2( 0, 0 )">
		</member>
		<member name="rotation" type="float" setter="set_rotation" getter="get_rotation" default="0.0">
		</member>
		<member name="rotation_degrees" type="float" setter="set_rotation_degrees" getter="get_rotation_degrees" default="0.0">
		</member>
		<member name="scale" type="Vector2" setter="set_scale" getter="get_scale" default="Vector2( 1, 1 )">
		</member>
		<member name="transform" type="Transform2D" setter="set_transform" getter="get_transform" default="Transform2D( 1, 0, 0, 1, 0, 0 )">
		</member>
	</members>
	<constants>
	</constants>
</class>
