<?xml version="1.0" encoding="UTF-8" ?>
<class name="CapsuleMesh" inherits="PrimitiveMesh" version="3.3">
	<brief_description>
	</brief_description>
	<description>
	</description>
	<tutorials>
	</tutorials>
	<methods>
	</methods>
	<members>
		<member name="mid_height" type="float" setter="set_mid_height" getter="get_mid_height" default="1.0">
		</member>
		<member name="radial_segments" type="int" setter="set_radial_segments" getter="get_radial_segments" default="64">
		</member>
		<member name="radius" type="float" setter="set_radius" getter="get_radius" default="1.0">
		</member>
		<member name="rings" type="int" setter="set_rings" getter="get_rings" default="8">
		</member>
	</members>
	<constants>
	</constants>
</class>
