<?xml version="1.0" encoding="UTF-8" ?>
<class name="CheckButton" inherits="Button" version="3.3">
	<brief_description>
	</brief_description>
	<description>
	</description>
	<tutorials>
	</tutorials>
	<methods>
	</methods>
	<members>
		<member name="align" type="int" setter="set_text_align" getter="get_text_align" override="true" enum="Button.TextAlign" default="0" />
		<member name="toggle_mode" type="bool" setter="set_toggle_mode" getter="is_toggle_mode" override="true" default="true" />
	</members>
	<constants>
	</constants>
	<theme_items>
		<theme_item name="check_vadjust" type="int" default="0">
		</theme_item>
		<theme_item name="disabled" type="StyleBox">
		</theme_item>
		<theme_item name="focus" type="StyleBox">
		</theme_item>
		<theme_item name="font" type="Font">
		</theme_item>
		<theme_item name="font_color" type="Color" default="Color( 0.88, 0.88, 0.88, 1 )">
		</theme_item>
		<theme_item name="font_color_disabled" type="Color" default="Color( 0.9, 0.9, 0.9, 0.2 )">
		</theme_item>
		<theme_item name="font_color_hover" type="Color" default="Color( 0.94, 0.94, 0.94, 1 )">
		</theme_item>
		<theme_item name="font_color_hover_pressed" type="Color" default="Color( 1, 1, 1, 1 )">
		</theme_item>
		<theme_item name="font_color_pressed" type="Color" default="Color( 1, 1, 1, 1 )">
		</theme_item>
		<theme_item name="hover" type="StyleBox">
		</theme_item>
		<theme_item name="hover_pressed" type="StyleBox">
		</theme_item>
		<theme_item name="hseparation" type="int" default="4">
		</theme_item>
		<theme_item name="normal" type="StyleBox">
		</theme_item>
		<theme_item name="off" type="Texture">
		</theme_item>
		<theme_item name="off_disabled" type="Texture">
		</theme_item>
		<theme_item name="on" type="Texture">
		</theme_item>
		<theme_item name="on_disabled" type="Texture">
		</theme_item>
		<theme_item name="pressed" type="StyleBox">
		</theme_item>
	</theme_items>
</class>
