<?xml version="1.0" encoding="UTF-8" ?>
<class name="CollisionObject2D" inherits="Node2D" version="3.3">
	<brief_description>
	</brief_description>
	<description>
	</description>
	<tutorials>
	</tutorials>
	<methods>
		<method name="_input_event" qualifiers="virtual">
			<return type="void" />
			<argument index="0" name="viewport" type="Object" />
			<argument index="1" name="event" type="InputEvent" />
			<argument index="2" name="shape_idx" type="int" />
			<description>
			</description>
		</method>
		<method name="create_shape_owner">
			<return type="int" />
			<argument index="0" name="owner" type="Object" />
			<description>
			</description>
		</method>
		<method name="get_rid" qualifiers="const">
			<return type="RID" />
			<description>
			</description>
		</method>
		<method name="get_shape_owner_one_way_collision_margin" qualifiers="const">
			<return type="float" />
			<argument index="0" name="owner_id" type="int" />
			<description>
			</description>
		</method>
		<method name="get_shape_owners">
			<return type="Array" />
			<description>
			</description>
		</method>
		<method name="is_shape_owner_disabled" qualifiers="const">
			<return type="bool" />
			<argument index="0" name="owner_id" type="int" />
			<description>
			</description>
		</method>
		<method name="is_shape_owner_one_way_collision_enabled" qualifiers="const">
			<return type="bool" />
			<argument index="0" name="owner_id" type="int" />
			<description>
			</description>
		</method>
		<method name="remove_shape_owner">
			<return type="void" />
			<argument index="0" name="owner_id" type="int" />
			<description>
			</description>
		</method>
		<method name="shape_find_owner" qualifiers="const">
			<return type="int" />
			<argument index="0" name="shape_index" type="int" />
			<description>
			</description>
		</method>
		<method name="shape_owner_add_shape">
			<return type="void" />
			<argument index="0" name="owner_id" type="int" />
			<argument index="1" name="shape" type="Shape2D" />
			<description>
			</description>
		</method>
		<method name="shape_owner_clear_shapes">
			<return type="void" />
			<argument index="0" name="owner_id" type="int" />
			<description>
			</description>
		</method>
		<method name="shape_owner_get_owner" qualifiers="const">
			<return type="Object" />
			<argument index="0" name="owner_id" type="int" />
			<description>
			</description>
		</method>
		<method name="shape_owner_get_shape" qualifiers="const">
			<return type="Shape2D" />
			<argument index="0" name="owner_id" type="int" />
			<argument index="1" name="shape_id" type="int" />
			<description>
			</description>
		</method>
		<method name="shape_owner_get_shape_count" qualifiers="const">
			<return type="int" />
			<argument index="0" name="owner_id" type="int" />
			<description>
			</description>
		</method>
		<method name="shape_owner_get_shape_index" qualifiers="const">
			<return type="int" />
			<argument index="0" name="owner_id" type="int" />
			<argument index="1" name="shape_id" type="int" />
			<description>
			</description>
		</method>
		<method name="shape_owner_get_transform" qualifiers="const">
			<return type="Transform2D" />
			<argument index="0" name="owner_id" type="int" />
			<description>
			</description>
		</method>
		<method name="shape_owner_remove_shape">
			<return type="void" />
			<argument index="0" name="owner_id" type="int" />
			<argument index="1" name="shape_id" type="int" />
			<description>
			</description>
		</method>
		<method name="shape_owner_set_disabled">
			<return type="void" />
			<argument index="0" name="owner_id" type="int" />
			<argument index="1" name="disabled" type="bool" />
			<description>
			</description>
		</method>
		<method name="shape_owner_set_one_way_collision">
			<return type="void" />
			<argument index="0" name="owner_id" type="int" />
			<argument index="1" name="enable" type="bool" />
			<description>
			</description>
		</method>
		<method name="shape_owner_set_one_way_collision_margin">
			<return type="void" />
			<argument index="0" name="owner_id" type="int" />
			<argument index="1" name="margin" type="float" />
			<description>
			</description>
		</method>
		<method name="shape_owner_set_transform">
			<return type="void" />
			<argument index="0" name="owner_id" type="int" />
			<argument index="1" name="transform" type="Transform2D" />
			<description>
			</description>
		</method>
	</methods>
	<members>
		<member name="input_pickable" type="bool" setter="set_pickable" getter="is_pickable" default="true">
		</member>
	</members>
	<signals>
		<signal name="input_event">
			<argument index="0" name="viewport" type="Node" />
			<argument index="1" name="event" type="InputEvent" />
			<argument index="2" name="shape_idx" type="int" />
			<description>
			</description>
		</signal>
		<signal name="mouse_entered">
			<description>
			</description>
		</signal>
		<signal name="mouse_exited">
			<description>
			</description>
		</signal>
	</signals>
	<constants>
	</constants>
</class>
