<?xml version="1.0" encoding="UTF-8" ?>
<class name="ColorPickerButton" inherits="Button" version="3.3">
	<brief_description>
	</brief_description>
	<description>
	</description>
	<tutorials>
	</tutorials>
	<methods>
		<method name="get_picker">
			<return type="ColorPicker" />
			<description>
			</description>
		</method>
		<method name="get_popup">
			<return type="PopupPanel" />
			<description>
			</description>
		</method>
	</methods>
	<members>
		<member name="color" type="Color" setter="set_pick_color" getter="get_pick_color" default="Color( 0, 0, 0, 1 )">
		</member>
		<member name="edit_alpha" type="bool" setter="set_edit_alpha" getter="is_editing_alpha" default="true">
		</member>
		<member name="toggle_mode" type="bool" setter="set_toggle_mode" getter="is_toggle_mode" override="true" default="true" />
	</members>
	<signals>
		<signal name="color_changed">
			<argument index="0" name="color" type="Color" />
			<description>
			</description>
		</signal>
		<signal name="picker_created">
			<description>
			</description>
		</signal>
		<signal name="popup_closed">
			<description>
			</description>
		</signal>
	</signals>
	<constants>
	</constants>
	<theme_items>
		<theme_item name="bg" type="Texture">
		</theme_item>
		<theme_item name="disabled" type="StyleBox">
		</theme_item>
		<theme_item name="focus" type="StyleBox">
		</theme_item>
		<theme_item name="font" type="Font">
		</theme_item>
		<theme_item name="font_color" type="Color" default="Color( 1, 1, 1, 1 )">
		</theme_item>
		<theme_item name="font_color_disabled" type="Color" default="Color( 0.9, 0.9, 0.9, 0.3 )">
		</theme_item>
		<theme_item name="font_color_hover" type="Color" default="Color( 1, 1, 1, 1 )">
		</theme_item>
		<theme_item name="font_color_pressed" type="Color" default="Color( 0.8, 0.8, 0.8, 1 )">
		</theme_item>
		<theme_item name="hover" type="StyleBox">
		</theme_item>
		<theme_item name="hseparation" type="int" default="2">
		</theme_item>
		<theme_item name="normal" type="StyleBox">
		</theme_item>
		<theme_item name="pressed" type="StyleBox">
		</theme_item>
	</theme_items>
</class>
