<?xml version="1.0" encoding="UTF-8" ?>
<class name="ConeTwistJoint" inherits="Joint" version="3.3">
	<brief_description>
	</brief_description>
	<description>
	</description>
	<tutorials>
	</tutorials>
	<methods>
		<method name="get_param" qualifiers="const">
			<return type="float" />
			<argument index="0" name="param" type="int" enum="ConeTwistJoint.Param" />
			<description>
			</description>
		</method>
		<method name="set_param">
			<return type="void" />
			<argument index="0" name="param" type="int" enum="ConeTwistJoint.Param" />
			<argument index="1" name="value" type="float" />
			<description>
			</description>
		</method>
	</methods>
	<members>
		<member name="bias" type="float" setter="set_param" getter="get_param" default="0.3">
		</member>
		<member name="relaxation" type="float" setter="set_param" getter="get_param" default="1.0">
		</member>
		<member name="softness" type="float" setter="set_param" getter="get_param" default="0.8">
		</member>
		<member name="swing_span" type="float" setter="_set_swing_span" getter="_get_swing_span" default="45.0">
		</member>
		<member name="twist_span" type="float" setter="_set_twist_span" getter="_get_twist_span" default="180.0">
		</member>
	</members>
	<constants>
		<constant name="PARAM_SWING_SPAN" value="0" enum="Param">
		</constant>
		<constant name="PARAM_TWIST_SPAN" value="1" enum="Param">
		</constant>
		<constant name="PARAM_BIAS" value="2" enum="Param">
		</constant>
		<constant name="PARAM_SOFTNESS" value="3" enum="Param">
		</constant>
		<constant name="PARAM_RELAXATION" value="4" enum="Param">
		</constant>
		<constant name="PARAM_MAX" value="5" enum="Param">
		</constant>
	</constants>
</class>
