<?xml version="1.0" encoding="UTF-8" ?>
<class name="ConfirmationDialog" inherits="AcceptDialog" version="3.3">
	<brief_description>
	</brief_description>
	<description>
	</description>
	<tutorials>
	</tutorials>
	<methods>
		<method name="get_cancel">
			<return type="Button" />
			<description>
			</description>
		</method>
	</methods>
	<members>
		<member name="rect_min_size" type="Vector2" setter="set_custom_minimum_size" getter="get_custom_minimum_size" override="true" default="Vector2( 200, 70 )" />
		<member name="window_title" type="String" setter="set_title" getter="get_title" override="true" default="&quot;Please Confirm...&quot;" />
	</members>
	<constants>
	</constants>
</class>
