<?xml version="1.0" encoding="UTF-8" ?>
<class name="Container" inherits="Control" version="3.3">
	<brief_description>
	</brief_description>
	<description>
	</description>
	<tutorials>
	</tutorials>
	<methods>
		<method name="fit_child_in_rect">
			<return type="void" />
			<argument index="0" name="child" type="Control" />
			<argument index="1" name="rect" type="Rect2" />
			<description>
			</description>
		</method>
		<method name="queue_sort">
			<return type="void" />
			<description>
			</description>
		</method>
	</methods>
	<signals>
		<signal name="sort_children">
			<description>
			</description>
		</signal>
	</signals>
	<constants>
		<constant name="NOTIFICATION_SORT_CHILDREN" value="50">
		</constant>
	</constants>
</class>
