<?xml version="1.0" encoding="UTF-8" ?>
<class name="ConvexPolygonShape2D" inherits="Shape2D" version="3.3">
	<brief_description>
	</brief_description>
	<description>
	</description>
	<tutorials>
	</tutorials>
	<methods>
		<method name="set_point_cloud">
			<return type="void" />
			<argument index="0" name="point_cloud" type="PoolVector2Array" />
			<description>
			</description>
		</method>
	</methods>
	<members>
		<member name="points" type="PoolVector2Array" setter="set_points" getter="get_points" default="PoolVector2Array(  )">
		</member>
	</members>
	<constants>
	</constants>
</class>
