<?xml version="1.0" encoding="UTF-8" ?>
<class name="CryptoKey" inherits="Resource" version="3.3">
	<brief_description>
	</brief_description>
	<description>
	</description>
	<tutorials>
	</tutorials>
	<methods>
		<method name="load">
			<return type="int" enum="Error" />
			<argument index="0" name="path" type="String" />
			<description>
			</description>
		</method>
		<method name="save">
			<return type="int" enum="Error" />
			<argument index="0" name="path" type="String" />
			<description>
			</description>
		</method>
	</methods>
	<constants>
	</constants>
</class>
