<?xml version="1.0" encoding="UTF-8" ?>
<class name="CubeMap" inherits="Resource" version="3.3">
	<brief_description>
	</brief_description>
	<description>
	</description>
	<tutorials>
	</tutorials>
	<methods>
		<method name="get_height" qualifiers="const">
			<return type="int" />
			<description>
			</description>
		</method>
		<method name="get_side" qualifiers="const">
			<return type="Image" />
			<argument index="0" name="side" type="int" enum="CubeMap.Side" />
			<description>
			</description>
		</method>
		<method name="get_width" qualifiers="const">
			<return type="int" />
			<description>
			</description>
		</method>
		<method name="set_side">
			<return type="void" />
			<argument index="0" name="side" type="int" enum="CubeMap.Side" />
			<argument index="1" name="image" type="Image" />
			<description>
			</description>
		</method>
	</methods>
	<members>
		<member name="flags" type="int" setter="set_flags" getter="get_flags" default="7">
		</member>
		<member name="lossy_storage_quality" type="float" setter="set_lossy_storage_quality" getter="get_lossy_storage_quality" default="0.7">
		</member>
		<member name="storage_mode" type="int" setter="set_storage" getter="get_storage" enum="CubeMap.Storage" default="0">
		</member>
	</members>
	<constants>
		<constant name="STORAGE_RAW" value="0" enum="Storage">
		</constant>
		<constant name="STORAGE_COMPRESS_LOSSY" value="1" enum="Storage">
		</constant>
		<constant name="STORAGE_COMPRESS_LOSSLESS" value="2" enum="Storage">
		</constant>
		<constant name="SIDE_LEFT" value="0" enum="Side">
		</constant>
		<constant name="SIDE_RIGHT" value="1" enum="Side">
		</constant>
		<constant name="SIDE_BOTTOM" value="2" enum="Side">
		</constant>
		<constant name="SIDE_TOP" value="3" enum="Side">
		</constant>
		<constant name="SIDE_FRONT" value="4" enum="Side">
		</constant>
		<constant name="SIDE_BACK" value="5" enum="Side">
		</constant>
		<constant name="FLAG_MIPMAPS" value="1" enum="Flags">
		</constant>
		<constant name="FLAG_REPEAT" value="2" enum="Flags">
		</constant>
		<constant name="FLAG_FILTER" value="4" enum="Flags">
		</constant>
		<constant name="FLAGS_DEFAULT" value="7" enum="Flags">
		</constant>
	</constants>
</class>
