<?xml version="1.0" encoding="UTF-8" ?>
<class name="Curve2D" inherits="Resource" version="3.3">
	<brief_description>
	</brief_description>
	<description>
	</description>
	<tutorials>
	</tutorials>
	<methods>
		<method name="add_point">
			<return type="void" />
			<argument index="0" name="position" type="Vector2" />
			<argument index="1" name="in" type="Vector2" default="Vector2( 0, 0 )" />
			<argument index="2" name="out" type="Vector2" default="Vector2( 0, 0 )" />
			<argument index="3" name="at_position" type="int" default="-1" />
			<description>
			</description>
		</method>
		<method name="clear_points">
			<return type="void" />
			<description>
			</description>
		</method>
		<method name="get_baked_length" qualifiers="const">
			<return type="float" />
			<description>
			</description>
		</method>
		<method name="get_baked_points" qualifiers="const">
			<return type="PoolVector2Array" />
			<description>
			</description>
		</method>
		<method name="get_closest_offset" qualifiers="const">
			<return type="float" />
			<argument index="0" name="to_point" type="Vector2" />
			<description>
			</description>
		</method>
		<method name="get_closest_point" qualifiers="const">
			<return type="Vector2" />
			<argument index="0" name="to_point" type="Vector2" />
			<description>
			</description>
		</method>
		<method name="get_point_count" qualifiers="const">
			<return type="int" />
			<description>
			</description>
		</method>
		<method name="get_point_in" qualifiers="const">
			<return type="Vector2" />
			<argument index="0" name="idx" type="int" />
			<description>
			</description>
		</method>
		<method name="get_point_out" qualifiers="const">
			<return type="Vector2" />
			<argument index="0" name="idx" type="int" />
			<description>
			</description>
		</method>
		<method name="get_point_position" qualifiers="const">
			<return type="Vector2" />
			<argument index="0" name="idx" type="int" />
			<description>
			</description>
		</method>
		<method name="interpolate" qualifiers="const">
			<return type="Vector2" />
			<argument index="0" name="idx" type="int" />
			<argument index="1" name="t" type="float" />
			<description>
			</description>
		</method>
		<method name="interpolate_baked" qualifiers="const">
			<return type="Vector2" />
			<argument index="0" name="offset" type="float" />
			<argument index="1" name="cubic" type="bool" default="false" />
			<description>
			</description>
		</method>
		<method name="interpolatef" qualifiers="const">
			<return type="Vector2" />
			<argument index="0" name="fofs" type="float" />
			<description>
			</description>
		</method>
		<method name="remove_point">
			<return type="void" />
			<argument index="0" name="idx" type="int" />
			<description>
			</description>
		</method>
		<method name="set_point_in">
			<return type="void" />
			<argument index="0" name="idx" type="int" />
			<argument index="1" name="position" type="Vector2" />
			<description>
			</description>
		</method>
		<method name="set_point_out">
			<return type="void" />
			<argument index="0" name="idx" type="int" />
			<argument index="1" name="position" type="Vector2" />
			<description>
			</description>
		</method>
		<method name="set_point_position">
			<return type="void" />
			<argument index="0" name="idx" type="int" />
			<argument index="1" name="position" type="Vector2" />
			<description>
			</description>
		</method>
		<method name="tessellate" qualifiers="const">
			<return type="PoolVector2Array" />
			<argument index="0" name="max_stages" type="int" default="5" />
			<argument index="1" name="tolerance_degrees" type="float" default="4" />
			<description>
			</description>
		</method>
	</methods>
	<members>
		<member name="bake_interval" type="float" setter="set_bake_interval" getter="get_bake_interval" default="5.0">
		</member>
	</members>
	<constants>
	</constants>
</class>
