<?xml version="1.0" encoding="UTF-8" ?>
<class name="DampedSpringJoint2D" inherits="Joint2D" version="3.3">
	<brief_description>
	</brief_description>
	<description>
	</description>
	<tutorials>
	</tutorials>
	<methods>
	</methods>
	<members>
		<member name="damping" type="float" setter="set_damping" getter="get_damping" default="1.0">
		</member>
		<member name="length" type="float" setter="set_length" getter="get_length" default="50.0">
		</member>
		<member name="rest_length" type="float" setter="set_rest_length" getter="get_rest_length" default="0.0">
		</member>
		<member name="stiffness" type="float" setter="set_stiffness" getter="get_stiffness" default="20.0">
		</member>
	</members>
	<constants>
	</constants>
</class>
