<?xml version="1.0" encoding="UTF-8" ?>
<class name="DTLSServer" inherits="Reference" version="3.3">
	<brief_description>
	</brief_description>
	<description>
	</description>
	<tutorials>
	</tutorials>
	<methods>
		<method name="setup">
			<return type="int" enum="Error" />
			<argument index="0" name="key" type="CryptoKey" />
			<argument index="1" name="certificate" type="X509Certificate" />
			<argument index="2" name="chain" type="X509Certificate" default="null" />
			<description>
			</description>
		</method>
		<method name="take_connection">
			<return type="PacketPeerDTLS" />
			<argument index="0" name="udp_peer" type="PacketPeerUDP" />
			<description>
			</description>
		</method>
	</methods>
	<constants>
	</constants>
</class>
