<?xml version="1.0" encoding="UTF-8" ?>
<class name="EditorInterface" inherits="Node" version="3.3">
	<brief_description>
	</brief_description>
	<description>
	</description>
	<tutorials>
	</tutorials>
	<methods>
		<method name="edit_node">
			<return type="void" />
			<argument index="0" name="node" type="Node" />
			<description>
			</description>
		</method>
		<method name="edit_resource">
			<return type="void" />
			<argument index="0" name="resource" type="Resource" />
			<description>
			</description>
		</method>
		<method name="get_base_control">
			<return type="Control" />
			<description>
			</description>
		</method>
		<method name="get_current_path" qualifiers="const">
			<return type="String" />
			<description>
			</description>
		</method>
		<method name="get_edited_scene_root">
			<return type="Node" />
			<description>
			</description>
		</method>
		<method name="get_editor_scale" qualifiers="const">
			<return type="float" />
			<description>
			</description>
		</method>
		<method name="get_editor_settings">
			<return type="EditorSettings" />
			<description>
			</description>
		</method>
		<method name="get_editor_viewport">
			<return type="Control" />
			<description>
			</description>
		</method>
		<method name="get_file_system_dock">
			<return type="FileSystemDock" />
			<description>
			</description>
		</method>
		<method name="get_inspector" qualifiers="const">
			<return type="EditorInspector" />
			<description>
			</description>
		</method>
		<method name="get_open_scenes" qualifiers="const">
			<return type="Array" />
			<description>
			</description>
		</method>
		<method name="get_playing_scene" qualifiers="const">
			<return type="String" />
			<description>
			</description>
		</method>
		<method name="get_resource_filesystem">
			<return type="EditorFileSystem" />
			<description>
			</description>
		</method>
		<method name="get_resource_previewer">
			<return type="EditorResourcePreview" />
			<description>
			</description>
		</method>
		<method name="get_script_editor">
			<return type="ScriptEditor" />
			<description>
			</description>
		</method>
		<method name="get_selected_path" qualifiers="const">
			<return type="String" />
			<description>
			</description>
		</method>
		<method name="get_selection">
			<return type="EditorSelection" />
			<description>
			</description>
		</method>
		<method name="inspect_object">
			<return type="void" />
			<argument index="0" name="object" type="Object" />
			<argument index="1" name="for_property" type="String" default="&quot;&quot;" />
			<argument index="2" name="inspector_only" type="bool" default="false" />
			<description>
			</description>
		</method>
		<method name="is_playing_scene" qualifiers="const">
			<return type="bool" />
			<description>
			</description>
		</method>
		<method name="is_plugin_enabled" qualifiers="const">
			<return type="bool" />
			<argument index="0" name="plugin" type="String" />
			<description>
			</description>
		</method>
		<method name="make_mesh_previews">
			<return type="Array" />
			<argument index="0" name="meshes" type="Array" />
			<argument index="1" name="preview_size" type="int" />
			<description>
			</description>
		</method>
		<method name="open_scene_from_path">
			<return type="void" />
			<argument index="0" name="scene_filepath" type="String" />
			<description>
			</description>
		</method>
		<method name="play_current_scene">
			<return type="void" />
			<description>
			</description>
		</method>
		<method name="play_custom_scene">
			<return type="void" />
			<argument index="0" name="scene_filepath" type="String" />
			<description>
			</description>
		</method>
		<method name="play_main_scene">
			<return type="void" />
			<description>
			</description>
		</method>
		<method name="reload_scene_from_path">
			<return type="void" />
			<argument index="0" name="scene_filepath" type="String" />
			<description>
			</description>
		</method>
		<method name="save_scene">
			<return type="int" enum="Error" />
			<description>
			</description>
		</method>
		<method name="save_scene_as">
			<return type="void" />
			<argument index="0" name="path" type="String" />
			<argument index="1" name="with_preview" type="bool" default="true" />
			<description>
			</description>
		</method>
		<method name="select_file">
			<return type="void" />
			<argument index="0" name="file" type="String" />
			<description>
			</description>
		</method>
		<method name="set_main_screen_editor">
			<return type="void" />
			<argument index="0" name="name" type="String" />
			<description>
			</description>
		</method>
		<method name="set_plugin_enabled">
			<return type="void" />
			<argument index="0" name="plugin" type="String" />
			<argument index="1" name="enabled" type="bool" />
			<description>
			</description>
		</method>
		<method name="stop_playing_scene">
			<return type="void" />
			<description>
			</description>
		</method>
	</methods>
	<members>
		<member name="distraction_free_mode" type="bool" setter="set_distraction_free_mode" getter="is_distraction_free_mode_enabled">
		</member>
	</members>
	<constants>
	</constants>
</class>
