<?xml version="1.0" encoding="UTF-8" ?>
<class name="EditorFileDialog" inherits="ConfirmationDialog" version="3.3">
	<brief_description>
	</brief_description>
	<description>
	</description>
	<tutorials>
	</tutorials>
	<methods>
		<method name="add_filter">
			<return type="void" />
			<argument index="0" name="filter" type="String" />
			<description>
			</description>
		</method>
		<method name="clear_filters">
			<return type="void" />
			<description>
			</description>
		</method>
		<method name="get_vbox">
			<return type="VBoxContainer" />
			<description>
			</description>
		</method>
		<method name="invalidate">
			<return type="void" />
			<description>
			</description>
		</method>
	</methods>
	<members>
		<member name="access" type="int" setter="set_access" getter="get_access" enum="EditorFileDialog.Access" default="0">
		</member>
		<member name="current_dir" type="String" setter="set_current_dir" getter="get_current_dir" default="&quot;res://&quot;">
		</member>
		<member name="current_file" type="String" setter="set_current_file" getter="get_current_file" default="&quot;&quot;">
		</member>
		<member name="current_path" type="String" setter="set_current_path" getter="get_current_path" default="&quot;res://&quot;">
		</member>
		<member name="dialog_hide_on_ok" type="bool" setter="set_hide_on_ok" getter="get_hide_on_ok" override="true" default="false" />
		<member name="disable_overwrite_warning" type="bool" setter="set_disable_overwrite_warning" getter="is_overwrite_warning_disabled" default="false">
		</member>
		<member name="display_mode" type="int" setter="set_display_mode" getter="get_display_mode" enum="EditorFileDialog.DisplayMode" default="0">
		</member>
		<member name="mode" type="int" setter="set_mode" getter="get_mode" enum="EditorFileDialog.Mode" default="4">
		</member>
		<member name="resizable" type="bool" setter="set_resizable" getter="get_resizable" override="true" default="true" />
		<member name="show_hidden_files" type="bool" setter="set_show_hidden_files" getter="is_showing_hidden_files" default="false">
		</member>
		<member name="window_title" type="String" setter="set_title" getter="get_title" override="true" default="&quot;Save a File&quot;" />
	</members>
	<signals>
		<signal name="dir_selected">
			<argument index="0" name="dir" type="String" />
			<description>
			</description>
		</signal>
		<signal name="file_selected">
			<argument index="0" name="path" type="String" />
			<description>
			</description>
		</signal>
		<signal name="files_selected">
			<argument index="0" name="paths" type="PoolStringArray" />
			<description>
			</description>
		</signal>
	</signals>
	<constants>
		<constant name="MODE_OPEN_FILE" value="0" enum="Mode">
		</constant>
		<constant name="MODE_OPEN_FILES" value="1" enum="Mode">
		</constant>
		<constant name="MODE_OPEN_DIR" value="2" enum="Mode">
		</constant>
		<constant name="MODE_OPEN_ANY" value="3" enum="Mode">
		</constant>
		<constant name="MODE_SAVE_FILE" value="4" enum="Mode">
		</constant>
		<constant name="ACCESS_RESOURCES" value="0" enum="Access">
		</constant>
		<constant name="ACCESS_USERDATA" value="1" enum="Access">
		</constant>
		<constant name="ACCESS_FILESYSTEM" value="2" enum="Access">
		</constant>
		<constant name="DISPLAY_THUMBNAILS" value="0" enum="DisplayMode">
		</constant>
		<constant name="DISPLAY_LIST" value="1" enum="DisplayMode">
		</constant>
	</constants>
</class>
