<?xml version="1.0" encoding="UTF-8" ?>
<class name="EditorScenePostImport" inherits="Reference" version="3.3">
	<brief_description>
	</brief_description>
	<description>
	</description>
	<tutorials>
	</tutorials>
	<methods>
		<method name="get_source_file" qualifiers="const">
			<return type="String" />
			<description>
			</description>
		</method>
		<method name="get_source_folder" qualifiers="const">
			<return type="String" />
			<description>
			</description>
		</method>
		<method name="post_import" qualifiers="virtual">
			<return type="Object" />
			<argument index="0" name="scene" type="Object" />
			<description>
			</description>
		</method>
	</methods>
	<constants>
	</constants>
</class>
