<?xml version="1.0" encoding="UTF-8" ?>
<class name="EditorFileSystemDirectory" inherits="Object" version="3.3">
	<brief_description>
	</brief_description>
	<description>
	</description>
	<tutorials>
	</tutorials>
	<methods>
		<method name="find_dir_index" qualifiers="const">
			<return type="int" />
			<argument index="0" name="name" type="String" />
			<description>
			</description>
		</method>
		<method name="find_file_index" qualifiers="const">
			<return type="int" />
			<argument index="0" name="name" type="String" />
			<description>
			</description>
		</method>
		<method name="get_file" qualifiers="const">
			<return type="String" />
			<argument index="0" name="idx" type="int" />
			<description>
			</description>
		</method>
		<method name="get_file_count" qualifiers="const">
			<return type="int" />
			<description>
			</description>
		</method>
		<method name="get_file_import_is_valid" qualifiers="const">
			<return type="bool" />
			<argument index="0" name="idx" type="int" />
			<description>
			</description>
		</method>
		<method name="get_file_path" qualifiers="const">
			<return type="String" />
			<argument index="0" name="idx" type="int" />
			<description>
			</description>
		</method>
		<method name="get_file_script_class_extends" qualifiers="const">
			<return type="String" />
			<argument index="0" name="idx" type="int" />
			<description>
			</description>
		</method>
		<method name="get_file_script_class_name" qualifiers="const">
			<return type="String" />
			<argument index="0" name="idx" type="int" />
			<description>
			</description>
		</method>
		<method name="get_file_type" qualifiers="const">
			<return type="String" />
			<argument index="0" name="idx" type="int" />
			<description>
			</description>
		</method>
		<method name="get_name">
			<return type="String" />
			<description>
			</description>
		</method>
		<method name="get_parent">
			<return type="EditorFileSystemDirectory" />
			<description>
			</description>
		</method>
		<method name="get_path" qualifiers="const">
			<return type="String" />
			<description>
			</description>
		</method>
		<method name="get_subdir">
			<return type="EditorFileSystemDirectory" />
			<argument index="0" name="idx" type="int" />
			<description>
			</description>
		</method>
		<method name="get_subdir_count" qualifiers="const">
			<return type="int" />
			<description>
			</description>
		</method>
	</methods>
	<constants>
	</constants>
</class>
