<?xml version="1.0" encoding="UTF-8" ?>
<class name="Engine" inherits="Object" version="3.3">
	<brief_description>
	</brief_description>
	<description>
	</description>
	<tutorials>
	</tutorials>
	<methods>
		<method name="get_author_info" qualifiers="const">
			<return type="Dictionary" />
			<description>
			</description>
		</method>
		<method name="get_copyright_info" qualifiers="const">
			<return type="Array" />
			<description>
			</description>
		</method>
		<method name="get_donor_info" qualifiers="const">
			<return type="Dictionary" />
			<description>
			</description>
		</method>
		<method name="get_frames_drawn">
			<return type="int" />
			<description>
			</description>
		</method>
		<method name="get_frames_per_second" qualifiers="const">
			<return type="float" />
			<description>
			</description>
		</method>
		<method name="get_idle_frames" qualifiers="const">
			<return type="int" />
			<description>
			</description>
		</method>
		<method name="get_license_info" qualifiers="const">
			<return type="Dictionary" />
			<description>
			</description>
		</method>
		<method name="get_license_text" qualifiers="const">
			<return type="String" />
			<description>
			</description>
		</method>
		<method name="get_main_loop" qualifiers="const">
			<return type="MainLoop" />
			<description>
			</description>
		</method>
		<method name="get_physics_frames" qualifiers="const">
			<return type="int" />
			<description>
			</description>
		</method>
		<method name="get_physics_interpolation_fraction" qualifiers="const">
			<return type="float" />
			<description>
			</description>
		</method>
		<method name="get_singleton" qualifiers="const">
			<return type="Object" />
			<argument index="0" name="name" type="String" />
			<description>
			</description>
		</method>
		<method name="get_version_info" qualifiers="const">
			<return type="Dictionary" />
			<description>
			</description>
		</method>
		<method name="has_singleton" qualifiers="const">
			<return type="bool" />
			<argument index="0" name="name" type="String" />
			<description>
			</description>
		</method>
		<method name="is_in_physics_frame" qualifiers="const">
			<return type="bool" />
			<description>
			</description>
		</method>
	</methods>
	<members>
		<member name="editor_hint" type="bool" setter="set_editor_hint" getter="is_editor_hint" default="true">
		</member>
		<member name="iterations_per_second" type="int" setter="set_iterations_per_second" getter="get_iterations_per_second" default="60">
		</member>
		<member name="physics_jitter_fix" type="float" setter="set_physics_jitter_fix" getter="get_physics_jitter_fix" default="0.5">
		</member>
		<member name="target_fps" type="int" setter="set_target_fps" getter="get_target_fps" default="0">
		</member>
		<member name="time_scale" type="float" setter="set_time_scale" getter="get_time_scale" default="1.0">
		</member>
	</members>
	<constants>
	</constants>
</class>
