<?xml version="1.0" encoding="UTF-8" ?>
<class name="Font" inherits="Resource" version="3.3">
	<brief_description>
	</brief_description>
	<description>
	</description>
	<tutorials>
	</tutorials>
	<methods>
		<method name="draw" qualifiers="const">
			<return type="void" />
			<argument index="0" name="canvas_item" type="RID" />
			<argument index="1" name="position" type="Vector2" />
			<argument index="2" name="string" type="String" />
			<argument index="3" name="modulate" type="Color" default="Color( 1, 1, 1, 1 )" />
			<argument index="4" name="clip_w" type="int" default="-1" />
			<argument index="5" name="outline_modulate" type="Color" default="Color( 1, 1, 1, 1 )" />
			<description>
			</description>
		</method>
		<method name="draw_char" qualifiers="const">
			<return type="float" />
			<argument index="0" name="canvas_item" type="RID" />
			<argument index="1" name="position" type="Vector2" />
			<argument index="2" name="char" type="int" />
			<argument index="3" name="next" type="int" default="-1" />
			<argument index="4" name="modulate" type="Color" default="Color( 1, 1, 1, 1 )" />
			<argument index="5" name="outline" type="bool" default="false" />
			<description>
			</description>
		</method>
		<method name="get_ascent" qualifiers="const">
			<return type="float" />
			<description>
			</description>
		</method>
		<method name="get_char_size" qualifiers="const">
			<return type="Vector2" />
			<argument index="0" name="char" type="int" />
			<argument index="1" name="next" type="int" default="0" />
			<description>
			</description>
		</method>
		<method name="get_descent" qualifiers="const">
			<return type="float" />
			<description>
			</description>
		</method>
		<method name="get_height" qualifiers="const">
			<return type="float" />
			<description>
			</description>
		</method>
		<method name="get_string_size" qualifiers="const">
			<return type="Vector2" />
			<argument index="0" name="string" type="String" />
			<description>
			</description>
		</method>
		<method name="get_wordwrap_string_size" qualifiers="const">
			<return type="Vector2" />
			<argument index="0" name="string" type="String" />
			<argument index="1" name="width" type="float" />
			<description>
			</description>
		</method>
		<method name="has_outline" qualifiers="const">
			<return type="bool" />
			<description>
			</description>
		</method>
		<method name="is_distance_field_hint" qualifiers="const">
			<return type="bool" />
			<description>
			</description>
		</method>
		<method name="update_changes">
			<return type="void" />
			<description>
			</description>
		</method>
	</methods>
	<constants>
	</constants>
</class>
