<?xml version="1.0" encoding="UTF-8" ?>
<class name="Gradient" inherits="Resource" version="3.3">
	<brief_description>
	</brief_description>
	<description>
	</description>
	<tutorials>
	</tutorials>
	<methods>
		<method name="add_point">
			<return type="void" />
			<argument index="0" name="offset" type="float" />
			<argument index="1" name="color" type="Color" />
			<description>
			</description>
		</method>
		<method name="get_color">
			<return type="Color" />
			<argument index="0" name="point" type="int" />
			<description>
			</description>
		</method>
		<method name="get_offset">
			<return type="float" />
			<argument index="0" name="point" type="int" />
			<description>
			</description>
		</method>
		<method name="get_point_count" qualifiers="const">
			<return type="int" />
			<description>
			</description>
		</method>
		<method name="interpolate">
			<return type="Color" />
			<argument index="0" name="offset" type="float" />
			<description>
			</description>
		</method>
		<method name="remove_point">
			<return type="void" />
			<argument index="0" name="point" type="int" />
			<description>
			</description>
		</method>
		<method name="set_color">
			<return type="void" />
			<argument index="0" name="point" type="int" />
			<argument index="1" name="color" type="Color" />
			<description>
			</description>
		</method>
		<method name="set_offset">
			<return type="void" />
			<argument index="0" name="point" type="int" />
			<argument index="1" name="offset" type="float" />
			<description>
			</description>
		</method>
	</methods>
	<members>
		<member name="colors" type="PoolColorArray" setter="set_colors" getter="get_colors" default="PoolColorArray( 0, 0, 0, 1, 1, 1, 1, 1 )">
		</member>
		<member name="offsets" type="PoolRealArray" setter="set_offsets" getter="get_offsets" default="PoolRealArray( 0, 1 )">
		</member>
	</members>
	<constants>
	</constants>
</class>
