<?xml version="1.0" encoding="UTF-8" ?>
<class name="GraphEdit" inherits="Control" version="3.3">
	<brief_description>
	</brief_description>
	<description>
	</description>
	<tutorials>
	</tutorials>
	<methods>
		<method name="add_valid_connection_type">
			<return type="void" />
			<argument index="0" name="from_type" type="int" />
			<argument index="1" name="to_type" type="int" />
			<description>
			</description>
		</method>
		<method name="add_valid_left_disconnect_type">
			<return type="void" />
			<argument index="0" name="type" type="int" />
			<description>
			</description>
		</method>
		<method name="add_valid_right_disconnect_type">
			<return type="void" />
			<argument index="0" name="type" type="int" />
			<description>
			</description>
		</method>
		<method name="clear_connections">
			<return type="void" />
			<description>
			</description>
		</method>
		<method name="connect_node">
			<return type="int" enum="Error" />
			<argument index="0" name="from" type="String" />
			<argument index="1" name="from_port" type="int" />
			<argument index="2" name="to" type="String" />
			<argument index="3" name="to_port" type="int" />
			<description>
			</description>
		</method>
		<method name="disconnect_node">
			<return type="void" />
			<argument index="0" name="from" type="String" />
			<argument index="1" name="from_port" type="int" />
			<argument index="2" name="to" type="String" />
			<argument index="3" name="to_port" type="int" />
			<description>
			</description>
		</method>
		<method name="get_connection_list" qualifiers="const">
			<return type="Array" />
			<description>
			</description>
		</method>
		<method name="get_zoom_hbox">
			<return type="HBoxContainer" />
			<description>
			</description>
		</method>
		<method name="is_node_connected">
			<return type="bool" />
			<argument index="0" name="from" type="String" />
			<argument index="1" name="from_port" type="int" />
			<argument index="2" name="to" type="String" />
			<argument index="3" name="to_port" type="int" />
			<description>
			</description>
		</method>
		<method name="is_valid_connection_type" qualifiers="const">
			<return type="bool" />
			<argument index="0" name="from_type" type="int" />
			<argument index="1" name="to_type" type="int" />
			<description>
			</description>
		</method>
		<method name="remove_valid_connection_type">
			<return type="void" />
			<argument index="0" name="from_type" type="int" />
			<argument index="1" name="to_type" type="int" />
			<description>
			</description>
		</method>
		<method name="remove_valid_left_disconnect_type">
			<return type="void" />
			<argument index="0" name="type" type="int" />
			<description>
			</description>
		</method>
		<method name="remove_valid_right_disconnect_type">
			<return type="void" />
			<argument index="0" name="type" type="int" />
			<description>
			</description>
		</method>
		<method name="set_connection_activity">
			<return type="void" />
			<argument index="0" name="from" type="String" />
			<argument index="1" name="from_port" type="int" />
			<argument index="2" name="to" type="String" />
			<argument index="3" name="to_port" type="int" />
			<argument index="4" name="amount" type="float" />
			<description>
			</description>
		</method>
		<method name="set_selected">
			<return type="void" />
			<argument index="0" name="node" type="Node" />
			<description>
			</description>
		</method>
	</methods>
	<members>
		<member name="focus_mode" type="int" setter="set_focus_mode" getter="get_focus_mode" override="true" enum="Control.FocusMode" default="2" />
		<member name="minimap_enabled" type="bool" setter="set_minimap_enabled" getter="is_minimap_enabled" default="true">
		</member>
		<member name="minimap_opacity" type="float" setter="set_minimap_opacity" getter="get_minimap_opacity" default="0.65">
		</member>
		<member name="minimap_size" type="Vector2" setter="set_minimap_size" getter="get_minimap_size" default="Vector2( 240, 160 )">
		</member>
		<member name="rect_clip_content" type="bool" setter="set_clip_contents" getter="is_clipping_contents" override="true" default="true" />
		<member name="right_disconnects" type="bool" setter="set_right_disconnects" getter="is_right_disconnects_enabled" default="false">
		</member>
		<member name="scroll_offset" type="Vector2" setter="set_scroll_ofs" getter="get_scroll_ofs" default="Vector2( 0, 0 )">
		</member>
		<member name="snap_distance" type="int" setter="set_snap" getter="get_snap" default="20">
		</member>
		<member name="use_snap" type="bool" setter="set_use_snap" getter="is_using_snap" default="true">
		</member>
		<member name="zoom" type="float" setter="set_zoom" getter="get_zoom" default="1.0">
		</member>
	</members>
	<signals>
		<signal name="_begin_node_move">
			<description>
			</description>
		</signal>
		<signal name="_end_node_move">
			<description>
			</description>
		</signal>
		<signal name="connection_from_empty">
			<argument index="0" name="to" type="String" />
			<argument index="1" name="to_slot" type="int" />
			<argument index="2" name="release_position" type="Vector2" />
			<description>
			</description>
		</signal>
		<signal name="connection_request">
			<argument index="0" name="from" type="String" />
			<argument index="1" name="from_slot" type="int" />
			<argument index="2" name="to" type="String" />
			<argument index="3" name="to_slot" type="int" />
			<description>
			</description>
		</signal>
		<signal name="connection_to_empty">
			<argument index="0" name="from" type="String" />
			<argument index="1" name="from_slot" type="int" />
			<argument index="2" name="release_position" type="Vector2" />
			<description>
			</description>
		</signal>
		<signal name="copy_nodes_request">
			<description>
			</description>
		</signal>
		<signal name="delete_nodes_request">
			<description>
			</description>
		</signal>
		<signal name="disconnection_request">
			<argument index="0" name="from" type="String" />
			<argument index="1" name="from_slot" type="int" />
			<argument index="2" name="to" type="String" />
			<argument index="3" name="to_slot" type="int" />
			<description>
			</description>
		</signal>
		<signal name="duplicate_nodes_request">
			<description>
			</description>
		</signal>
		<signal name="node_selected">
			<argument index="0" name="node" type="Node" />
			<description>
			</description>
		</signal>
		<signal name="node_unselected">
			<argument index="0" name="node" type="Node" />
			<description>
			</description>
		</signal>
		<signal name="paste_nodes_request">
			<description>
			</description>
		</signal>
		<signal name="popup_request">
			<argument index="0" name="position" type="Vector2" />
			<description>
			</description>
		</signal>
		<signal name="scroll_offset_changed">
			<argument index="0" name="ofs" type="Vector2" />
			<description>
			</description>
		</signal>
	</signals>
	<constants>
	</constants>
	<theme_items>
		<theme_item name="activity" type="Color" default="Color( 1, 1, 1, 1 )">
		</theme_item>
		<theme_item name="bezier_len_neg" type="int" default="160">
		</theme_item>
		<theme_item name="bezier_len_pos" type="int" default="80">
		</theme_item>
		<theme_item name="bg" type="StyleBox">
		</theme_item>
		<theme_item name="grid_major" type="Color" default="Color( 1, 1, 1, 0.2 )">
		</theme_item>
		<theme_item name="grid_minor" type="Color" default="Color( 1, 1, 1, 0.05 )">
		</theme_item>
		<theme_item name="minimap" type="Texture">
		</theme_item>
		<theme_item name="minus" type="Texture">
		</theme_item>
		<theme_item name="more" type="Texture">
		</theme_item>
		<theme_item name="port_grab_distance_horizontal" type="int" default="48">
		</theme_item>
		<theme_item name="port_grab_distance_vertical" type="int" default="6">
		</theme_item>
		<theme_item name="reset" type="Texture">
		</theme_item>
		<theme_item name="selection_fill" type="Color" default="Color( 1, 1, 1, 0.3 )">
		</theme_item>
		<theme_item name="selection_stroke" type="Color" default="Color( 1, 1, 1, 0.8 )">
		</theme_item>
		<theme_item name="snap" type="Texture">
		</theme_item>
	</theme_items>
</class>
