<?xml version="1.0" encoding="UTF-8" ?>
<class name="GridContainer" inherits="Container" version="3.3">
	<brief_description>
	</brief_description>
	<description>
	</description>
	<tutorials>
	</tutorials>
	<methods>
	</methods>
	<members>
		<member name="columns" type="int" setter="set_columns" getter="get_columns" default="1">
		</member>
		<member name="mouse_filter" type="int" setter="set_mouse_filter" getter="get_mouse_filter" override="true" enum="Control.MouseFilter" default="1" />
	</members>
	<constants>
	</constants>
	<theme_items>
		<theme_item name="hseparation" type="int" default="4">
		</theme_item>
		<theme_item name="vseparation" type="int" default="4">
		</theme_item>
	</theme_items>
</class>
