<?xml version="1.0" encoding="UTF-8" ?>
<class name="HTTPRequest" inherits="Node" version="3.3">
	<brief_description>
	</brief_description>
	<description>
	</description>
	<tutorials>
	</tutorials>
	<methods>
		<method name="cancel_request">
			<return type="void" />
			<description>
			</description>
		</method>
		<method name="get_body_size" qualifiers="const">
			<return type="int" />
			<description>
			</description>
		</method>
		<method name="get_downloaded_bytes" qualifiers="const">
			<return type="int" />
			<description>
			</description>
		</method>
		<method name="get_http_client_status" qualifiers="const">
			<return type="int" enum="HTTPClient.Status" />
			<description>
			</description>
		</method>
		<method name="request">
			<return type="int" enum="Error" />
			<argument index="0" name="url" type="String" />
			<argument index="1" name="custom_headers" type="PoolStringArray" default="PoolStringArray(  )" />
			<argument index="2" name="ssl_validate_domain" type="bool" default="true" />
			<argument index="3" name="method" type="int" enum="HTTPClient.Method" default="0" />
			<argument index="4" name="request_data" type="String" default="&quot;&quot;" />
			<description>
			</description>
		</method>
	</methods>
	<members>
		<member name="body_size_limit" type="int" setter="set_body_size_limit" getter="get_body_size_limit" default="-1">
		</member>
		<member name="download_chunk_size" type="int" setter="set_download_chunk_size" getter="get_download_chunk_size" default="65536">
		</member>
		<member name="download_file" type="String" setter="set_download_file" getter="get_download_file" default="&quot;&quot;">
		</member>
		<member name="max_redirects" type="int" setter="set_max_redirects" getter="get_max_redirects" default="8">
		</member>
		<member name="timeout" type="int" setter="set_timeout" getter="get_timeout" default="0">
		</member>
		<member name="use_threads" type="bool" setter="set_use_threads" getter="is_using_threads" default="false">
		</member>
	</members>
	<signals>
		<signal name="request_completed">
			<argument index="0" name="result" type="int" />
			<argument index="1" name="response_code" type="int" />
			<argument index="2" name="headers" type="PoolStringArray" />
			<argument index="3" name="body" type="PoolByteArray" />
			<description>
			</description>
		</signal>
	</signals>
	<constants>
		<constant name="RESULT_SUCCESS" value="0" enum="Result">
		</constant>
		<constant name="RESULT_CHUNKED_BODY_SIZE_MISMATCH" value="1" enum="Result">
		</constant>
		<constant name="RESULT_CANT_CONNECT" value="2" enum="Result">
		</constant>
		<constant name="RESULT_CANT_RESOLVE" value="3" enum="Result">
		</constant>
		<constant name="RESULT_CONNECTION_ERROR" value="4" enum="Result">
		</constant>
		<constant name="RESULT_SSL_HANDSHAKE_ERROR" value="5" enum="Result">
		</constant>
		<constant name="RESULT_NO_RESPONSE" value="6" enum="Result">
		</constant>
		<constant name="RESULT_BODY_SIZE_LIMIT_EXCEEDED" value="7" enum="Result">
		</constant>
		<constant name="RESULT_REQUEST_FAILED" value="8" enum="Result">
		</constant>
		<constant name="RESULT_DOWNLOAD_FILE_CANT_OPEN" value="9" enum="Result">
		</constant>
		<constant name="RESULT_DOWNLOAD_FILE_WRITE_ERROR" value="10" enum="Result">
		</constant>
		<constant name="RESULT_REDIRECT_LIMIT_REACHED" value="11" enum="Result">
		</constant>
		<constant name="RESULT_TIMEOUT" value="12" enum="Result">
		</constant>
	</constants>
</class>
