<?xml version="1.0" encoding="UTF-8" ?>
<class name="ImmediateGeometry" inherits="GeometryInstance" version="3.3">
	<brief_description>
	</brief_description>
	<description>
	</description>
	<tutorials>
	</tutorials>
	<methods>
		<method name="add_sphere">
			<return type="void" />
			<argument index="0" name="lats" type="int" />
			<argument index="1" name="lons" type="int" />
			<argument index="2" name="radius" type="float" />
			<argument index="3" name="add_uv" type="bool" default="true" />
			<description>
			</description>
		</method>
		<method name="add_vertex">
			<return type="void" />
			<argument index="0" name="position" type="Vector3" />
			<description>
			</description>
		</method>
		<method name="begin">
			<return type="void" />
			<argument index="0" name="primitive" type="int" enum="Mesh.PrimitiveType" />
			<argument index="1" name="texture" type="Texture" default="null" />
			<description>
			</description>
		</method>
		<method name="clear">
			<return type="void" />
			<description>
			</description>
		</method>
		<method name="end">
			<return type="void" />
			<description>
			</description>
		</method>
		<method name="set_color">
			<return type="void" />
			<argument index="0" name="color" type="Color" />
			<description>
			</description>
		</method>
		<method name="set_normal">
			<return type="void" />
			<argument index="0" name="normal" type="Vector3" />
			<description>
			</description>
		</method>
		<method name="set_tangent">
			<return type="void" />
			<argument index="0" name="tangent" type="Plane" />
			<description>
			</description>
		</method>
		<method name="set_uv">
			<return type="void" />
			<argument index="0" name="uv" type="Vector2" />
			<description>
			</description>
		</method>
		<method name="set_uv2">
			<return type="void" />
			<argument index="0" name="uv" type="Vector2" />
			<description>
			</description>
		</method>
	</methods>
	<constants>
	</constants>
</class>
