<?xml version="1.0" encoding="UTF-8" ?>
<class name="InputEventJoypadMotion" inherits="InputEvent" version="3.3">
	<brief_description>
	</brief_description>
	<description>
	</description>
	<tutorials>
	</tutorials>
	<methods>
	</methods>
	<members>
		<member name="axis" type="int" setter="set_axis" getter="get_axis" default="0">
		</member>
		<member name="axis_value" type="float" setter="set_axis_value" getter="get_axis_value" default="0.0">
		</member>
	</members>
	<constants>
	</constants>
</class>
