<?xml version="1.0" encoding="UTF-8" ?>
<class name="InputEvent" inherits="Resource" version="3.3">
	<brief_description>
	</brief_description>
	<description>
	</description>
	<tutorials>
	</tutorials>
	<methods>
		<method name="accumulate">
			<return type="bool" />
			<argument index="0" name="with_event" type="InputEvent" />
			<description>
			</description>
		</method>
		<method name="as_text" qualifiers="const">
			<return type="String" />
			<description>
			</description>
		</method>
		<method name="get_action_strength" qualifiers="const">
			<return type="float" />
			<argument index="0" name="action" type="String" />
			<description>
			</description>
		</method>
		<method name="is_action" qualifiers="const">
			<return type="bool" />
			<argument index="0" name="action" type="String" />
			<description>
			</description>
		</method>
		<method name="is_action_pressed" qualifiers="const">
			<return type="bool" />
			<argument index="0" name="action" type="String" />
			<argument index="1" name="allow_echo" type="bool" default="false" />
			<description>
			</description>
		</method>
		<method name="is_action_released" qualifiers="const">
			<return type="bool" />
			<argument index="0" name="action" type="String" />
			<description>
			</description>
		</method>
		<method name="is_action_type" qualifiers="const">
			<return type="bool" />
			<description>
			</description>
		</method>
		<method name="is_echo" qualifiers="const">
			<return type="bool" />
			<description>
			</description>
		</method>
		<method name="is_pressed" qualifiers="const">
			<return type="bool" />
			<description>
			</description>
		</method>
		<method name="shortcut_match" qualifiers="const">
			<return type="bool" />
			<argument index="0" name="event" type="InputEvent" />
			<description>
			</description>
		</method>
		<method name="xformed_by" qualifiers="const">
			<return type="InputEvent" />
			<argument index="0" name="xform" type="Transform2D" />
			<argument index="1" name="local_ofs" type="Vector2" default="Vector2( 0, 0 )" />
			<description>
			</description>
		</method>
	</methods>
	<members>
		<member name="device" type="int" setter="set_device" getter="get_device" default="0">
		</member>
	</members>
	<constants>
	</constants>
</class>
