<?xml version="1.0" encoding="UTF-8" ?>
<class name="InputEventScreenDrag" inherits="InputEvent" version="3.3">
	<brief_description>
	</brief_description>
	<description>
	</description>
	<tutorials>
	</tutorials>
	<methods>
	</methods>
	<members>
		<member name="index" type="int" setter="set_index" getter="get_index" default="0">
		</member>
		<member name="position" type="Vector2" setter="set_position" getter="get_position" default="Vector2( 0, 0 )">
		</member>
		<member name="relative" type="Vector2" setter="set_relative" getter="get_relative" default="Vector2( 0, 0 )">
		</member>
		<member name="speed" type="Vector2" setter="set_speed" getter="get_speed" default="Vector2( 0, 0 )">
		</member>
	</members>
	<constants>
	</constants>
</class>
