<?xml version="1.0" encoding="UTF-8" ?>
<class name="InterpolatedCamera" inherits="Camera" version="3.3">
	<brief_description>
	</brief_description>
	<description>
	</description>
	<tutorials>
	</tutorials>
	<methods>
		<method name="set_target">
			<return type="void" />
			<argument index="0" name="target" type="Object" />
			<description>
			</description>
		</method>
	</methods>
	<members>
		<member name="enabled" type="bool" setter="set_interpolation_enabled" getter="is_interpolation_enabled" default="false">
		</member>
		<member name="speed" type="float" setter="set_speed" getter="get_speed" default="1.0">
		</member>
		<member name="target" type="NodePath" setter="set_target_path" getter="get_target_path" default="NodePath(&quot;&quot;)">
		</member>
	</members>
	<constants>
	</constants>
</class>
