<?xml version="1.0" encoding="UTF-8" ?>
<class name="JSON" inherits="Object" version="3.3">
	<brief_description>
	</brief_description>
	<description>
	</description>
	<tutorials>
	</tutorials>
	<methods>
		<method name="parse">
			<return type="JSONParseResult" />
			<argument index="0" name="json" type="String" />
			<description>
			</description>
		</method>
		<method name="print">
			<return type="String" />
			<argument index="0" name="value" type="Variant" />
			<argument index="1" name="indent" type="String" default="&quot;&quot;" />
			<argument index="2" name="sort_keys" type="bool" default="false" />
			<description>
			</description>
		</method>
	</methods>
	<constants>
	</constants>
</class>
