<?xml version="1.0" encoding="UTF-8" ?>
<class name="KinematicBody2D" inherits="PhysicsBody2D" version="3.3">
	<brief_description>
	</brief_description>
	<description>
	</description>
	<tutorials>
	</tutorials>
	<methods>
		<method name="get_floor_normal" qualifiers="const">
			<return type="Vector2" />
			<description>
			</description>
		</method>
		<method name="get_floor_velocity" qualifiers="const">
			<return type="Vector2" />
			<description>
			</description>
		</method>
		<method name="get_slide_collision">
			<return type="KinematicCollision2D" />
			<argument index="0" name="slide_idx" type="int" />
			<description>
			</description>
		</method>
		<method name="get_slide_count" qualifiers="const">
			<return type="int" />
			<description>
			</description>
		</method>
		<method name="is_on_ceiling" qualifiers="const">
			<return type="bool" />
			<description>
			</description>
		</method>
		<method name="is_on_floor" qualifiers="const">
			<return type="bool" />
			<description>
			</description>
		</method>
		<method name="is_on_wall" qualifiers="const">
			<return type="bool" />
			<description>
			</description>
		</method>
		<method name="move_and_collide">
			<return type="KinematicCollision2D" />
			<argument index="0" name="rel_vec" type="Vector2" />
			<argument index="1" name="infinite_inertia" type="bool" default="true" />
			<argument index="2" name="exclude_raycast_shapes" type="bool" default="true" />
			<argument index="3" name="test_only" type="bool" default="false" />
			<description>
			</description>
		</method>
		<method name="move_and_slide">
			<return type="Vector2" />
			<argument index="0" name="linear_velocity" type="Vector2" />
			<argument index="1" name="up_direction" type="Vector2" default="Vector2( 0, 0 )" />
			<argument index="2" name="stop_on_slope" type="bool" default="false" />
			<argument index="3" name="max_slides" type="int" default="4" />
			<argument index="4" name="floor_max_angle" type="float" default="0.785398" />
			<argument index="5" name="infinite_inertia" type="bool" default="true" />
			<description>
			</description>
		</method>
		<method name="move_and_slide_with_snap">
			<return type="Vector2" />
			<argument index="0" name="linear_velocity" type="Vector2" />
			<argument index="1" name="snap" type="Vector2" />
			<argument index="2" name="up_direction" type="Vector2" default="Vector2( 0, 0 )" />
			<argument index="3" name="stop_on_slope" type="bool" default="false" />
			<argument index="4" name="max_slides" type="int" default="4" />
			<argument index="5" name="floor_max_angle" type="float" default="0.785398" />
			<argument index="6" name="infinite_inertia" type="bool" default="true" />
			<description>
			</description>
		</method>
		<method name="test_move">
			<return type="bool" />
			<argument index="0" name="from" type="Transform2D" />
			<argument index="1" name="rel_vec" type="Vector2" />
			<argument index="2" name="infinite_inertia" type="bool" default="true" />
			<description>
			</description>
		</method>
	</methods>
	<members>
		<member name="collision/safe_margin" type="float" setter="set_safe_margin" getter="get_safe_margin" default="0.08">
		</member>
		<member name="motion/sync_to_physics" type="bool" setter="set_sync_to_physics" getter="is_sync_to_physics_enabled" default="false">
		</member>
	</members>
	<constants>
	</constants>
</class>
