<?xml version="1.0" encoding="UTF-8" ?>
<class name="Light" inherits="VisualInstance" version="3.3">
	<brief_description>
	</brief_description>
	<description>
	</description>
	<tutorials>
	</tutorials>
	<methods>
		<method name="get_param" qualifiers="const">
			<return type="float" />
			<argument index="0" name="param" type="int" enum="Light.Param" />
			<description>
			</description>
		</method>
		<method name="set_param">
			<return type="void" />
			<argument index="0" name="param" type="int" enum="Light.Param" />
			<argument index="1" name="value" type="float" />
			<description>
			</description>
		</method>
	</methods>
	<members>
		<member name="editor_only" type="bool" setter="set_editor_only" getter="is_editor_only" default="false">
		</member>
		<member name="light_bake_mode" type="int" setter="set_bake_mode" getter="get_bake_mode" enum="Light.BakeMode" default="1">
		</member>
		<member name="light_color" type="Color" setter="set_color" getter="get_color" default="Color( 1, 1, 1, 1 )">
		</member>
		<member name="light_cull_mask" type="int" setter="set_cull_mask" getter="get_cull_mask" default="4294967295">
		</member>
		<member name="light_energy" type="float" setter="set_param" getter="get_param" default="1.0">
		</member>
		<member name="light_indirect_energy" type="float" setter="set_param" getter="get_param" default="1.0">
		</member>
		<member name="light_negative" type="bool" setter="set_negative" getter="is_negative" default="false">
		</member>
		<member name="light_specular" type="float" setter="set_param" getter="get_param" default="0.5">
		</member>
		<member name="shadow_bias" type="float" setter="set_param" getter="get_param" default="0.15">
		</member>
		<member name="shadow_color" type="Color" setter="set_shadow_color" getter="get_shadow_color" default="Color( 0, 0, 0, 1 )">
		</member>
		<member name="shadow_contact" type="float" setter="set_param" getter="get_param" default="0.0">
		</member>
		<member name="shadow_enabled" type="bool" setter="set_shadow" getter="has_shadow" default="false">
		</member>
		<member name="shadow_reverse_cull_face" type="bool" setter="set_shadow_reverse_cull_face" getter="get_shadow_reverse_cull_face" default="false">
		</member>
	</members>
	<constants>
		<constant name="PARAM_ENERGY" value="0" enum="Param">
		</constant>
		<constant name="PARAM_INDIRECT_ENERGY" value="1" enum="Param">
		</constant>
		<constant name="PARAM_SPECULAR" value="2" enum="Param">
		</constant>
		<constant name="PARAM_RANGE" value="3" enum="Param">
		</constant>
		<constant name="PARAM_ATTENUATION" value="4" enum="Param">
		</constant>
		<constant name="PARAM_SPOT_ANGLE" value="5" enum="Param">
		</constant>
		<constant name="PARAM_SPOT_ATTENUATION" value="6" enum="Param">
		</constant>
		<constant name="PARAM_CONTACT_SHADOW_SIZE" value="7" enum="Param">
		</constant>
		<constant name="PARAM_SHADOW_MAX_DISTANCE" value="8" enum="Param">
		</constant>
		<constant name="PARAM_SHADOW_SPLIT_1_OFFSET" value="9" enum="Param">
		</constant>
		<constant name="PARAM_SHADOW_SPLIT_2_OFFSET" value="10" enum="Param">
		</constant>
		<constant name="PARAM_SHADOW_SPLIT_3_OFFSET" value="11" enum="Param">
		</constant>
		<constant name="PARAM_SHADOW_NORMAL_BIAS" value="12" enum="Param">
		</constant>
		<constant name="PARAM_SHADOW_BIAS" value="13" enum="Param">
		</constant>
		<constant name="PARAM_SHADOW_BIAS_SPLIT_SCALE" value="14" enum="Param">
		</constant>
		<constant name="PARAM_MAX" value="15" enum="Param">
		</constant>
		<constant name="BAKE_DISABLED" value="0" enum="BakeMode">
		</constant>
		<constant name="BAKE_INDIRECT" value="1" enum="BakeMode">
		</constant>
		<constant name="BAKE_ALL" value="2" enum="BakeMode">
		</constant>
	</constants>
</class>
