<?xml version="1.0" encoding="UTF-8" ?>
<class name="LightOccluder2D" inherits="Node2D" version="3.3">
	<brief_description>
	</brief_description>
	<description>
	</description>
	<tutorials>
	</tutorials>
	<methods>
	</methods>
	<members>
		<member name="light_mask" type="int" setter="set_occluder_light_mask" getter="get_occluder_light_mask" default="1">
		</member>
		<member name="occluder" type="OccluderPolygon2D" setter="set_occluder_polygon" getter="get_occluder_polygon">
		</member>
	</members>
	<constants>
	</constants>
</class>
