<?xml version="1.0" encoding="UTF-8" ?>
<class name="LineEdit" inherits="Control" version="3.3">
	<brief_description>
	</brief_description>
	<description>
	</description>
	<tutorials>
	</tutorials>
	<methods>
		<method name="append_at_cursor">
			<return type="void" />
			<argument index="0" name="text" type="String" />
			<description>
			</description>
		</method>
		<method name="clear">
			<return type="void" />
			<description>
			</description>
		</method>
		<method name="delete_char_at_cursor">
			<return type="void" />
			<description>
			</description>
		</method>
		<method name="delete_text">
			<return type="void" />
			<argument index="0" name="from_column" type="int" />
			<argument index="1" name="to_column" type="int" />
			<description>
			</description>
		</method>
		<method name="deselect">
			<return type="void" />
			<description>
			</description>
		</method>
		<method name="get_menu" qualifiers="const">
			<return type="PopupMenu" />
			<description>
			</description>
		</method>
		<method name="get_scroll_offset" qualifiers="const">
			<return type="int" />
			<description>
			</description>
		</method>
		<method name="menu_option">
			<return type="void" />
			<argument index="0" name="option" type="int" />
			<description>
			</description>
		</method>
		<method name="select">
			<return type="void" />
			<argument index="0" name="from" type="int" default="0" />
			<argument index="1" name="to" type="int" default="-1" />
			<description>
			</description>
		</method>
		<method name="select_all">
			<return type="void" />
			<description>
			</description>
		</method>
	</methods>
	<members>
		<member name="align" type="int" setter="set_align" getter="get_align" enum="LineEdit.Align" default="0">
		</member>
		<member name="caret_blink" type="bool" setter="cursor_set_blink_enabled" getter="cursor_get_blink_enabled" default="false">
		</member>
		<member name="caret_blink_speed" type="float" setter="cursor_set_blink_speed" getter="cursor_get_blink_speed" default="0.65">
		</member>
		<member name="caret_position" type="int" setter="set_cursor_position" getter="get_cursor_position" default="0">
		</member>
		<member name="clear_button_enabled" type="bool" setter="set_clear_button_enabled" getter="is_clear_button_enabled" default="false">
		</member>
		<member name="context_menu_enabled" type="bool" setter="set_context_menu_enabled" getter="is_context_menu_enabled" default="true">
		</member>
		<member name="editable" type="bool" setter="set_editable" getter="is_editable" default="true">
		</member>
		<member name="expand_to_text_length" type="bool" setter="set_expand_to_text_length" getter="get_expand_to_text_length" default="false">
		</member>
		<member name="focus_mode" type="int" setter="set_focus_mode" getter="get_focus_mode" override="true" enum="Control.FocusMode" default="2" />
		<member name="max_length" type="int" setter="set_max_length" getter="get_max_length" default="0">
		</member>
		<member name="mouse_default_cursor_shape" type="int" setter="set_default_cursor_shape" getter="get_default_cursor_shape" override="true" enum="Control.CursorShape" default="1" />
		<member name="placeholder_alpha" type="float" setter="set_placeholder_alpha" getter="get_placeholder_alpha" default="0.6">
		</member>
		<member name="placeholder_text" type="String" setter="set_placeholder" getter="get_placeholder" default="&quot;&quot;">
		</member>
		<member name="right_icon" type="Texture" setter="set_right_icon" getter="get_right_icon">
		</member>
		<member name="secret" type="bool" setter="set_secret" getter="is_secret" default="false">
		</member>
		<member name="secret_character" type="String" setter="set_secret_character" getter="get_secret_character" default="&quot;*&quot;">
		</member>
		<member name="selecting_enabled" type="bool" setter="set_selecting_enabled" getter="is_selecting_enabled" default="true">
		</member>
		<member name="shortcut_keys_enabled" type="bool" setter="set_shortcut_keys_enabled" getter="is_shortcut_keys_enabled" default="true">
		</member>
		<member name="text" type="String" setter="set_text" getter="get_text" default="&quot;&quot;">
		</member>
		<member name="virtual_keyboard_enabled" type="bool" setter="set_virtual_keyboard_enabled" getter="is_virtual_keyboard_enabled" default="true">
		</member>
	</members>
	<signals>
		<signal name="text_change_rejected">
			<description>
			</description>
		</signal>
		<signal name="text_changed">
			<argument index="0" name="new_text" type="String" />
			<description>
			</description>
		</signal>
		<signal name="text_entered">
			<argument index="0" name="new_text" type="String" />
			<description>
			</description>
		</signal>
	</signals>
	<constants>
		<constant name="ALIGN_LEFT" value="0" enum="Align">
		</constant>
		<constant name="ALIGN_CENTER" value="1" enum="Align">
		</constant>
		<constant name="ALIGN_RIGHT" value="2" enum="Align">
		</constant>
		<constant name="ALIGN_FILL" value="3" enum="Align">
		</constant>
		<constant name="MENU_CUT" value="0" enum="MenuItems">
		</constant>
		<constant name="MENU_COPY" value="1" enum="MenuItems">
		</constant>
		<constant name="MENU_PASTE" value="2" enum="MenuItems">
		</constant>
		<constant name="MENU_CLEAR" value="3" enum="MenuItems">
		</constant>
		<constant name="MENU_SELECT_ALL" value="4" enum="MenuItems">
		</constant>
		<constant name="MENU_UNDO" value="5" enum="MenuItems">
		</constant>
		<constant name="MENU_REDO" value="6" enum="MenuItems">
		</constant>
		<constant name="MENU_MAX" value="7" enum="MenuItems">
		</constant>
	</constants>
	<theme_items>
		<theme_item name="clear" type="Texture">
		</theme_item>
		<theme_item name="clear_button_color" type="Color" default="Color( 0.88, 0.88, 0.88, 1 )">
		</theme_item>
		<theme_item name="clear_button_color_pressed" type="Color" default="Color( 1, 1, 1, 1 )">
		</theme_item>
		<theme_item name="cursor_color" type="Color" default="Color( 0.94, 0.94, 0.94, 1 )">
		</theme_item>
		<theme_item name="focus" type="StyleBox">
		</theme_item>
		<theme_item name="font" type="Font">
		</theme_item>
		<theme_item name="font_color" type="Color" default="Color( 0.88, 0.88, 0.88, 1 )">
		</theme_item>
		<theme_item name="font_color_selected" type="Color" default="Color( 0, 0, 0, 1 )">
		</theme_item>
		<theme_item name="font_color_uneditable" type="Color" default="Color( 0.88, 0.88, 0.88, 0.5 )">
		</theme_item>
		<theme_item name="minimum_spaces" type="int" default="12">
		</theme_item>
		<theme_item name="normal" type="StyleBox">
		</theme_item>
		<theme_item name="read_only" type="StyleBox">
		</theme_item>
		<theme_item name="selection_color" type="Color" default="Color( 0.49, 0.49, 0.49, 1 )">
		</theme_item>
	</theme_items>
</class>
