<?xml version="1.0" encoding="UTF-8" ?>
<class name="Material" inherits="Resource" version="3.3">
	<brief_description>
	</brief_description>
	<description>
	</description>
	<tutorials>
	</tutorials>
	<methods>
	</methods>
	<members>
		<member name="next_pass" type="Material" setter="set_next_pass" getter="get_next_pass">
		</member>
		<member name="render_priority" type="int" setter="set_render_priority" getter="get_render_priority" default="0">
		</member>
	</members>
	<constants>
		<constant name="RENDER_PRIORITY_MAX" value="127">
		</constant>
		<constant name="RENDER_PRIORITY_MIN" value="-128">
		</constant>
	</constants>
</class>
