<?xml version="1.0" encoding="UTF-8" ?>
<class name="MeshTexture" inherits="Texture" version="3.3">
	<brief_description>
	</brief_description>
	<description>
	</description>
	<tutorials>
	</tutorials>
	<methods>
	</methods>
	<members>
		<member name="base_texture" type="Texture" setter="set_base_texture" getter="get_base_texture">
		</member>
		<member name="flags" type="int" setter="set_flags" getter="get_flags" override="true" default="0" />
		<member name="image_size" type="Vector2" setter="set_image_size" getter="get_image_size" default="Vector2( 0, 0 )">
		</member>
		<member name="mesh" type="Mesh" setter="set_mesh" getter="get_mesh">
		</member>
	</members>
	<constants>
	</constants>
</class>
