<?xml version="1.0" encoding="UTF-8" ?>
<class name="MultiMesh" inherits="Resource" version="3.3">
	<brief_description>
	</brief_description>
	<description>
	</description>
	<tutorials>
	</tutorials>
	<methods>
		<method name="get_aabb" qualifiers="const">
			<return type="AABB" />
			<description>
			</description>
		</method>
		<method name="get_instance_color" qualifiers="const">
			<return type="Color" />
			<argument index="0" name="instance" type="int" />
			<description>
			</description>
		</method>
		<method name="get_instance_custom_data" qualifiers="const">
			<return type="Color" />
			<argument index="0" name="instance" type="int" />
			<description>
			</description>
		</method>
		<method name="get_instance_transform" qualifiers="const">
			<return type="Transform" />
			<argument index="0" name="instance" type="int" />
			<description>
			</description>
		</method>
		<method name="get_instance_transform_2d" qualifiers="const">
			<return type="Transform2D" />
			<argument index="0" name="instance" type="int" />
			<description>
			</description>
		</method>
		<method name="set_as_bulk_array">
			<return type="void" />
			<argument index="0" name="array" type="PoolRealArray" />
			<description>
			</description>
		</method>
		<method name="set_instance_color">
			<return type="void" />
			<argument index="0" name="instance" type="int" />
			<argument index="1" name="color" type="Color" />
			<description>
			</description>
		</method>
		<method name="set_instance_custom_data">
			<return type="void" />
			<argument index="0" name="instance" type="int" />
			<argument index="1" name="custom_data" type="Color" />
			<description>
			</description>
		</method>
		<method name="set_instance_transform">
			<return type="void" />
			<argument index="0" name="instance" type="int" />
			<argument index="1" name="transform" type="Transform" />
			<description>
			</description>
		</method>
		<method name="set_instance_transform_2d">
			<return type="void" />
			<argument index="0" name="instance" type="int" />
			<argument index="1" name="transform" type="Transform2D" />
			<description>
			</description>
		</method>
	</methods>
	<members>
		<member name="color_format" type="int" setter="set_color_format" getter="get_color_format" enum="MultiMesh.ColorFormat" default="0">
		</member>
		<member name="custom_data_format" type="int" setter="set_custom_data_format" getter="get_custom_data_format" enum="MultiMesh.CustomDataFormat" default="0">
		</member>
		<member name="instance_count" type="int" setter="set_instance_count" getter="get_instance_count" default="0">
		</member>
		<member name="mesh" type="Mesh" setter="set_mesh" getter="get_mesh">
		</member>
		<member name="transform_format" type="int" setter="set_transform_format" getter="get_transform_format" enum="MultiMesh.TransformFormat" default="0">
		</member>
		<member name="visible_instance_count" type="int" setter="set_visible_instance_count" getter="get_visible_instance_count" default="-1">
		</member>
	</members>
	<constants>
		<constant name="TRANSFORM_2D" value="0" enum="TransformFormat">
		</constant>
		<constant name="TRANSFORM_3D" value="1" enum="TransformFormat">
		</constant>
		<constant name="COLOR_NONE" value="0" enum="ColorFormat">
		</constant>
		<constant name="COLOR_8BIT" value="1" enum="ColorFormat">
		</constant>
		<constant name="COLOR_FLOAT" value="2" enum="ColorFormat">
		</constant>
		<constant name="CUSTOM_DATA_NONE" value="0" enum="CustomDataFormat">
		</constant>
		<constant name="CUSTOM_DATA_8BIT" value="1" enum="CustomDataFormat">
		</constant>
		<constant name="CUSTOM_DATA_FLOAT" value="2" enum="CustomDataFormat">
		</constant>
	</constants>
</class>
