<?xml version="1.0" encoding="UTF-8" ?>
<class name="Mutex" inherits="Reference" version="3.3">
	<brief_description>
	</brief_description>
	<description>
	</description>
	<tutorials>
	</tutorials>
	<methods>
		<method name="lock">
			<return type="void" />
			<description>
			</description>
		</method>
		<method name="try_lock">
			<return type="int" enum="Error" />
			<description>
			</description>
		</method>
		<method name="unlock">
			<return type="void" />
			<description>
			</description>
		</method>
	</methods>
	<constants>
	</constants>
</class>
