<?xml version="1.0" encoding="UTF-8" ?>
<class name="NetworkedMultiplayerPeer" inherits="PacketPeer" version="3.3">
	<brief_description>
	</brief_description>
	<description>
	</description>
	<tutorials>
	</tutorials>
	<methods>
		<method name="get_connection_status" qualifiers="const">
			<return type="int" enum="NetworkedMultiplayerPeer.ConnectionStatus" />
			<description>
			</description>
		</method>
		<method name="get_packet_peer" qualifiers="const">
			<return type="int" />
			<description>
			</description>
		</method>
		<method name="get_unique_id" qualifiers="const">
			<return type="int" />
			<description>
			</description>
		</method>
		<method name="poll">
			<return type="void" />
			<description>
			</description>
		</method>
		<method name="set_target_peer">
			<return type="void" />
			<argument index="0" name="id" type="int" />
			<description>
			</description>
		</method>
	</methods>
	<members>
		<member name="refuse_new_connections" type="bool" setter="set_refuse_new_connections" getter="is_refusing_new_connections" default="true">
		</member>
		<member name="transfer_mode" type="int" setter="set_transfer_mode" getter="get_transfer_mode" enum="NetworkedMultiplayerPeer.TransferMode" default="0">
		</member>
	</members>
	<signals>
		<signal name="connection_failed">
			<description>
			</description>
		</signal>
		<signal name="connection_succeeded">
			<description>
			</description>
		</signal>
		<signal name="peer_connected">
			<argument index="0" name="id" type="int" />
			<description>
			</description>
		</signal>
		<signal name="peer_disconnected">
			<argument index="0" name="id" type="int" />
			<description>
			</description>
		</signal>
		<signal name="server_disconnected">
			<description>
			</description>
		</signal>
	</signals>
	<constants>
		<constant name="TRANSFER_MODE_UNRELIABLE" value="0" enum="TransferMode">
		</constant>
		<constant name="TRANSFER_MODE_UNRELIABLE_ORDERED" value="1" enum="TransferMode">
		</constant>
		<constant name="TRANSFER_MODE_RELIABLE" value="2" enum="TransferMode">
		</constant>
		<constant name="CONNECTION_DISCONNECTED" value="0" enum="ConnectionStatus">
		</constant>
		<constant name="CONNECTION_CONNECTING" value="1" enum="ConnectionStatus">
		</constant>
		<constant name="CONNECTION_CONNECTED" value="2" enum="ConnectionStatus">
		</constant>
		<constant name="TARGET_PEER_BROADCAST" value="0">
		</constant>
		<constant name="TARGET_PEER_SERVER" value="1">
		</constant>
	</constants>
</class>
