<?xml version="1.0" encoding="UTF-8" ?>
<class name="Node2D" inherits="CanvasItem" version="3.3">
	<brief_description>
	</brief_description>
	<description>
	</description>
	<tutorials>
	</tutorials>
	<methods>
		<method name="apply_scale">
			<return type="void" />
			<argument index="0" name="ratio" type="Vector2" />
			<description>
			</description>
		</method>
		<method name="get_angle_to" qualifiers="const">
			<return type="float" />
			<argument index="0" name="point" type="Vector2" />
			<description>
			</description>
		</method>
		<method name="get_relative_transform_to_parent" qualifiers="const">
			<return type="Transform2D" />
			<argument index="0" name="parent" type="Node" />
			<description>
			</description>
		</method>
		<method name="global_translate">
			<return type="void" />
			<argument index="0" name="offset" type="Vector2" />
			<description>
			</description>
		</method>
		<method name="look_at">
			<return type="void" />
			<argument index="0" name="point" type="Vector2" />
			<description>
			</description>
		</method>
		<method name="move_local_x">
			<return type="void" />
			<argument index="0" name="delta" type="float" />
			<argument index="1" name="scaled" type="bool" default="false" />
			<description>
			</description>
		</method>
		<method name="move_local_y">
			<return type="void" />
			<argument index="0" name="delta" type="float" />
			<argument index="1" name="scaled" type="bool" default="false" />
			<description>
			</description>
		</method>
		<method name="rotate">
			<return type="void" />
			<argument index="0" name="radians" type="float" />
			<description>
			</description>
		</method>
		<method name="to_global" qualifiers="const">
			<return type="Vector2" />
			<argument index="0" name="local_point" type="Vector2" />
			<description>
			</description>
		</method>
		<method name="to_local" qualifiers="const">
			<return type="Vector2" />
			<argument index="0" name="global_point" type="Vector2" />
			<description>
			</description>
		</method>
		<method name="translate">
			<return type="void" />
			<argument index="0" name="offset" type="Vector2" />
			<description>
			</description>
		</method>
	</methods>
	<members>
		<member name="global_position" type="Vector2" setter="set_global_position" getter="get_global_position">
		</member>
		<member name="global_rotation" type="float" setter="set_global_rotation" getter="get_global_rotation">
		</member>
		<member name="global_rotation_degrees" type="float" setter="set_global_rotation_degrees" getter="get_global_rotation_degrees">
		</member>
		<member name="global_scale" type="Vector2" setter="set_global_scale" getter="get_global_scale">
		</member>
		<member name="global_transform" type="Transform2D" setter="set_global_transform" getter="get_global_transform">
		</member>
		<member name="position" type="Vector2" setter="set_position" getter="get_position" default="Vector2( 0, 0 )">
		</member>
		<member name="rotation" type="float" setter="set_rotation" getter="get_rotation" default="0.0">
		</member>
		<member name="rotation_degrees" type="float" setter="set_rotation_degrees" getter="get_rotation_degrees" default="0.0">
		</member>
		<member name="scale" type="Vector2" setter="set_scale" getter="get_scale" default="Vector2( 1, 1 )">
		</member>
		<member name="transform" type="Transform2D" setter="set_transform" getter="get_transform">
		</member>
		<member name="z_as_relative" type="bool" setter="set_z_as_relative" getter="is_z_relative" default="true">
		</member>
		<member name="z_index" type="int" setter="set_z_index" getter="get_z_index" default="0">
		</member>
	</members>
	<constants>
	</constants>
</class>
