<?xml version="1.0" encoding="UTF-8" ?>
<class name="OccluderPolygon2D" inherits="Resource" version="3.3">
	<brief_description>
	</brief_description>
	<description>
	</description>
	<tutorials>
	</tutorials>
	<methods>
	</methods>
	<members>
		<member name="closed" type="bool" setter="set_closed" getter="is_closed" default="true">
		</member>
		<member name="cull_mode" type="int" setter="set_cull_mode" getter="get_cull_mode" enum="OccluderPolygon2D.CullMode" default="0">
		</member>
		<member name="polygon" type="PoolVector2Array" setter="set_polygon" getter="get_polygon" default="PoolVector2Array(  )">
		</member>
	</members>
	<constants>
		<constant name="CULL_DISABLED" value="0" enum="CullMode">
		</constant>
		<constant name="CULL_CLOCKWISE" value="1" enum="CullMode">
		</constant>
		<constant name="CULL_COUNTER_CLOCKWISE" value="2" enum="CullMode">
		</constant>
	</constants>
</class>
