<?xml version="1.0" encoding="UTF-8" ?>
<class name="OptionButton" inherits="Button" version="3.3">
	<brief_description>
	</brief_description>
	<description>
	</description>
	<tutorials>
	</tutorials>
	<methods>
		<method name="add_icon_item">
			<return type="void" />
			<argument index="0" name="texture" type="Texture" />
			<argument index="1" name="label" type="String" />
			<argument index="2" name="id" type="int" default="-1" />
			<description>
			</description>
		</method>
		<method name="add_item">
			<return type="void" />
			<argument index="0" name="label" type="String" />
			<argument index="1" name="id" type="int" default="-1" />
			<description>
			</description>
		</method>
		<method name="add_separator">
			<return type="void" />
			<description>
			</description>
		</method>
		<method name="clear">
			<return type="void" />
			<description>
			</description>
		</method>
		<method name="get_item_count" qualifiers="const">
			<return type="int" />
			<description>
			</description>
		</method>
		<method name="get_item_icon" qualifiers="const">
			<return type="Texture" />
			<argument index="0" name="idx" type="int" />
			<description>
			</description>
		</method>
		<method name="get_item_id" qualifiers="const">
			<return type="int" />
			<argument index="0" name="idx" type="int" />
			<description>
			</description>
		</method>
		<method name="get_item_index" qualifiers="const">
			<return type="int" />
			<argument index="0" name="id" type="int" />
			<description>
			</description>
		</method>
		<method name="get_item_metadata" qualifiers="const">
			<return type="Variant" />
			<argument index="0" name="idx" type="int" />
			<description>
			</description>
		</method>
		<method name="get_item_text" qualifiers="const">
			<return type="String" />
			<argument index="0" name="idx" type="int" />
			<description>
			</description>
		</method>
		<method name="get_popup" qualifiers="const">
			<return type="PopupMenu" />
			<description>
			</description>
		</method>
		<method name="get_selected_id" qualifiers="const">
			<return type="int" />
			<description>
			</description>
		</method>
		<method name="get_selected_metadata" qualifiers="const">
			<return type="Variant" />
			<description>
			</description>
		</method>
		<method name="is_item_disabled" qualifiers="const">
			<return type="bool" />
			<argument index="0" name="idx" type="int" />
			<description>
			</description>
		</method>
		<method name="remove_item">
			<return type="void" />
			<argument index="0" name="idx" type="int" />
			<description>
			</description>
		</method>
		<method name="select">
			<return type="void" />
			<argument index="0" name="idx" type="int" />
			<description>
			</description>
		</method>
		<method name="set_item_disabled">
			<return type="void" />
			<argument index="0" name="idx" type="int" />
			<argument index="1" name="disabled" type="bool" />
			<description>
			</description>
		</method>
		<method name="set_item_icon">
			<return type="void" />
			<argument index="0" name="idx" type="int" />
			<argument index="1" name="texture" type="Texture" />
			<description>
			</description>
		</method>
		<method name="set_item_id">
			<return type="void" />
			<argument index="0" name="idx" type="int" />
			<argument index="1" name="id" type="int" />
			<description>
			</description>
		</method>
		<method name="set_item_metadata">
			<return type="void" />
			<argument index="0" name="idx" type="int" />
			<argument index="1" name="metadata" type="Variant" />
			<description>
			</description>
		</method>
		<method name="set_item_text">
			<return type="void" />
			<argument index="0" name="idx" type="int" />
			<argument index="1" name="text" type="String" />
			<description>
			</description>
		</method>
	</methods>
	<members>
		<member name="action_mode" type="int" setter="set_action_mode" getter="get_action_mode" override="true" enum="BaseButton.ActionMode" default="0" />
		<member name="align" type="int" setter="set_text_align" getter="get_text_align" override="true" enum="Button.TextAlign" default="0" />
		<member name="selected" type="int" setter="_select_int" getter="get_selected" default="-1">
		</member>
		<member name="toggle_mode" type="bool" setter="set_toggle_mode" getter="is_toggle_mode" override="true" default="true" />
	</members>
	<signals>
		<signal name="item_focused">
			<argument index="0" name="index" type="int" />
			<description>
			</description>
		</signal>
		<signal name="item_selected">
			<argument index="0" name="index" type="int" />
			<description>
			</description>
		</signal>
	</signals>
	<constants>
	</constants>
	<theme_items>
		<theme_item name="arrow" type="Texture">
		</theme_item>
		<theme_item name="arrow_margin" type="int" default="2">
		</theme_item>
		<theme_item name="disabled" type="StyleBox">
		</theme_item>
		<theme_item name="focus" type="StyleBox">
		</theme_item>
		<theme_item name="font" type="Font">
		</theme_item>
		<theme_item name="font_color" type="Color" default="Color( 0.88, 0.88, 0.88, 1 )">
		</theme_item>
		<theme_item name="font_color_disabled" type="Color" default="Color( 0.9, 0.9, 0.9, 0.2 )">
		</theme_item>
		<theme_item name="font_color_hover" type="Color" default="Color( 0.94, 0.94, 0.94, 1 )">
		</theme_item>
		<theme_item name="font_color_pressed" type="Color" default="Color( 1, 1, 1, 1 )">
		</theme_item>
		<theme_item name="hover" type="StyleBox">
		</theme_item>
		<theme_item name="hseparation" type="int" default="2">
		</theme_item>
		<theme_item name="normal" type="StyleBox">
		</theme_item>
		<theme_item name="pressed" type="StyleBox">
		</theme_item>
	</theme_items>
</class>
