<?xml version="1.0" encoding="UTF-8" ?>
<class name="OS" inherits="Object" version="3.3">
	<brief_description>
	</brief_description>
	<description>
	</description>
	<tutorials>
	</tutorials>
	<methods>
		<method name="alert">
			<return type="void" />
			<argument index="0" name="text" type="String" />
			<argument index="1" name="title" type="String" default="&quot;Alert!&quot;" />
			<description>
			</description>
		</method>
		<method name="can_draw" qualifiers="const">
			<return type="bool" />
			<description>
			</description>
		</method>
		<method name="can_use_threads" qualifiers="const">
			<return type="bool" />
			<description>
			</description>
		</method>
		<method name="center_window">
			<return type="void" />
			<description>
			</description>
		</method>
		<method name="close_midi_inputs">
			<return type="void" />
			<description>
			</description>
		</method>
		<method name="delay_msec" qualifiers="const">
			<return type="void" />
			<argument index="0" name="msec" type="int" />
			<description>
			</description>
		</method>
		<method name="delay_usec" qualifiers="const">
			<return type="void" />
			<argument index="0" name="usec" type="int" />
			<description>
			</description>
		</method>
		<method name="dump_memory_to_file">
			<return type="void" />
			<argument index="0" name="file" type="String" />
			<description>
			</description>
		</method>
		<method name="dump_resources_to_file">
			<return type="void" />
			<argument index="0" name="file" type="String" />
			<description>
			</description>
		</method>
		<method name="execute">
			<return type="int" />
			<argument index="0" name="path" type="String" />
			<argument index="1" name="arguments" type="PoolStringArray" />
			<argument index="2" name="blocking" type="bool" default="true" />
			<argument index="3" name="output" type="Array" default="[  ]" />
			<argument index="4" name="read_stderr" type="bool" default="false" />
			<description>
			</description>
		</method>
		<method name="find_scancode_from_string" qualifiers="const">
			<return type="int" />
			<argument index="0" name="string" type="String" />
			<description>
			</description>
		</method>
		<method name="get_audio_driver_count" qualifiers="const">
			<return type="int" />
			<description>
			</description>
		</method>
		<method name="get_audio_driver_name" qualifiers="const">
			<return type="String" />
			<argument index="0" name="driver" type="int" />
			<description>
			</description>
		</method>
		<method name="get_cmdline_args">
			<return type="PoolStringArray" />
			<description>
			</description>
		</method>
		<method name="get_connected_midi_inputs">
			<return type="PoolStringArray" />
			<description>
			</description>
		</method>
		<method name="get_current_video_driver" qualifiers="const">
			<return type="int" enum="OS.VideoDriver" />
			<description>
			</description>
		</method>
		<method name="get_date" qualifiers="const">
			<return type="Dictionary" />
			<argument index="0" name="utc" type="bool" default="false" />
			<description>
			</description>
		</method>
		<method name="get_datetime" qualifiers="const">
			<return type="Dictionary" />
			<argument index="0" name="utc" type="bool" default="false" />
			<description>
			</description>
		</method>
		<method name="get_datetime_from_unix_time" qualifiers="const">
			<return type="Dictionary" />
			<argument index="0" name="unix_time_val" type="int" />
			<description>
			</description>
		</method>
		<method name="get_dynamic_memory_usage" qualifiers="const">
			<return type="int" />
			<description>
			</description>
		</method>
		<method name="get_environment" qualifiers="const">
			<return type="String" />
			<argument index="0" name="variable" type="String" />
			<description>
			</description>
		</method>
		<method name="get_executable_path" qualifiers="const">
			<return type="String" />
			<description>
			</description>
		</method>
		<method name="get_granted_permissions" qualifiers="const">
			<return type="PoolStringArray" />
			<description>
			</description>
		</method>
		<method name="get_ime_selection" qualifiers="const">
			<return type="Vector2" />
			<description>
			</description>
		</method>
		<method name="get_ime_text" qualifiers="const">
			<return type="String" />
			<description>
			</description>
		</method>
		<method name="get_latin_keyboard_variant" qualifiers="const">
			<return type="String" />
			<description>
			</description>
		</method>
		<method name="get_locale" qualifiers="const">
			<return type="String" />
			<description>
			</description>
		</method>
		<method name="get_model_name" qualifiers="const">
			<return type="String" />
			<description>
			</description>
		</method>
		<method name="get_name" qualifiers="const">
			<return type="String" />
			<description>
			</description>
		</method>
		<method name="get_native_handle">
			<return type="int" />
			<argument index="0" name="handle_type" type="int" enum="OS.HandleType" />
			<description>
			</description>
		</method>
		<method name="get_power_percent_left">
			<return type="int" />
			<description>
			</description>
		</method>
		<method name="get_power_seconds_left">
			<return type="int" />
			<description>
			</description>
		</method>
		<method name="get_power_state">
			<return type="int" enum="OS.PowerState" />
			<description>
			</description>
		</method>
		<method name="get_process_id" qualifiers="const">
			<return type="int" />
			<description>
			</description>
		</method>
		<method name="get_processor_count" qualifiers="const">
			<return type="int" />
			<description>
			</description>
		</method>
		<method name="get_real_window_size" qualifiers="const">
			<return type="Vector2" />
			<description>
			</description>
		</method>
		<method name="get_scancode_string" qualifiers="const">
			<return type="String" />
			<argument index="0" name="code" type="int" />
			<description>
			</description>
		</method>
		<method name="get_screen_count" qualifiers="const">
			<return type="int" />
			<description>
			</description>
		</method>
		<method name="get_screen_dpi" qualifiers="const">
			<return type="int" />
			<argument index="0" name="screen" type="int" default="-1" />
			<description>
			</description>
		</method>
		<method name="get_screen_max_scale" qualifiers="const">
			<return type="float" />
			<description>
			</description>
		</method>
		<method name="get_screen_position" qualifiers="const">
			<return type="Vector2" />
			<argument index="0" name="screen" type="int" default="-1" />
			<description>
			</description>
		</method>
		<method name="get_screen_scale" qualifiers="const">
			<return type="float" />
			<argument index="0" name="screen" type="int" default="-1" />
			<description>
			</description>
		</method>
		<method name="get_screen_size" qualifiers="const">
			<return type="Vector2" />
			<argument index="0" name="screen" type="int" default="-1" />
			<description>
			</description>
		</method>
		<method name="get_splash_tick_msec" qualifiers="const">
			<return type="int" />
			<description>
			</description>
		</method>
		<method name="get_static_memory_peak_usage" qualifiers="const">
			<return type="int" />
			<description>
			</description>
		</method>
		<method name="get_static_memory_usage" qualifiers="const">
			<return type="int" />
			<description>
			</description>
		</method>
		<method name="get_system_dir" qualifiers="const">
			<return type="String" />
			<argument index="0" name="dir" type="int" enum="OS.SystemDir" />
			<description>
			</description>
		</method>
		<method name="get_system_time_msecs" qualifiers="const">
			<return type="int" />
			<description>
			</description>
		</method>
		<method name="get_system_time_secs" qualifiers="const">
			<return type="int" />
			<description>
			</description>
		</method>
		<method name="get_tablet_driver_count" qualifiers="const">
			<return type="int" />
			<description>
			</description>
		</method>
		<method name="get_tablet_driver_name" qualifiers="const">
			<return type="String" />
			<argument index="0" name="idx" type="int" />
			<description>
			</description>
		</method>
		<method name="get_thread_caller_id" qualifiers="const">
			<return type="int" />
			<description>
			</description>
		</method>
		<method name="get_ticks_msec" qualifiers="const">
			<return type="int" />
			<description>
			</description>
		</method>
		<method name="get_ticks_usec" qualifiers="const">
			<return type="int" />
			<description>
			</description>
		</method>
		<method name="get_time" qualifiers="const">
			<return type="Dictionary" />
			<argument index="0" name="utc" type="bool" default="false" />
			<description>
			</description>
		</method>
		<method name="get_time_zone_info" qualifiers="const">
			<return type="Dictionary" />
			<description>
			</description>
		</method>
		<method name="get_unique_id" qualifiers="const">
			<return type="String" />
			<description>
			</description>
		</method>
		<method name="get_unix_time" qualifiers="const">
			<return type="int" />
			<description>
			</description>
		</method>
		<method name="get_unix_time_from_datetime" qualifiers="const">
			<return type="int" />
			<argument index="0" name="datetime" type="Dictionary" />
			<description>
			</description>
		</method>
		<method name="get_user_data_dir" qualifiers="const">
			<return type="String" />
			<description>
			</description>
		</method>
		<method name="get_video_driver_count" qualifiers="const">
			<return type="int" />
			<description>
			</description>
		</method>
		<method name="get_video_driver_name" qualifiers="const">
			<return type="String" />
			<argument index="0" name="driver" type="int" enum="OS.VideoDriver" />
			<description>
			</description>
		</method>
		<method name="get_virtual_keyboard_height">
			<return type="int" />
			<description>
			</description>
		</method>
		<method name="get_window_safe_area" qualifiers="const">
			<return type="Rect2" />
			<description>
			</description>
		</method>
		<method name="global_menu_add_item">
			<return type="void" />
			<argument index="0" name="menu" type="String" />
			<argument index="1" name="label" type="String" />
			<argument index="2" name="id" type="Variant" />
			<argument index="3" name="meta" type="Variant" />
			<description>
			</description>
		</method>
		<method name="global_menu_add_separator">
			<return type="void" />
			<argument index="0" name="menu" type="String" />
			<description>
			</description>
		</method>
		<method name="global_menu_clear">
			<return type="void" />
			<argument index="0" name="menu" type="String" />
			<description>
			</description>
		</method>
		<method name="global_menu_remove_item">
			<return type="void" />
			<argument index="0" name="menu" type="String" />
			<argument index="1" name="idx" type="int" />
			<description>
			</description>
		</method>
		<method name="has_environment" qualifiers="const">
			<return type="bool" />
			<argument index="0" name="variable" type="String" />
			<description>
			</description>
		</method>
		<method name="has_feature" qualifiers="const">
			<return type="bool" />
			<argument index="0" name="tag_name" type="String" />
			<description>
			</description>
		</method>
		<method name="has_touchscreen_ui_hint" qualifiers="const">
			<return type="bool" />
			<description>
			</description>
		</method>
		<method name="has_virtual_keyboard" qualifiers="const">
			<return type="bool" />
			<description>
			</description>
		</method>
		<method name="hide_virtual_keyboard">
			<return type="void" />
			<description>
			</description>
		</method>
		<method name="is_debug_build" qualifiers="const">
			<return type="bool" />
			<description>
			</description>
		</method>
		<method name="is_ok_left_and_cancel_right" qualifiers="const">
			<return type="bool" />
			<description>
			</description>
		</method>
		<method name="is_scancode_unicode" qualifiers="const">
			<return type="bool" />
			<argument index="0" name="code" type="int" />
			<description>
			</description>
		</method>
		<method name="is_stdout_verbose" qualifiers="const">
			<return type="bool" />
			<description>
			</description>
		</method>
		<method name="is_userfs_persistent" qualifiers="const">
			<return type="bool" />
			<description>
			</description>
		</method>
		<method name="is_window_always_on_top" qualifiers="const">
			<return type="bool" />
			<description>
			</description>
		</method>
		<method name="is_window_focused" qualifiers="const">
			<return type="bool" />
			<description>
			</description>
		</method>
		<method name="keyboard_get_current_layout" qualifiers="const">
			<return type="int" />
			<description>
			</description>
		</method>
		<method name="keyboard_get_layout_count" qualifiers="const">
			<return type="int" />
			<description>
			</description>
		</method>
		<method name="keyboard_get_layout_language" qualifiers="const">
			<return type="String" />
			<argument index="0" name="index" type="int" />
			<description>
			</description>
		</method>
		<method name="keyboard_get_layout_name" qualifiers="const">
			<return type="String" />
			<argument index="0" name="index" type="int" />
			<description>
			</description>
		</method>
		<method name="keyboard_set_current_layout">
			<return type="void" />
			<argument index="0" name="index" type="int" />
			<description>
			</description>
		</method>
		<method name="kill">
			<return type="int" enum="Error" />
			<argument index="0" name="pid" type="int" />
			<description>
			</description>
		</method>
		<method name="move_window_to_foreground">
			<return type="void" />
			<description>
			</description>
		</method>
		<method name="native_video_is_playing">
			<return type="bool" />
			<description>
			</description>
		</method>
		<method name="native_video_pause">
			<return type="void" />
			<description>
			</description>
		</method>
		<method name="native_video_play">
			<return type="int" enum="Error" />
			<argument index="0" name="path" type="String" />
			<argument index="1" name="volume" type="float" />
			<argument index="2" name="audio_track" type="String" />
			<argument index="3" name="subtitle_track" type="String" />
			<description>
			</description>
		</method>
		<method name="native_video_stop">
			<return type="void" />
			<description>
			</description>
		</method>
		<method name="native_video_unpause">
			<return type="void" />
			<description>
			</description>
		</method>
		<method name="open_midi_inputs">
			<return type="void" />
			<description>
			</description>
		</method>
		<method name="print_all_resources">
			<return type="void" />
			<argument index="0" name="tofile" type="String" default="&quot;&quot;" />
			<description>
			</description>
		</method>
		<method name="print_all_textures_by_size">
			<return type="void" />
			<description>
			</description>
		</method>
		<method name="print_resources_by_type">
			<return type="void" />
			<argument index="0" name="types" type="PoolStringArray" />
			<description>
			</description>
		</method>
		<method name="print_resources_in_use">
			<return type="void" />
			<argument index="0" name="short" type="bool" default="false" />
			<description>
			</description>
		</method>
		<method name="request_attention">
			<return type="void" />
			<description>
			</description>
		</method>
		<method name="request_permission">
			<return type="bool" />
			<argument index="0" name="name" type="String" />
			<description>
			</description>
		</method>
		<method name="request_permissions">
			<return type="bool" />
			<description>
			</description>
		</method>
		<method name="set_environment" qualifiers="const">
			<return type="bool" />
			<argument index="0" name="variable" type="String" />
			<argument index="1" name="value" type="String" />
			<description>
			</description>
		</method>
		<method name="set_icon">
			<return type="void" />
			<argument index="0" name="icon" type="Image" />
			<description>
			</description>
		</method>
		<method name="set_ime_active">
			<return type="void" />
			<argument index="0" name="active" type="bool" />
			<description>
			</description>
		</method>
		<method name="set_ime_position">
			<return type="void" />
			<argument index="0" name="position" type="Vector2" />
			<description>
			</description>
		</method>
		<method name="set_native_icon">
			<return type="void" />
			<argument index="0" name="filename" type="String" />
			<description>
			</description>
		</method>
		<method name="set_thread_name">
			<return type="int" enum="Error" />
			<argument index="0" name="name" type="String" />
			<description>
			</description>
		</method>
		<method name="set_use_file_access_save_and_swap">
			<return type="void" />
			<argument index="0" name="enabled" type="bool" />
			<description>
			</description>
		</method>
		<method name="set_window_always_on_top">
			<return type="void" />
			<argument index="0" name="enabled" type="bool" />
			<description>
			</description>
		</method>
		<method name="set_window_mouse_passthrough">
			<return type="void" />
			<argument index="0" name="region" type="PoolVector2Array" />
			<description>
			</description>
		</method>
		<method name="set_window_title">
			<return type="void" />
			<argument index="0" name="title" type="String" />
			<description>
			</description>
		</method>
		<method name="shell_open">
			<return type="int" enum="Error" />
			<argument index="0" name="uri" type="String" />
			<description>
			</description>
		</method>
		<method name="show_virtual_keyboard">
			<return type="void" />
			<argument index="0" name="existing_text" type="String" default="&quot;&quot;" />
			<argument index="1" name="multiline" type="bool" default="false" />
			<description>
			</description>
		</method>
	</methods>
	<members>
		<member name="clipboard" type="String" setter="set_clipboard" getter="get_clipboard" default="&quot;&quot;">
		</member>
		<member name="current_screen" type="int" setter="set_current_screen" getter="get_current_screen" default="0">
		</member>
		<member name="exit_code" type="int" setter="set_exit_code" getter="get_exit_code" default="0">
		</member>
		<member name="keep_screen_on" type="bool" setter="set_keep_screen_on" getter="is_keep_screen_on" default="true">
		</member>
		<member name="low_processor_usage_mode" type="bool" setter="set_low_processor_usage_mode" getter="is_in_low_processor_usage_mode" default="false">
		</member>
		<member name="low_processor_usage_mode_sleep_usec" type="int" setter="set_low_processor_usage_mode_sleep_usec" getter="get_low_processor_usage_mode_sleep_usec" default="6900">
		</member>
		<member name="max_window_size" type="Vector2" setter="set_max_window_size" getter="get_max_window_size" default="Vector2( 0, 0 )">
		</member>
		<member name="min_window_size" type="Vector2" setter="set_min_window_size" getter="get_min_window_size" default="Vector2( 0, 0 )">
		</member>
		<member name="screen_orientation" type="int" setter="set_screen_orientation" getter="get_screen_orientation" enum="_OS.ScreenOrientation" default="0">
		</member>
		<member name="tablet_driver" type="String" setter="set_current_tablet_driver" getter="get_current_tablet_driver" default="&quot;&quot;">
		</member>
		<member name="vsync_enabled" type="bool" setter="set_use_vsync" getter="is_vsync_enabled" default="true">
		</member>
		<member name="vsync_via_compositor" type="bool" setter="set_vsync_via_compositor" getter="is_vsync_via_compositor_enabled" default="false">
		</member>
		<member name="window_borderless" type="bool" setter="set_borderless_window" getter="get_borderless_window" default="false">
		</member>
		<member name="window_fullscreen" type="bool" setter="set_window_fullscreen" getter="is_window_fullscreen" default="false">
		</member>
		<member name="window_maximized" type="bool" setter="set_window_maximized" getter="is_window_maximized" default="false">
		</member>
		<member name="window_minimized" type="bool" setter="set_window_minimized" getter="is_window_minimized" default="false">
		</member>
		<member name="window_per_pixel_transparency_enabled" type="bool" setter="set_window_per_pixel_transparency_enabled" getter="get_window_per_pixel_transparency_enabled" default="false">
		</member>
		<member name="window_position" type="Vector2" setter="set_window_position" getter="get_window_position" default="Vector2( 0, 0 )">
		</member>
		<member name="window_resizable" type="bool" setter="set_window_resizable" getter="is_window_resizable" default="true">
		</member>
		<member name="window_size" type="Vector2" setter="set_window_size" getter="get_window_size" default="Vector2( 0, 0 )">
		</member>
	</members>
	<constants>
		<constant name="VIDEO_DRIVER_GLES2" value="1" enum="VideoDriver">
		</constant>
		<constant name="VIDEO_DRIVER_GLES3" value="0" enum="VideoDriver">
		</constant>
		<constant name="DAY_SUNDAY" value="0" enum="Weekday">
		</constant>
		<constant name="DAY_MONDAY" value="1" enum="Weekday">
		</constant>
		<constant name="DAY_TUESDAY" value="2" enum="Weekday">
		</constant>
		<constant name="DAY_WEDNESDAY" value="3" enum="Weekday">
		</constant>
		<constant name="DAY_THURSDAY" value="4" enum="Weekday">
		</constant>
		<constant name="DAY_FRIDAY" value="5" enum="Weekday">
		</constant>
		<constant name="DAY_SATURDAY" value="6" enum="Weekday">
		</constant>
		<constant name="MONTH_JANUARY" value="1" enum="Month">
		</constant>
		<constant name="MONTH_FEBRUARY" value="2" enum="Month">
		</constant>
		<constant name="MONTH_MARCH" value="3" enum="Month">
		</constant>
		<constant name="MONTH_APRIL" value="4" enum="Month">
		</constant>
		<constant name="MONTH_MAY" value="5" enum="Month">
		</constant>
		<constant name="MONTH_JUNE" value="6" enum="Month">
		</constant>
		<constant name="MONTH_JULY" value="7" enum="Month">
		</constant>
		<constant name="MONTH_AUGUST" value="8" enum="Month">
		</constant>
		<constant name="MONTH_SEPTEMBER" value="9" enum="Month">
		</constant>
		<constant name="MONTH_OCTOBER" value="10" enum="Month">
		</constant>
		<constant name="MONTH_NOVEMBER" value="11" enum="Month">
		</constant>
		<constant name="MONTH_DECEMBER" value="12" enum="Month">
		</constant>
		<constant name="APPLICATION_HANDLE" value="0" enum="HandleType">
		</constant>
		<constant name="DISPLAY_HANDLE" value="1" enum="HandleType">
		</constant>
		<constant name="WINDOW_HANDLE" value="2" enum="HandleType">
		</constant>
		<constant name="WINDOW_VIEW" value="3" enum="HandleType">
		</constant>
		<constant name="OPENGL_CONTEXT" value="4" enum="HandleType">
		</constant>
		<constant name="SCREEN_ORIENTATION_LANDSCAPE" value="0" enum="ScreenOrientation">
		</constant>
		<constant name="SCREEN_ORIENTATION_PORTRAIT" value="1" enum="ScreenOrientation">
		</constant>
		<constant name="SCREEN_ORIENTATION_REVERSE_LANDSCAPE" value="2" enum="ScreenOrientation">
		</constant>
		<constant name="SCREEN_ORIENTATION_REVERSE_PORTRAIT" value="3" enum="ScreenOrientation">
		</constant>
		<constant name="SCREEN_ORIENTATION_SENSOR_LANDSCAPE" value="4" enum="ScreenOrientation">
		</constant>
		<constant name="SCREEN_ORIENTATION_SENSOR_PORTRAIT" value="5" enum="ScreenOrientation">
		</constant>
		<constant name="SCREEN_ORIENTATION_SENSOR" value="6" enum="ScreenOrientation">
		</constant>
		<constant name="SYSTEM_DIR_DESKTOP" value="0" enum="SystemDir">
		</constant>
		<constant name="SYSTEM_DIR_DCIM" value="1" enum="SystemDir">
		</constant>
		<constant name="SYSTEM_DIR_DOCUMENTS" value="2" enum="SystemDir">
		</constant>
		<constant name="SYSTEM_DIR_DOWNLOADS" value="3" enum="SystemDir">
		</constant>
		<constant name="SYSTEM_DIR_MOVIES" value="4" enum="SystemDir">
		</constant>
		<constant name="SYSTEM_DIR_MUSIC" value="5" enum="SystemDir">
		</constant>
		<constant name="SYSTEM_DIR_PICTURES" value="6" enum="SystemDir">
		</constant>
		<constant name="SYSTEM_DIR_RINGTONES" value="7" enum="SystemDir">
		</constant>
		<constant name="POWERSTATE_UNKNOWN" value="0" enum="PowerState">
		</constant>
		<constant name="POWERSTATE_ON_BATTERY" value="1" enum="PowerState">
		</constant>
		<constant name="POWERSTATE_NO_BATTERY" value="2" enum="PowerState">
		</constant>
		<constant name="POWERSTATE_CHARGING" value="3" enum="PowerState">
		</constant>
		<constant name="POWERSTATE_CHARGED" value="4" enum="PowerState">
		</constant>
	</constants>
</class>
