<?xml version="1.0" encoding="UTF-8" ?>
<class name="PacketPeerUDP" inherits="PacketPeer" version="3.3">
	<brief_description>
	</brief_description>
	<description>
	</description>
	<tutorials>
	</tutorials>
	<methods>
		<method name="close">
			<return type="void" />
			<description>
			</description>
		</method>
		<method name="connect_to_host">
			<return type="int" enum="Error" />
			<argument index="0" name="host" type="String" />
			<argument index="1" name="port" type="int" />
			<description>
			</description>
		</method>
		<method name="get_packet_ip" qualifiers="const">
			<return type="String" />
			<description>
			</description>
		</method>
		<method name="get_packet_port" qualifiers="const">
			<return type="int" />
			<description>
			</description>
		</method>
		<method name="is_connected_to_host" qualifiers="const">
			<return type="bool" />
			<description>
			</description>
		</method>
		<method name="is_listening" qualifiers="const">
			<return type="bool" />
			<description>
			</description>
		</method>
		<method name="join_multicast_group">
			<return type="int" enum="Error" />
			<argument index="0" name="multicast_address" type="String" />
			<argument index="1" name="interface_name" type="String" />
			<description>
			</description>
		</method>
		<method name="leave_multicast_group">
			<return type="int" enum="Error" />
			<argument index="0" name="multicast_address" type="String" />
			<argument index="1" name="interface_name" type="String" />
			<description>
			</description>
		</method>
		<method name="listen">
			<return type="int" enum="Error" />
			<argument index="0" name="port" type="int" />
			<argument index="1" name="bind_address" type="String" default="&quot;*&quot;" />
			<argument index="2" name="recv_buf_size" type="int" default="65536" />
			<description>
			</description>
		</method>
		<method name="set_broadcast_enabled">
			<return type="void" />
			<argument index="0" name="enabled" type="bool" />
			<description>
			</description>
		</method>
		<method name="set_dest_address">
			<return type="int" enum="Error" />
			<argument index="0" name="host" type="String" />
			<argument index="1" name="port" type="int" />
			<description>
			</description>
		</method>
		<method name="wait">
			<return type="int" enum="Error" />
			<description>
			</description>
		</method>
	</methods>
	<constants>
	</constants>
</class>
