<?xml version="1.0" encoding="UTF-8" ?>
<class name="PackedDataContainer" inherits="Resource" version="3.3">
	<brief_description>
	</brief_description>
	<description>
	</description>
	<tutorials>
	</tutorials>
	<methods>
		<method name="pack">
			<return type="int" enum="Error" />
			<argument index="0" name="value" type="Variant" />
			<description>
			</description>
		</method>
		<method name="size" qualifiers="const">
			<return type="int" />
			<description>
			</description>
		</method>
	</methods>
	<members>
		<member name="__data__" type="PoolByteArray" setter="_set_data" getter="_get_data" default="PoolByteArray(  )">
		</member>
	</members>
	<constants>
	</constants>
</class>
