<?xml version="1.0" encoding="UTF-8" ?>
<class name="PacketPeer" inherits="Reference" version="3.3">
	<brief_description>
	</brief_description>
	<description>
	</description>
	<tutorials>
	</tutorials>
	<methods>
		<method name="get_available_packet_count" qualifiers="const">
			<return type="int" />
			<description>
			</description>
		</method>
		<method name="get_packet">
			<return type="PoolByteArray" />
			<description>
			</description>
		</method>
		<method name="get_packet_error" qualifiers="const">
			<return type="int" enum="Error" />
			<description>
			</description>
		</method>
		<method name="get_var">
			<return type="Variant" />
			<argument index="0" name="allow_objects" type="bool" default="false" />
			<description>
			</description>
		</method>
		<method name="put_packet">
			<return type="int" enum="Error" />
			<argument index="0" name="buffer" type="PoolByteArray" />
			<description>
			</description>
		</method>
		<method name="put_var">
			<return type="int" enum="Error" />
			<argument index="0" name="var" type="Variant" />
			<argument index="1" name="full_objects" type="bool" default="false" />
			<description>
			</description>
		</method>
	</methods>
	<members>
		<member name="allow_object_decoding" type="bool" setter="set_allow_object_decoding" getter="is_object_decoding_allowed" default="false">
		</member>
		<member name="encode_buffer_max_size" type="int" setter="set_encode_buffer_max_size" getter="get_encode_buffer_max_size" default="8388608">
		</member>
	</members>
	<constants>
	</constants>
</class>
