<?xml version="1.0" encoding="UTF-8" ?>
<class name="ParallaxBackground" inherits="CanvasLayer" version="3.3">
	<brief_description>
	</brief_description>
	<description>
	</description>
	<tutorials>
	</tutorials>
	<methods>
	</methods>
	<members>
		<member name="layer" type="int" setter="set_layer" getter="get_layer" override="true" default="-100" />
		<member name="scroll_base_offset" type="Vector2" setter="set_scroll_base_offset" getter="get_scroll_base_offset" default="Vector2( 0, 0 )">
		</member>
		<member name="scroll_base_scale" type="Vector2" setter="set_scroll_base_scale" getter="get_scroll_base_scale" default="Vector2( 1, 1 )">
		</member>
		<member name="scroll_ignore_camera_zoom" type="bool" setter="set_ignore_camera_zoom" getter="is_ignore_camera_zoom" default="false">
		</member>
		<member name="scroll_limit_begin" type="Vector2" setter="set_limit_begin" getter="get_limit_begin" default="Vector2( 0, 0 )">
		</member>
		<member name="scroll_limit_end" type="Vector2" setter="set_limit_end" getter="get_limit_end" default="Vector2( 0, 0 )">
		</member>
		<member name="scroll_offset" type="Vector2" setter="set_scroll_offset" getter="get_scroll_offset" default="Vector2( 0, 0 )">
		</member>
	</members>
	<constants>
	</constants>
</class>
