<?xml version="1.0" encoding="UTF-8" ?>
<class name="Particles2D" inherits="Node2D" version="3.3">
	<brief_description>
	</brief_description>
	<description>
	</description>
	<tutorials>
	</tutorials>
	<methods>
		<method name="capture_rect" qualifiers="const">
			<return type="Rect2" />
			<description>
			</description>
		</method>
		<method name="restart">
			<return type="void" />
			<description>
			</description>
		</method>
	</methods>
	<members>
		<member name="amount" type="int" setter="set_amount" getter="get_amount" default="8">
		</member>
		<member name="draw_order" type="int" setter="set_draw_order" getter="get_draw_order" enum="Particles2D.DrawOrder" default="0">
		</member>
		<member name="emitting" type="bool" setter="set_emitting" getter="is_emitting" default="true">
		</member>
		<member name="explosiveness" type="float" setter="set_explosiveness_ratio" getter="get_explosiveness_ratio" default="0.0">
		</member>
		<member name="fixed_fps" type="int" setter="set_fixed_fps" getter="get_fixed_fps" default="0">
		</member>
		<member name="fract_delta" type="bool" setter="set_fractional_delta" getter="get_fractional_delta" default="true">
		</member>
		<member name="lifetime" type="float" setter="set_lifetime" getter="get_lifetime" default="1.0">
		</member>
		<member name="local_coords" type="bool" setter="set_use_local_coordinates" getter="get_use_local_coordinates" default="true">
		</member>
		<member name="normal_map" type="Texture" setter="set_normal_map" getter="get_normal_map">
		</member>
		<member name="one_shot" type="bool" setter="set_one_shot" getter="get_one_shot" default="false">
		</member>
		<member name="preprocess" type="float" setter="set_pre_process_time" getter="get_pre_process_time" default="0.0">
		</member>
		<member name="process_material" type="Material" setter="set_process_material" getter="get_process_material">
		</member>
		<member name="randomness" type="float" setter="set_randomness_ratio" getter="get_randomness_ratio" default="0.0">
		</member>
		<member name="speed_scale" type="float" setter="set_speed_scale" getter="get_speed_scale" default="1.0">
		</member>
		<member name="texture" type="Texture" setter="set_texture" getter="get_texture">
		</member>
		<member name="visibility_rect" type="Rect2" setter="set_visibility_rect" getter="get_visibility_rect" default="Rect2( -100, -100, 200, 200 )">
		</member>
	</members>
	<constants>
		<constant name="DRAW_ORDER_INDEX" value="0" enum="DrawOrder">
		</constant>
		<constant name="DRAW_ORDER_LIFETIME" value="1" enum="DrawOrder">
		</constant>
	</constants>
</class>
