<?xml version="1.0" encoding="UTF-8" ?>
<class name="PathFollow" inherits="Spatial" version="3.3">
	<brief_description>
	</brief_description>
	<description>
	</description>
	<tutorials>
	</tutorials>
	<methods>
	</methods>
	<members>
		<member name="cubic_interp" type="bool" setter="set_cubic_interpolation" getter="get_cubic_interpolation" default="true">
		</member>
		<member name="h_offset" type="float" setter="set_h_offset" getter="get_h_offset" default="0.0">
		</member>
		<member name="loop" type="bool" setter="set_loop" getter="has_loop" default="true">
		</member>
		<member name="offset" type="float" setter="set_offset" getter="get_offset" default="0.0">
		</member>
		<member name="rotation_mode" type="int" setter="set_rotation_mode" getter="get_rotation_mode" enum="PathFollow.RotationMode" default="3">
		</member>
		<member name="unit_offset" type="float" setter="set_unit_offset" getter="get_unit_offset" default="0.0">
		</member>
		<member name="v_offset" type="float" setter="set_v_offset" getter="get_v_offset" default="0.0">
		</member>
	</members>
	<constants>
		<constant name="ROTATION_NONE" value="0" enum="RotationMode">
		</constant>
		<constant name="ROTATION_Y" value="1" enum="RotationMode">
		</constant>
		<constant name="ROTATION_XY" value="2" enum="RotationMode">
		</constant>
		<constant name="ROTATION_XYZ" value="3" enum="RotationMode">
		</constant>
		<constant name="ROTATION_ORIENTED" value="4" enum="RotationMode">
		</constant>
	</constants>
</class>
