<?xml version="1.0" encoding="UTF-8" ?>
<class name="Physics2DDirectBodyState" inherits="Object" version="3.3">
	<brief_description>
	</brief_description>
	<description>
	</description>
	<tutorials>
	</tutorials>
	<methods>
		<method name="add_central_force">
			<return type="void" />
			<argument index="0" name="force" type="Vector2" />
			<description>
			</description>
		</method>
		<method name="add_force">
			<return type="void" />
			<argument index="0" name="offset" type="Vector2" />
			<argument index="1" name="force" type="Vector2" />
			<description>
			</description>
		</method>
		<method name="add_torque">
			<return type="void" />
			<argument index="0" name="torque" type="float" />
			<description>
			</description>
		</method>
		<method name="apply_central_impulse">
			<return type="void" />
			<argument index="0" name="impulse" type="Vector2" />
			<description>
			</description>
		</method>
		<method name="apply_impulse">
			<return type="void" />
			<argument index="0" name="offset" type="Vector2" />
			<argument index="1" name="impulse" type="Vector2" />
			<description>
			</description>
		</method>
		<method name="apply_torque_impulse">
			<return type="void" />
			<argument index="0" name="impulse" type="float" />
			<description>
			</description>
		</method>
		<method name="get_contact_collider" qualifiers="const">
			<return type="RID" />
			<argument index="0" name="contact_idx" type="int" />
			<description>
			</description>
		</method>
		<method name="get_contact_collider_id" qualifiers="const">
			<return type="int" />
			<argument index="0" name="contact_idx" type="int" />
			<description>
			</description>
		</method>
		<method name="get_contact_collider_object" qualifiers="const">
			<return type="Object" />
			<argument index="0" name="contact_idx" type="int" />
			<description>
			</description>
		</method>
		<method name="get_contact_collider_position" qualifiers="const">
			<return type="Vector2" />
			<argument index="0" name="contact_idx" type="int" />
			<description>
			</description>
		</method>
		<method name="get_contact_collider_shape" qualifiers="const">
			<return type="int" />
			<argument index="0" name="contact_idx" type="int" />
			<description>
			</description>
		</method>
		<method name="get_contact_collider_shape_metadata" qualifiers="const">
			<return type="Variant" />
			<argument index="0" name="contact_idx" type="int" />
			<description>
			</description>
		</method>
		<method name="get_contact_collider_velocity_at_position" qualifiers="const">
			<return type="Vector2" />
			<argument index="0" name="contact_idx" type="int" />
			<description>
			</description>
		</method>
		<method name="get_contact_count" qualifiers="const">
			<return type="int" />
			<description>
			</description>
		</method>
		<method name="get_contact_local_normal" qualifiers="const">
			<return type="Vector2" />
			<argument index="0" name="contact_idx" type="int" />
			<description>
			</description>
		</method>
		<method name="get_contact_local_position" qualifiers="const">
			<return type="Vector2" />
			<argument index="0" name="contact_idx" type="int" />
			<description>
			</description>
		</method>
		<method name="get_contact_local_shape" qualifiers="const">
			<return type="int" />
			<argument index="0" name="contact_idx" type="int" />
			<description>
			</description>
		</method>
		<method name="get_space_state">
			<return type="Physics2DDirectSpaceState" />
			<description>
			</description>
		</method>
		<method name="integrate_forces">
			<return type="void" />
			<description>
			</description>
		</method>
	</methods>
	<members>
		<member name="angular_velocity" type="float" setter="set_angular_velocity" getter="get_angular_velocity">
		</member>
		<member name="inverse_inertia" type="float" setter="" getter="get_inverse_inertia">
		</member>
		<member name="inverse_mass" type="float" setter="" getter="get_inverse_mass">
		</member>
		<member name="linear_velocity" type="Vector2" setter="set_linear_velocity" getter="get_linear_velocity">
		</member>
		<member name="sleeping" type="bool" setter="set_sleep_state" getter="is_sleeping">
		</member>
		<member name="step" type="float" setter="" getter="get_step">
		</member>
		<member name="total_angular_damp" type="float" setter="" getter="get_total_angular_damp">
		</member>
		<member name="total_gravity" type="Vector2" setter="" getter="get_total_gravity">
		</member>
		<member name="total_linear_damp" type="float" setter="" getter="get_total_linear_damp">
		</member>
		<member name="transform" type="Transform2D" setter="set_transform" getter="get_transform">
		</member>
	</members>
	<constants>
	</constants>
</class>
