<?xml version="1.0" encoding="UTF-8" ?>
<class name="PhysicsDirectSpaceState" inherits="Object" version="3.3">
	<brief_description>
	</brief_description>
	<description>
	</description>
	<tutorials>
	</tutorials>
	<methods>
		<method name="cast_motion">
			<return type="Array" />
			<argument index="0" name="shape" type="PhysicsShapeQueryParameters" />
			<argument index="1" name="motion" type="Vector3" />
			<description>
			</description>
		</method>
		<method name="collide_shape">
			<return type="Array" />
			<argument index="0" name="shape" type="PhysicsShapeQueryParameters" />
			<argument index="1" name="max_results" type="int" default="32" />
			<description>
			</description>
		</method>
		<method name="get_rest_info">
			<return type="Dictionary" />
			<argument index="0" name="shape" type="PhysicsShapeQueryParameters" />
			<description>
			</description>
		</method>
		<method name="intersect_ray">
			<return type="Dictionary" />
			<argument index="0" name="from" type="Vector3" />
			<argument index="1" name="to" type="Vector3" />
			<argument index="2" name="exclude" type="Array" default="[  ]" />
			<argument index="3" name="collision_mask" type="int" default="2147483647" />
			<argument index="4" name="collide_with_bodies" type="bool" default="true" />
			<argument index="5" name="collide_with_areas" type="bool" default="false" />
			<description>
			</description>
		</method>
		<method name="intersect_shape">
			<return type="Array" />
			<argument index="0" name="shape" type="PhysicsShapeQueryParameters" />
			<argument index="1" name="max_results" type="int" default="32" />
			<description>
			</description>
		</method>
	</methods>
	<constants>
	</constants>
</class>
