<?xml version="1.0" encoding="UTF-8" ?>
<class name="Physics2DServer" inherits="Object" version="3.3">
	<brief_description>
	</brief_description>
	<description>
	</description>
	<tutorials>
	</tutorials>
	<methods>
		<method name="area_add_shape">
			<return type="void" />
			<argument index="0" name="area" type="RID" />
			<argument index="1" name="shape" type="RID" />
			<argument index="2" name="transform" type="Transform2D" default="Transform2D( 1, 0, 0, 1, 0, 0 )" />
			<argument index="3" name="disabled" type="bool" default="false" />
			<description>
			</description>
		</method>
		<method name="area_attach_canvas_instance_id">
			<return type="void" />
			<argument index="0" name="area" type="RID" />
			<argument index="1" name="id" type="int" />
			<description>
			</description>
		</method>
		<method name="area_attach_object_instance_id">
			<return type="void" />
			<argument index="0" name="area" type="RID" />
			<argument index="1" name="id" type="int" />
			<description>
			</description>
		</method>
		<method name="area_clear_shapes">
			<return type="void" />
			<argument index="0" name="area" type="RID" />
			<description>
			</description>
		</method>
		<method name="area_create">
			<return type="RID" />
			<description>
			</description>
		</method>
		<method name="area_get_canvas_instance_id" qualifiers="const">
			<return type="int" />
			<argument index="0" name="area" type="RID" />
			<description>
			</description>
		</method>
		<method name="area_get_object_instance_id" qualifiers="const">
			<return type="int" />
			<argument index="0" name="area" type="RID" />
			<description>
			</description>
		</method>
		<method name="area_get_param" qualifiers="const">
			<return type="Variant" />
			<argument index="0" name="area" type="RID" />
			<argument index="1" name="param" type="int" enum="Physics2DServer.AreaParameter" />
			<description>
			</description>
		</method>
		<method name="area_get_shape" qualifiers="const">
			<return type="RID" />
			<argument index="0" name="area" type="RID" />
			<argument index="1" name="shape_idx" type="int" />
			<description>
			</description>
		</method>
		<method name="area_get_shape_count" qualifiers="const">
			<return type="int" />
			<argument index="0" name="area" type="RID" />
			<description>
			</description>
		</method>
		<method name="area_get_shape_transform" qualifiers="const">
			<return type="Transform2D" />
			<argument index="0" name="area" type="RID" />
			<argument index="1" name="shape_idx" type="int" />
			<description>
			</description>
		</method>
		<method name="area_get_space" qualifiers="const">
			<return type="RID" />
			<argument index="0" name="area" type="RID" />
			<description>
			</description>
		</method>
		<method name="area_get_space_override_mode" qualifiers="const">
			<return type="int" enum="Physics2DServer.AreaSpaceOverrideMode" />
			<argument index="0" name="area" type="RID" />
			<description>
			</description>
		</method>
		<method name="area_get_transform" qualifiers="const">
			<return type="Transform2D" />
			<argument index="0" name="area" type="RID" />
			<description>
			</description>
		</method>
		<method name="area_remove_shape">
			<return type="void" />
			<argument index="0" name="area" type="RID" />
			<argument index="1" name="shape_idx" type="int" />
			<description>
			</description>
		</method>
		<method name="area_set_area_monitor_callback">
			<return type="void" />
			<argument index="0" name="area" type="RID" />
			<argument index="1" name="receiver" type="Object" />
			<argument index="2" name="method" type="String" />
			<description>
			</description>
		</method>
		<method name="area_set_collision_layer">
			<return type="void" />
			<argument index="0" name="area" type="RID" />
			<argument index="1" name="layer" type="int" />
			<description>
			</description>
		</method>
		<method name="area_set_collision_mask">
			<return type="void" />
			<argument index="0" name="area" type="RID" />
			<argument index="1" name="mask" type="int" />
			<description>
			</description>
		</method>
		<method name="area_set_monitor_callback">
			<return type="void" />
			<argument index="0" name="area" type="RID" />
			<argument index="1" name="receiver" type="Object" />
			<argument index="2" name="method" type="String" />
			<description>
			</description>
		</method>
		<method name="area_set_monitorable">
			<return type="void" />
			<argument index="0" name="area" type="RID" />
			<argument index="1" name="monitorable" type="bool" />
			<description>
			</description>
		</method>
		<method name="area_set_param">
			<return type="void" />
			<argument index="0" name="area" type="RID" />
			<argument index="1" name="param" type="int" enum="Physics2DServer.AreaParameter" />
			<argument index="2" name="value" type="Variant" />
			<description>
			</description>
		</method>
		<method name="area_set_shape">
			<return type="void" />
			<argument index="0" name="area" type="RID" />
			<argument index="1" name="shape_idx" type="int" />
			<argument index="2" name="shape" type="RID" />
			<description>
			</description>
		</method>
		<method name="area_set_shape_disabled">
			<return type="void" />
			<argument index="0" name="area" type="RID" />
			<argument index="1" name="shape_idx" type="int" />
			<argument index="2" name="disabled" type="bool" />
			<description>
			</description>
		</method>
		<method name="area_set_shape_transform">
			<return type="void" />
			<argument index="0" name="area" type="RID" />
			<argument index="1" name="shape_idx" type="int" />
			<argument index="2" name="transform" type="Transform2D" />
			<description>
			</description>
		</method>
		<method name="area_set_space">
			<return type="void" />
			<argument index="0" name="area" type="RID" />
			<argument index="1" name="space" type="RID" />
			<description>
			</description>
		</method>
		<method name="area_set_space_override_mode">
			<return type="void" />
			<argument index="0" name="area" type="RID" />
			<argument index="1" name="mode" type="int" enum="Physics2DServer.AreaSpaceOverrideMode" />
			<description>
			</description>
		</method>
		<method name="area_set_transform">
			<return type="void" />
			<argument index="0" name="area" type="RID" />
			<argument index="1" name="transform" type="Transform2D" />
			<description>
			</description>
		</method>
		<method name="body_add_central_force">
			<return type="void" />
			<argument index="0" name="body" type="RID" />
			<argument index="1" name="force" type="Vector2" />
			<description>
			</description>
		</method>
		<method name="body_add_collision_exception">
			<return type="void" />
			<argument index="0" name="body" type="RID" />
			<argument index="1" name="excepted_body" type="RID" />
			<description>
			</description>
		</method>
		<method name="body_add_force">
			<return type="void" />
			<argument index="0" name="body" type="RID" />
			<argument index="1" name="offset" type="Vector2" />
			<argument index="2" name="force" type="Vector2" />
			<description>
			</description>
		</method>
		<method name="body_add_shape">
			<return type="void" />
			<argument index="0" name="body" type="RID" />
			<argument index="1" name="shape" type="RID" />
			<argument index="2" name="transform" type="Transform2D" default="Transform2D( 1, 0, 0, 1, 0, 0 )" />
			<argument index="3" name="disabled" type="bool" default="false" />
			<description>
			</description>
		</method>
		<method name="body_add_torque">
			<return type="void" />
			<argument index="0" name="body" type="RID" />
			<argument index="1" name="torque" type="float" />
			<description>
			</description>
		</method>
		<method name="body_apply_central_impulse">
			<return type="void" />
			<argument index="0" name="body" type="RID" />
			<argument index="1" name="impulse" type="Vector2" />
			<description>
			</description>
		</method>
		<method name="body_apply_impulse">
			<return type="void" />
			<argument index="0" name="body" type="RID" />
			<argument index="1" name="position" type="Vector2" />
			<argument index="2" name="impulse" type="Vector2" />
			<description>
			</description>
		</method>
		<method name="body_apply_torque_impulse">
			<return type="void" />
			<argument index="0" name="body" type="RID" />
			<argument index="1" name="impulse" type="float" />
			<description>
			</description>
		</method>
		<method name="body_attach_canvas_instance_id">
			<return type="void" />
			<argument index="0" name="body" type="RID" />
			<argument index="1" name="id" type="int" />
			<description>
			</description>
		</method>
		<method name="body_attach_object_instance_id">
			<return type="void" />
			<argument index="0" name="body" type="RID" />
			<argument index="1" name="id" type="int" />
			<description>
			</description>
		</method>
		<method name="body_clear_shapes">
			<return type="void" />
			<argument index="0" name="body" type="RID" />
			<description>
			</description>
		</method>
		<method name="body_create">
			<return type="RID" />
			<description>
			</description>
		</method>
		<method name="body_get_canvas_instance_id" qualifiers="const">
			<return type="int" />
			<argument index="0" name="body" type="RID" />
			<description>
			</description>
		</method>
		<method name="body_get_collision_layer" qualifiers="const">
			<return type="int" />
			<argument index="0" name="body" type="RID" />
			<description>
			</description>
		</method>
		<method name="body_get_collision_mask" qualifiers="const">
			<return type="int" />
			<argument index="0" name="body" type="RID" />
			<description>
			</description>
		</method>
		<method name="body_get_continuous_collision_detection_mode" qualifiers="const">
			<return type="int" enum="Physics2DServer.CCDMode" />
			<argument index="0" name="body" type="RID" />
			<description>
			</description>
		</method>
		<method name="body_get_direct_state">
			<return type="Physics2DDirectBodyState" />
			<argument index="0" name="body" type="RID" />
			<description>
			</description>
		</method>
		<method name="body_get_max_contacts_reported" qualifiers="const">
			<return type="int" />
			<argument index="0" name="body" type="RID" />
			<description>
			</description>
		</method>
		<method name="body_get_mode" qualifiers="const">
			<return type="int" enum="Physics2DServer.BodyMode" />
			<argument index="0" name="body" type="RID" />
			<description>
			</description>
		</method>
		<method name="body_get_object_instance_id" qualifiers="const">
			<return type="int" />
			<argument index="0" name="body" type="RID" />
			<description>
			</description>
		</method>
		<method name="body_get_param" qualifiers="const">
			<return type="float" />
			<argument index="0" name="body" type="RID" />
			<argument index="1" name="param" type="int" enum="Physics2DServer.BodyParameter" />
			<description>
			</description>
		</method>
		<method name="body_get_shape" qualifiers="const">
			<return type="RID" />
			<argument index="0" name="body" type="RID" />
			<argument index="1" name="shape_idx" type="int" />
			<description>
			</description>
		</method>
		<method name="body_get_shape_count" qualifiers="const">
			<return type="int" />
			<argument index="0" name="body" type="RID" />
			<description>
			</description>
		</method>
		<method name="body_get_shape_metadata" qualifiers="const">
			<return type="Variant" />
			<argument index="0" name="body" type="RID" />
			<argument index="1" name="shape_idx" type="int" />
			<description>
			</description>
		</method>
		<method name="body_get_shape_transform" qualifiers="const">
			<return type="Transform2D" />
			<argument index="0" name="body" type="RID" />
			<argument index="1" name="shape_idx" type="int" />
			<description>
			</description>
		</method>
		<method name="body_get_space" qualifiers="const">
			<return type="RID" />
			<argument index="0" name="body" type="RID" />
			<description>
			</description>
		</method>
		<method name="body_get_state" qualifiers="const">
			<return type="Variant" />
			<argument index="0" name="body" type="RID" />
			<argument index="1" name="state" type="int" enum="Physics2DServer.BodyState" />
			<description>
			</description>
		</method>
		<method name="body_is_omitting_force_integration" qualifiers="const">
			<return type="bool" />
			<argument index="0" name="body" type="RID" />
			<description>
			</description>
		</method>
		<method name="body_remove_collision_exception">
			<return type="void" />
			<argument index="0" name="body" type="RID" />
			<argument index="1" name="excepted_body" type="RID" />
			<description>
			</description>
		</method>
		<method name="body_remove_shape">
			<return type="void" />
			<argument index="0" name="body" type="RID" />
			<argument index="1" name="shape_idx" type="int" />
			<description>
			</description>
		</method>
		<method name="body_set_axis_velocity">
			<return type="void" />
			<argument index="0" name="body" type="RID" />
			<argument index="1" name="axis_velocity" type="Vector2" />
			<description>
			</description>
		</method>
		<method name="body_set_collision_layer">
			<return type="void" />
			<argument index="0" name="body" type="RID" />
			<argument index="1" name="layer" type="int" />
			<description>
			</description>
		</method>
		<method name="body_set_collision_mask">
			<return type="void" />
			<argument index="0" name="body" type="RID" />
			<argument index="1" name="mask" type="int" />
			<description>
			</description>
		</method>
		<method name="body_set_continuous_collision_detection_mode">
			<return type="void" />
			<argument index="0" name="body" type="RID" />
			<argument index="1" name="mode" type="int" enum="Physics2DServer.CCDMode" />
			<description>
			</description>
		</method>
		<method name="body_set_force_integration_callback">
			<return type="void" />
			<argument index="0" name="body" type="RID" />
			<argument index="1" name="receiver" type="Object" />
			<argument index="2" name="method" type="String" />
			<argument index="3" name="userdata" type="Variant" default="null" />
			<description>
			</description>
		</method>
		<method name="body_set_max_contacts_reported">
			<return type="void" />
			<argument index="0" name="body" type="RID" />
			<argument index="1" name="amount" type="int" />
			<description>
			</description>
		</method>
		<method name="body_set_mode">
			<return type="void" />
			<argument index="0" name="body" type="RID" />
			<argument index="1" name="mode" type="int" enum="Physics2DServer.BodyMode" />
			<description>
			</description>
		</method>
		<method name="body_set_omit_force_integration">
			<return type="void" />
			<argument index="0" name="body" type="RID" />
			<argument index="1" name="enable" type="bool" />
			<description>
			</description>
		</method>
		<method name="body_set_param">
			<return type="void" />
			<argument index="0" name="body" type="RID" />
			<argument index="1" name="param" type="int" enum="Physics2DServer.BodyParameter" />
			<argument index="2" name="value" type="float" />
			<description>
			</description>
		</method>
		<method name="body_set_shape">
			<return type="void" />
			<argument index="0" name="body" type="RID" />
			<argument index="1" name="shape_idx" type="int" />
			<argument index="2" name="shape" type="RID" />
			<description>
			</description>
		</method>
		<method name="body_set_shape_as_one_way_collision">
			<return type="void" />
			<argument index="0" name="body" type="RID" />
			<argument index="1" name="shape_idx" type="int" />
			<argument index="2" name="enable" type="bool" />
			<argument index="3" name="margin" type="float" />
			<description>
			</description>
		</method>
		<method name="body_set_shape_disabled">
			<return type="void" />
			<argument index="0" name="body" type="RID" />
			<argument index="1" name="shape_idx" type="int" />
			<argument index="2" name="disabled" type="bool" />
			<description>
			</description>
		</method>
		<method name="body_set_shape_metadata">
			<return type="void" />
			<argument index="0" name="body" type="RID" />
			<argument index="1" name="shape_idx" type="int" />
			<argument index="2" name="metadata" type="Variant" />
			<description>
			</description>
		</method>
		<method name="body_set_shape_transform">
			<return type="void" />
			<argument index="0" name="body" type="RID" />
			<argument index="1" name="shape_idx" type="int" />
			<argument index="2" name="transform" type="Transform2D" />
			<description>
			</description>
		</method>
		<method name="body_set_space">
			<return type="void" />
			<argument index="0" name="body" type="RID" />
			<argument index="1" name="space" type="RID" />
			<description>
			</description>
		</method>
		<method name="body_set_state">
			<return type="void" />
			<argument index="0" name="body" type="RID" />
			<argument index="1" name="state" type="int" enum="Physics2DServer.BodyState" />
			<argument index="2" name="value" type="Variant" />
			<description>
			</description>
		</method>
		<method name="body_test_motion">
			<return type="bool" />
			<argument index="0" name="body" type="RID" />
			<argument index="1" name="from" type="Transform2D" />
			<argument index="2" name="motion" type="Vector2" />
			<argument index="3" name="infinite_inertia" type="bool" />
			<argument index="4" name="margin" type="float" default="0.08" />
			<argument index="5" name="result" type="Physics2DTestMotionResult" default="null" />
			<description>
			</description>
		</method>
		<method name="capsule_shape_create">
			<return type="RID" />
			<description>
			</description>
		</method>
		<method name="circle_shape_create">
			<return type="RID" />
			<description>
			</description>
		</method>
		<method name="concave_polygon_shape_create">
			<return type="RID" />
			<description>
			</description>
		</method>
		<method name="convex_polygon_shape_create">
			<return type="RID" />
			<description>
			</description>
		</method>
		<method name="damped_spring_joint_create">
			<return type="RID" />
			<argument index="0" name="anchor_a" type="Vector2" />
			<argument index="1" name="anchor_b" type="Vector2" />
			<argument index="2" name="body_a" type="RID" />
			<argument index="3" name="body_b" type="RID" />
			<description>
			</description>
		</method>
		<method name="damped_string_joint_get_param" qualifiers="const">
			<return type="float" />
			<argument index="0" name="joint" type="RID" />
			<argument index="1" name="param" type="int" enum="Physics2DServer.DampedStringParam" />
			<description>
			</description>
		</method>
		<method name="damped_string_joint_set_param">
			<return type="void" />
			<argument index="0" name="joint" type="RID" />
			<argument index="1" name="param" type="int" enum="Physics2DServer.DampedStringParam" />
			<argument index="2" name="value" type="float" />
			<description>
			</description>
		</method>
		<method name="free_rid">
			<return type="void" />
			<argument index="0" name="rid" type="RID" />
			<description>
			</description>
		</method>
		<method name="get_process_info">
			<return type="int" />
			<argument index="0" name="process_info" type="int" enum="Physics2DServer.ProcessInfo" />
			<description>
			</description>
		</method>
		<method name="groove_joint_create">
			<return type="RID" />
			<argument index="0" name="groove1_a" type="Vector2" />
			<argument index="1" name="groove2_a" type="Vector2" />
			<argument index="2" name="anchor_b" type="Vector2" />
			<argument index="3" name="body_a" type="RID" />
			<argument index="4" name="body_b" type="RID" />
			<description>
			</description>
		</method>
		<method name="joint_get_param" qualifiers="const">
			<return type="float" />
			<argument index="0" name="joint" type="RID" />
			<argument index="1" name="param" type="int" enum="Physics2DServer.JointParam" />
			<description>
			</description>
		</method>
		<method name="joint_get_type" qualifiers="const">
			<return type="int" enum="Physics2DServer.JointType" />
			<argument index="0" name="joint" type="RID" />
			<description>
			</description>
		</method>
		<method name="joint_set_param">
			<return type="void" />
			<argument index="0" name="joint" type="RID" />
			<argument index="1" name="param" type="int" enum="Physics2DServer.JointParam" />
			<argument index="2" name="value" type="float" />
			<description>
			</description>
		</method>
		<method name="line_shape_create">
			<return type="RID" />
			<description>
			</description>
		</method>
		<method name="pin_joint_create">
			<return type="RID" />
			<argument index="0" name="anchor" type="Vector2" />
			<argument index="1" name="body_a" type="RID" />
			<argument index="2" name="body_b" type="RID" />
			<description>
			</description>
		</method>
		<method name="ray_shape_create">
			<return type="RID" />
			<description>
			</description>
		</method>
		<method name="rectangle_shape_create">
			<return type="RID" />
			<description>
			</description>
		</method>
		<method name="segment_shape_create">
			<return type="RID" />
			<description>
			</description>
		</method>
		<method name="set_active">
			<return type="void" />
			<argument index="0" name="active" type="bool" />
			<description>
			</description>
		</method>
		<method name="shape_get_data" qualifiers="const">
			<return type="Variant" />
			<argument index="0" name="shape" type="RID" />
			<description>
			</description>
		</method>
		<method name="shape_get_type" qualifiers="const">
			<return type="int" enum="Physics2DServer.ShapeType" />
			<argument index="0" name="shape" type="RID" />
			<description>
			</description>
		</method>
		<method name="shape_set_data">
			<return type="void" />
			<argument index="0" name="shape" type="RID" />
			<argument index="1" name="data" type="Variant" />
			<description>
			</description>
		</method>
		<method name="space_create">
			<return type="RID" />
			<description>
			</description>
		</method>
		<method name="space_get_direct_state">
			<return type="Physics2DDirectSpaceState" />
			<argument index="0" name="space" type="RID" />
			<description>
			</description>
		</method>
		<method name="space_get_param" qualifiers="const">
			<return type="float" />
			<argument index="0" name="space" type="RID" />
			<argument index="1" name="param" type="int" enum="Physics2DServer.SpaceParameter" />
			<description>
			</description>
		</method>
		<method name="space_is_active" qualifiers="const">
			<return type="bool" />
			<argument index="0" name="space" type="RID" />
			<description>
			</description>
		</method>
		<method name="space_set_active">
			<return type="void" />
			<argument index="0" name="space" type="RID" />
			<argument index="1" name="active" type="bool" />
			<description>
			</description>
		</method>
		<method name="space_set_param">
			<return type="void" />
			<argument index="0" name="space" type="RID" />
			<argument index="1" name="param" type="int" enum="Physics2DServer.SpaceParameter" />
			<argument index="2" name="value" type="float" />
			<description>
			</description>
		</method>
	</methods>
	<constants>
		<constant name="SPACE_PARAM_CONTACT_RECYCLE_RADIUS" value="0" enum="SpaceParameter">
		</constant>
		<constant name="SPACE_PARAM_CONTACT_MAX_SEPARATION" value="1" enum="SpaceParameter">
		</constant>
		<constant name="SPACE_PARAM_BODY_MAX_ALLOWED_PENETRATION" value="2" enum="SpaceParameter">
		</constant>
		<constant name="SPACE_PARAM_BODY_LINEAR_VELOCITY_SLEEP_THRESHOLD" value="3" enum="SpaceParameter">
		</constant>
		<constant name="SPACE_PARAM_BODY_ANGULAR_VELOCITY_SLEEP_THRESHOLD" value="4" enum="SpaceParameter">
		</constant>
		<constant name="SPACE_PARAM_BODY_TIME_TO_SLEEP" value="5" enum="SpaceParameter">
		</constant>
		<constant name="SPACE_PARAM_CONSTRAINT_DEFAULT_BIAS" value="6" enum="SpaceParameter">
		</constant>
		<constant name="SPACE_PARAM_TEST_MOTION_MIN_CONTACT_DEPTH" value="7" enum="SpaceParameter">
		</constant>
		<constant name="SHAPE_LINE" value="0" enum="ShapeType">
		</constant>
		<constant name="SHAPE_RAY" value="1" enum="ShapeType">
		</constant>
		<constant name="SHAPE_SEGMENT" value="2" enum="ShapeType">
		</constant>
		<constant name="SHAPE_CIRCLE" value="3" enum="ShapeType">
		</constant>
		<constant name="SHAPE_RECTANGLE" value="4" enum="ShapeType">
		</constant>
		<constant name="SHAPE_CAPSULE" value="5" enum="ShapeType">
		</constant>
		<constant name="SHAPE_CONVEX_POLYGON" value="6" enum="ShapeType">
		</constant>
		<constant name="SHAPE_CONCAVE_POLYGON" value="7" enum="ShapeType">
		</constant>
		<constant name="SHAPE_CUSTOM" value="8" enum="ShapeType">
		</constant>
		<constant name="AREA_PARAM_GRAVITY" value="0" enum="AreaParameter">
		</constant>
		<constant name="AREA_PARAM_GRAVITY_VECTOR" value="1" enum="AreaParameter">
		</constant>
		<constant name="AREA_PARAM_GRAVITY_IS_POINT" value="2" enum="AreaParameter">
		</constant>
		<constant name="AREA_PARAM_GRAVITY_DISTANCE_SCALE" value="3" enum="AreaParameter">
		</constant>
		<constant name="AREA_PARAM_GRAVITY_POINT_ATTENUATION" value="4" enum="AreaParameter">
		</constant>
		<constant name="AREA_PARAM_LINEAR_DAMP" value="5" enum="AreaParameter">
		</constant>
		<constant name="AREA_PARAM_ANGULAR_DAMP" value="6" enum="AreaParameter">
		</constant>
		<constant name="AREA_PARAM_PRIORITY" value="7" enum="AreaParameter">
		</constant>
		<constant name="AREA_SPACE_OVERRIDE_DISABLED" value="0" enum="AreaSpaceOverrideMode">
		</constant>
		<constant name="AREA_SPACE_OVERRIDE_COMBINE" value="1" enum="AreaSpaceOverrideMode">
		</constant>
		<constant name="AREA_SPACE_OVERRIDE_COMBINE_REPLACE" value="2" enum="AreaSpaceOverrideMode">
		</constant>
		<constant name="AREA_SPACE_OVERRIDE_REPLACE" value="3" enum="AreaSpaceOverrideMode">
		</constant>
		<constant name="AREA_SPACE_OVERRIDE_REPLACE_COMBINE" value="4" enum="AreaSpaceOverrideMode">
		</constant>
		<constant name="BODY_MODE_STATIC" value="0" enum="BodyMode">
		</constant>
		<constant name="BODY_MODE_KINEMATIC" value="1" enum="BodyMode">
		</constant>
		<constant name="BODY_MODE_RIGID" value="2" enum="BodyMode">
		</constant>
		<constant name="BODY_MODE_CHARACTER" value="3" enum="BodyMode">
		</constant>
		<constant name="BODY_PARAM_BOUNCE" value="0" enum="BodyParameter">
		</constant>
		<constant name="BODY_PARAM_FRICTION" value="1" enum="BodyParameter">
		</constant>
		<constant name="BODY_PARAM_MASS" value="2" enum="BodyParameter">
		</constant>
		<constant name="BODY_PARAM_INERTIA" value="3" enum="BodyParameter">
		</constant>
		<constant name="BODY_PARAM_GRAVITY_SCALE" value="4" enum="BodyParameter">
		</constant>
		<constant name="BODY_PARAM_LINEAR_DAMP" value="5" enum="BodyParameter">
		</constant>
		<constant name="BODY_PARAM_ANGULAR_DAMP" value="6" enum="BodyParameter">
		</constant>
		<constant name="BODY_PARAM_MAX" value="7" enum="BodyParameter">
		</constant>
		<constant name="BODY_STATE_TRANSFORM" value="0" enum="BodyState">
		</constant>
		<constant name="BODY_STATE_LINEAR_VELOCITY" value="1" enum="BodyState">
		</constant>
		<constant name="BODY_STATE_ANGULAR_VELOCITY" value="2" enum="BodyState">
		</constant>
		<constant name="BODY_STATE_SLEEPING" value="3" enum="BodyState">
		</constant>
		<constant name="BODY_STATE_CAN_SLEEP" value="4" enum="BodyState">
		</constant>
		<constant name="JOINT_PIN" value="0" enum="JointType">
		</constant>
		<constant name="JOINT_GROOVE" value="1" enum="JointType">
		</constant>
		<constant name="JOINT_DAMPED_SPRING" value="2" enum="JointType">
		</constant>
		<constant name="JOINT_PARAM_BIAS" value="0" enum="JointParam">
		</constant>
		<constant name="JOINT_PARAM_MAX_BIAS" value="1" enum="JointParam">
		</constant>
		<constant name="JOINT_PARAM_MAX_FORCE" value="2" enum="JointParam">
		</constant>
		<constant name="DAMPED_STRING_REST_LENGTH" value="0" enum="DampedStringParam">
		</constant>
		<constant name="DAMPED_STRING_STIFFNESS" value="1" enum="DampedStringParam">
		</constant>
		<constant name="DAMPED_STRING_DAMPING" value="2" enum="DampedStringParam">
		</constant>
		<constant name="CCD_MODE_DISABLED" value="0" enum="CCDMode">
		</constant>
		<constant name="CCD_MODE_CAST_RAY" value="1" enum="CCDMode">
		</constant>
		<constant name="CCD_MODE_CAST_SHAPE" value="2" enum="CCDMode">
		</constant>
		<constant name="AREA_BODY_ADDED" value="0" enum="AreaBodyStatus">
		</constant>
		<constant name="AREA_BODY_REMOVED" value="1" enum="AreaBodyStatus">
		</constant>
		<constant name="INFO_ACTIVE_OBJECTS" value="0" enum="ProcessInfo">
		</constant>
		<constant name="INFO_COLLISION_PAIRS" value="1" enum="ProcessInfo">
		</constant>
		<constant name="INFO_ISLAND_COUNT" value="2" enum="ProcessInfo">
		</constant>
	</constants>
</class>
