<?xml version="1.0" encoding="UTF-8" ?>
<class name="PhysicsBody" inherits="CollisionObject" version="3.3">
	<brief_description>
	</brief_description>
	<description>
	</description>
	<tutorials>
	</tutorials>
	<methods>
		<method name="add_collision_exception_with">
			<return type="void" />
			<argument index="0" name="body" type="Node" />
			<description>
			</description>
		</method>
		<method name="get_collision_exceptions">
			<return type="Array" />
			<description>
			</description>
		</method>
		<method name="get_collision_layer_bit" qualifiers="const">
			<return type="bool" />
			<argument index="0" name="bit" type="int" />
			<description>
			</description>
		</method>
		<method name="get_collision_mask_bit" qualifiers="const">
			<return type="bool" />
			<argument index="0" name="bit" type="int" />
			<description>
			</description>
		</method>
		<method name="remove_collision_exception_with">
			<return type="void" />
			<argument index="0" name="body" type="Node" />
			<description>
			</description>
		</method>
		<method name="set_collision_layer_bit">
			<return type="void" />
			<argument index="0" name="bit" type="int" />
			<argument index="1" name="value" type="bool" />
			<description>
			</description>
		</method>
		<method name="set_collision_mask_bit">
			<return type="void" />
			<argument index="0" name="bit" type="int" />
			<argument index="1" name="value" type="bool" />
			<description>
			</description>
		</method>
	</methods>
	<members>
		<member name="collision_layer" type="int" setter="set_collision_layer" getter="get_collision_layer" default="1">
		</member>
		<member name="collision_mask" type="int" setter="set_collision_mask" getter="get_collision_mask" default="1">
		</member>
	</members>
	<constants>
	</constants>
</class>
