<?xml version="1.0" encoding="UTF-8" ?>
<class name="Polygon2D" inherits="Node2D" version="3.3">
	<brief_description>
	</brief_description>
	<description>
	</description>
	<tutorials>
	</tutorials>
	<methods>
		<method name="add_bone">
			<return type="void" />
			<argument index="0" name="path" type="NodePath" />
			<argument index="1" name="weights" type="PoolRealArray" />
			<description>
			</description>
		</method>
		<method name="clear_bones">
			<return type="void" />
			<description>
			</description>
		</method>
		<method name="erase_bone">
			<return type="void" />
			<argument index="0" name="index" type="int" />
			<description>
			</description>
		</method>
		<method name="get_bone_count" qualifiers="const">
			<return type="int" />
			<description>
			</description>
		</method>
		<method name="get_bone_path" qualifiers="const">
			<return type="NodePath" />
			<argument index="0" name="index" type="int" />
			<description>
			</description>
		</method>
		<method name="get_bone_weights" qualifiers="const">
			<return type="PoolRealArray" />
			<argument index="0" name="index" type="int" />
			<description>
			</description>
		</method>
		<method name="set_bone_path">
			<return type="void" />
			<argument index="0" name="index" type="int" />
			<argument index="1" name="path" type="NodePath" />
			<description>
			</description>
		</method>
		<method name="set_bone_weights">
			<return type="void" />
			<argument index="0" name="index" type="int" />
			<argument index="1" name="weights" type="PoolRealArray" />
			<description>
			</description>
		</method>
	</methods>
	<members>
		<member name="antialiased" type="bool" setter="set_antialiased" getter="get_antialiased" default="false">
		</member>
		<member name="bones" type="Array" setter="_set_bones" getter="_get_bones" default="[  ]">
		</member>
		<member name="color" type="Color" setter="set_color" getter="get_color" default="Color( 1, 1, 1, 1 )">
		</member>
		<member name="internal_vertex_count" type="int" setter="set_internal_vertex_count" getter="get_internal_vertex_count" default="0">
		</member>
		<member name="invert_border" type="float" setter="set_invert_border" getter="get_invert_border" default="100.0">
		</member>
		<member name="invert_enable" type="bool" setter="set_invert" getter="get_invert" default="false">
		</member>
		<member name="offset" type="Vector2" setter="set_offset" getter="get_offset" default="Vector2( 0, 0 )">
		</member>
		<member name="polygon" type="PoolVector2Array" setter="set_polygon" getter="get_polygon" default="PoolVector2Array(  )">
		</member>
		<member name="polygons" type="Array" setter="set_polygons" getter="get_polygons" default="[  ]">
		</member>
		<member name="skeleton" type="NodePath" setter="set_skeleton" getter="get_skeleton" default="NodePath(&quot;&quot;)">
		</member>
		<member name="texture" type="Texture" setter="set_texture" getter="get_texture">
		</member>
		<member name="texture_offset" type="Vector2" setter="set_texture_offset" getter="get_texture_offset" default="Vector2( 0, 0 )">
		</member>
		<member name="texture_rotation" type="float" setter="set_texture_rotation" getter="get_texture_rotation">
		</member>
		<member name="texture_rotation_degrees" type="float" setter="set_texture_rotation_degrees" getter="get_texture_rotation_degrees" default="0.0">
		</member>
		<member name="texture_scale" type="Vector2" setter="set_texture_scale" getter="get_texture_scale" default="Vector2( 1, 1 )">
		</member>
		<member name="uv" type="PoolVector2Array" setter="set_uv" getter="get_uv" default="PoolVector2Array(  )">
		</member>
		<member name="vertex_colors" type="PoolColorArray" setter="set_vertex_colors" getter="get_vertex_colors" default="PoolColorArray(  )">
		</member>
	</members>
	<constants>
	</constants>
</class>
