<?xml version="1.0" encoding="UTF-8" ?>
<class name="PrimitiveMesh" inherits="Mesh" version="3.3">
	<brief_description>
	</brief_description>
	<description>
	</description>
	<tutorials>
	</tutorials>
	<methods>
		<method name="get_mesh_arrays" qualifiers="const">
			<return type="Array" />
			<description>
			</description>
		</method>
	</methods>
	<members>
		<member name="custom_aabb" type="AABB" setter="set_custom_aabb" getter="get_custom_aabb" default="AABB( 0, 0, 0, 0, 0, 0 )">
		</member>
		<member name="flip_faces" type="bool" setter="set_flip_faces" getter="get_flip_faces" default="false">
		</member>
		<member name="material" type="Material" setter="set_material" getter="get_material">
		</member>
	</members>
	<constants>
	</constants>
</class>
