<?xml version="1.0" encoding="UTF-8" ?>
<class name="ProceduralSky" inherits="Sky" version="3.3">
	<brief_description>
	</brief_description>
	<description>
	</description>
	<tutorials>
	</tutorials>
	<methods>
	</methods>
	<members>
		<member name="ground_bottom_color" type="Color" setter="set_ground_bottom_color" getter="get_ground_bottom_color" default="Color( 0.156863, 0.184314, 0.211765, 1 )">
		</member>
		<member name="ground_curve" type="float" setter="set_ground_curve" getter="get_ground_curve" default="0.02">
		</member>
		<member name="ground_energy" type="float" setter="set_ground_energy" getter="get_ground_energy" default="1.0">
		</member>
		<member name="ground_horizon_color" type="Color" setter="set_ground_horizon_color" getter="get_ground_horizon_color" default="Color( 0.423529, 0.396078, 0.372549, 1 )">
		</member>
		<member name="sky_curve" type="float" setter="set_sky_curve" getter="get_sky_curve" default="0.09">
		</member>
		<member name="sky_energy" type="float" setter="set_sky_energy" getter="get_sky_energy" default="1.0">
		</member>
		<member name="sky_horizon_color" type="Color" setter="set_sky_horizon_color" getter="get_sky_horizon_color" default="Color( 0.839216, 0.917647, 0.980392, 1 )">
		</member>
		<member name="sky_top_color" type="Color" setter="set_sky_top_color" getter="get_sky_top_color" default="Color( 0.647059, 0.839216, 0.945098, 1 )">
		</member>
		<member name="sun_angle_max" type="float" setter="set_sun_angle_max" getter="get_sun_angle_max" default="100.0">
		</member>
		<member name="sun_angle_min" type="float" setter="set_sun_angle_min" getter="get_sun_angle_min" default="1.0">
		</member>
		<member name="sun_color" type="Color" setter="set_sun_color" getter="get_sun_color" default="Color( 1, 1, 1, 1 )">
		</member>
		<member name="sun_curve" type="float" setter="set_sun_curve" getter="get_sun_curve" default="0.05">
		</member>
		<member name="sun_energy" type="float" setter="set_sun_energy" getter="get_sun_energy" default="1.0">
		</member>
		<member name="sun_latitude" type="float" setter="set_sun_latitude" getter="get_sun_latitude" default="35.0">
		</member>
		<member name="sun_longitude" type="float" setter="set_sun_longitude" getter="get_sun_longitude" default="0.0">
		</member>
		<member name="texture_size" type="int" setter="set_texture_size" getter="get_texture_size" enum="ProceduralSky.TextureSize" default="2">
		</member>
	</members>
	<constants>
		<constant name="TEXTURE_SIZE_256" value="0" enum="TextureSize">
		</constant>
		<constant name="TEXTURE_SIZE_512" value="1" enum="TextureSize">
		</constant>
		<constant name="TEXTURE_SIZE_1024" value="2" enum="TextureSize">
		</constant>
		<constant name="TEXTURE_SIZE_2048" value="3" enum="TextureSize">
		</constant>
		<constant name="TEXTURE_SIZE_4096" value="4" enum="TextureSize">
		</constant>
		<constant name="TEXTURE_SIZE_MAX" value="5" enum="TextureSize">
		</constant>
	</constants>
</class>
