<?xml version="1.0" encoding="UTF-8" ?>
<class name="ProgressBar" inherits="Range" version="3.3">
	<brief_description>
	</brief_description>
	<description>
	</description>
	<tutorials>
	</tutorials>
	<methods>
	</methods>
	<members>
		<member name="percent_visible" type="bool" setter="set_percent_visible" getter="is_percent_visible" default="true">
		</member>
		<member name="size_flags_vertical" type="int" setter="set_v_size_flags" getter="get_v_size_flags" override="true" default="0" />
		<member name="step" type="float" setter="set_step" getter="get_step" override="true" default="0.01" />
	</members>
	<constants>
	</constants>
	<theme_items>
		<theme_item name="bg" type="StyleBox">
		</theme_item>
		<theme_item name="fg" type="StyleBox">
		</theme_item>
		<theme_item name="font" type="Font">
		</theme_item>
		<theme_item name="font_color" type="Color" default="Color( 0.94, 0.94, 0.94, 1 )">
		</theme_item>
		<theme_item name="font_color_shadow" type="Color" default="Color( 0, 0, 0, 1 )">
		</theme_item>
	</theme_items>
</class>
