<?xml version="1.0" encoding="UTF-8" ?>
<class name="RandomNumberGenerator" inherits="Reference" version="3.3">
	<brief_description>
	</brief_description>
	<description>
	</description>
	<tutorials>
	</tutorials>
	<methods>
		<method name="randf">
			<return type="float" />
			<description>
			</description>
		</method>
		<method name="randf_range">
			<return type="float" />
			<argument index="0" name="from" type="float" />
			<argument index="1" name="to" type="float" />
			<description>
			</description>
		</method>
		<method name="randfn">
			<return type="float" />
			<argument index="0" name="mean" type="float" default="0.0" />
			<argument index="1" name="deviation" type="float" default="1.0" />
			<description>
			</description>
		</method>
		<method name="randi">
			<return type="int" />
			<description>
			</description>
		</method>
		<method name="randi_range">
			<return type="int" />
			<argument index="0" name="from" type="int" />
			<argument index="1" name="to" type="int" />
			<description>
			</description>
		</method>
		<method name="randomize">
			<return type="void" />
			<description>
			</description>
		</method>
	</methods>
	<members>
		<member name="seed" type="int" setter="set_seed" getter="get_seed" default="0">
		</member>
		<member name="state" type="int" setter="set_state" getter="get_state" default="0">
		</member>
	</members>
	<constants>
	</constants>
</class>
