<?xml version="1.0" encoding="UTF-8" ?>
<class name="RayCast2D" inherits="Node2D" version="3.3">
	<brief_description>
	</brief_description>
	<description>
	</description>
	<tutorials>
	</tutorials>
	<methods>
		<method name="add_exception">
			<return type="void" />
			<argument index="0" name="node" type="Object" />
			<description>
			</description>
		</method>
		<method name="add_exception_rid">
			<return type="void" />
			<argument index="0" name="rid" type="RID" />
			<description>
			</description>
		</method>
		<method name="clear_exceptions">
			<return type="void" />
			<description>
			</description>
		</method>
		<method name="force_raycast_update">
			<return type="void" />
			<description>
			</description>
		</method>
		<method name="get_collider" qualifiers="const">
			<return type="Object" />
			<description>
			</description>
		</method>
		<method name="get_collider_shape" qualifiers="const">
			<return type="int" />
			<description>
			</description>
		</method>
		<method name="get_collision_mask_bit" qualifiers="const">
			<return type="bool" />
			<argument index="0" name="bit" type="int" />
			<description>
			</description>
		</method>
		<method name="get_collision_normal" qualifiers="const">
			<return type="Vector2" />
			<description>
			</description>
		</method>
		<method name="get_collision_point" qualifiers="const">
			<return type="Vector2" />
			<description>
			</description>
		</method>
		<method name="is_colliding" qualifiers="const">
			<return type="bool" />
			<description>
			</description>
		</method>
		<method name="remove_exception">
			<return type="void" />
			<argument index="0" name="node" type="Object" />
			<description>
			</description>
		</method>
		<method name="remove_exception_rid">
			<return type="void" />
			<argument index="0" name="rid" type="RID" />
			<description>
			</description>
		</method>
		<method name="set_collision_mask_bit">
			<return type="void" />
			<argument index="0" name="bit" type="int" />
			<argument index="1" name="value" type="bool" />
			<description>
			</description>
		</method>
	</methods>
	<members>
		<member name="cast_to" type="Vector2" setter="set_cast_to" getter="get_cast_to" default="Vector2( 0, 50 )">
		</member>
		<member name="collide_with_areas" type="bool" setter="set_collide_with_areas" getter="is_collide_with_areas_enabled" default="false">
		</member>
		<member name="collide_with_bodies" type="bool" setter="set_collide_with_bodies" getter="is_collide_with_bodies_enabled" default="true">
		</member>
		<member name="collision_mask" type="int" setter="set_collision_mask" getter="get_collision_mask" default="1">
		</member>
		<member name="enabled" type="bool" setter="set_enabled" getter="is_enabled" default="false">
		</member>
		<member name="exclude_parent" type="bool" setter="set_exclude_parent_body" getter="get_exclude_parent_body" default="true">
		</member>
	</members>
	<constants>
	</constants>
</class>
