<?xml version="1.0" encoding="UTF-8" ?>
<class name="Rect2" version="3.3">
	<brief_description>
	</brief_description>
	<description>
	</description>
	<tutorials>
	</tutorials>
	<methods>
		<method name="Rect2">
			<return type="Rect2" />
			<argument index="0" name="position" type="Vector2" />
			<argument index="1" name="size" type="Vector2" />
			<description>
			</description>
		</method>
		<method name="Rect2">
			<return type="Rect2" />
			<argument index="0" name="x" type="float" />
			<argument index="1" name="y" type="float" />
			<argument index="2" name="width" type="float" />
			<argument index="3" name="height" type="float" />
			<description>
			</description>
		</method>
		<method name="abs">
			<return type="Rect2" />
			<description>
			</description>
		</method>
		<method name="clip">
			<return type="Rect2" />
			<argument index="0" name="b" type="Rect2" />
			<description>
			</description>
		</method>
		<method name="encloses">
			<return type="bool" />
			<argument index="0" name="b" type="Rect2" />
			<description>
			</description>
		</method>
		<method name="expand">
			<return type="Rect2" />
			<argument index="0" name="to" type="Vector2" />
			<description>
			</description>
		</method>
		<method name="get_area">
			<return type="float" />
			<description>
			</description>
		</method>
		<method name="grow">
			<return type="Rect2" />
			<argument index="0" name="by" type="float" />
			<description>
			</description>
		</method>
		<method name="grow_individual">
			<return type="Rect2" />
			<argument index="0" name="left" type="float" />
			<argument index="1" name="top" type="float" />
			<argument index="2" name="right" type="float" />
			<argument index="3" name=" bottom" type="float" />
			<description>
			</description>
		</method>
		<method name="grow_margin">
			<return type="Rect2" />
			<argument index="0" name="margin" type="int" />
			<argument index="1" name="by" type="float" />
			<description>
			</description>
		</method>
		<method name="has_no_area">
			<return type="bool" />
			<description>
			</description>
		</method>
		<method name="has_point">
			<return type="bool" />
			<argument index="0" name="point" type="Vector2" />
			<description>
			</description>
		</method>
		<method name="intersects">
			<return type="bool" />
			<argument index="0" name="b" type="Rect2" />
			<argument index="1" name="include_borders" type="bool" default="false" />
			<description>
			</description>
		</method>
		<method name="is_equal_approx">
			<return type="bool" />
			<argument index="0" name="rect" type="Rect2" />
			<description>
			</description>
		</method>
		<method name="merge">
			<return type="Rect2" />
			<argument index="0" name="b" type="Rect2" />
			<description>
			</description>
		</method>
	</methods>
	<members>
		<member name="end" type="Vector2" setter="" getter="" default="Vector2( 0, 0 )">
		</member>
		<member name="position" type="Vector2" setter="" getter="" default="Vector2( 0, 0 )">
		</member>
		<member name="size" type="Vector2" setter="" getter="" default="Vector2( 0, 0 )">
		</member>
	</members>
	<constants>
	</constants>
</class>
