<?xml version="1.0" encoding="UTF-8" ?>
<class name="ResourceFormatSaver" inherits="Reference" version="3.3">
	<brief_description>
	</brief_description>
	<description>
	</description>
	<tutorials>
	</tutorials>
	<methods>
		<method name="get_recognized_extensions" qualifiers="virtual">
			<return type="PoolStringArray" />
			<argument index="0" name="resource" type="Resource" />
			<description>
			</description>
		</method>
		<method name="recognize" qualifiers="virtual">
			<return type="bool" />
			<argument index="0" name="resource" type="Resource" />
			<description>
			</description>
		</method>
		<method name="save" qualifiers="virtual">
			<return type="int" />
			<argument index="0" name="path" type="String" />
			<argument index="1" name="resource" type="Resource" />
			<argument index="2" name="flags" type="int" />
			<description>
			</description>
		</method>
	</methods>
	<constants>
	</constants>
</class>
