<?xml version="1.0" encoding="UTF-8" ?>
<class name="ResourceInteractiveLoader" inherits="Reference" version="3.3">
	<brief_description>
	</brief_description>
	<description>
	</description>
	<tutorials>
	</tutorials>
	<methods>
		<method name="get_resource">
			<return type="Resource" />
			<description>
			</description>
		</method>
		<method name="get_stage" qualifiers="const">
			<return type="int" />
			<description>
			</description>
		</method>
		<method name="get_stage_count" qualifiers="const">
			<return type="int" />
			<description>
			</description>
		</method>
		<method name="poll">
			<return type="int" enum="Error" />
			<description>
			</description>
		</method>
		<method name="wait">
			<return type="int" enum="Error" />
			<description>
			</description>
		</method>
	</methods>
	<constants>
	</constants>
</class>
