<?xml version="1.0" encoding="UTF-8" ?>
<class name="ResourceSaver" inherits="Object" version="3.3">
	<brief_description>
	</brief_description>
	<description>
	</description>
	<tutorials>
	</tutorials>
	<methods>
		<method name="get_recognized_extensions">
			<return type="PoolStringArray" />
			<argument index="0" name="type" type="Resource" />
			<description>
			</description>
		</method>
		<method name="save">
			<return type="int" enum="Error" />
			<argument index="0" name="path" type="String" />
			<argument index="1" name="resource" type="Resource" />
			<argument index="2" name="flags" type="int" enum="ResourceSaver.SaverFlags" default="0" />
			<description>
			</description>
		</method>
	</methods>
	<constants>
		<constant name="FLAG_RELATIVE_PATHS" value="1" enum="SaverFlags">
		</constant>
		<constant name="FLAG_BUNDLE_RESOURCES" value="2" enum="SaverFlags">
		</constant>
		<constant name="FLAG_CHANGE_PATH" value="4" enum="SaverFlags">
		</constant>
		<constant name="FLAG_OMIT_EDITOR_PROPERTIES" value="8" enum="SaverFlags">
		</constant>
		<constant name="FLAG_SAVE_BIG_ENDIAN" value="16" enum="SaverFlags">
		</constant>
		<constant name="FLAG_COMPRESS" value="32" enum="SaverFlags">
		</constant>
		<constant name="FLAG_REPLACE_SUBRESOURCE_PATHS" value="64" enum="SaverFlags">
		</constant>
	</constants>
</class>
