<?xml version="1.0" encoding="UTF-8" ?>
<class name="SceneTree" inherits="MainLoop" version="3.3">
	<brief_description>
	</brief_description>
	<description>
	</description>
	<tutorials>
	</tutorials>
	<methods>
		<method name="call_group" qualifiers="vararg">
			<return type="Variant" />
			<argument index="0" name="group" type="String" />
			<argument index="1" name="method" type="String" />
			<description>
			</description>
		</method>
		<method name="call_group_flags" qualifiers="vararg">
			<return type="Variant" />
			<argument index="0" name="flags" type="int" />
			<argument index="1" name="group" type="String" />
			<argument index="2" name="method" type="String" />
			<description>
			</description>
		</method>
		<method name="change_scene">
			<return type="int" enum="Error" />
			<argument index="0" name="path" type="String" />
			<description>
			</description>
		</method>
		<method name="change_scene_to">
			<return type="int" enum="Error" />
			<argument index="0" name="packed_scene" type="PackedScene" />
			<description>
			</description>
		</method>
		<method name="create_timer">
			<return type="SceneTreeTimer" />
			<argument index="0" name="time_sec" type="float" />
			<argument index="1" name="pause_mode_process" type="bool" default="true" />
			<description>
			</description>
		</method>
		<method name="get_frame" qualifiers="const">
			<return type="int" />
			<description>
			</description>
		</method>
		<method name="get_network_connected_peers" qualifiers="const">
			<return type="PoolIntArray" />
			<description>
			</description>
		</method>
		<method name="get_network_unique_id" qualifiers="const">
			<return type="int" />
			<description>
			</description>
		</method>
		<method name="get_node_count" qualifiers="const">
			<return type="int" />
			<description>
			</description>
		</method>
		<method name="get_nodes_in_group">
			<return type="Array" />
			<argument index="0" name="group" type="String" />
			<description>
			</description>
		</method>
		<method name="get_rpc_sender_id" qualifiers="const">
			<return type="int" />
			<description>
			</description>
		</method>
		<method name="has_group" qualifiers="const">
			<return type="bool" />
			<argument index="0" name="name" type="String" />
			<description>
			</description>
		</method>
		<method name="has_network_peer" qualifiers="const">
			<return type="bool" />
			<description>
			</description>
		</method>
		<method name="is_input_handled">
			<return type="bool" />
			<description>
			</description>
		</method>
		<method name="is_network_server" qualifiers="const">
			<return type="bool" />
			<description>
			</description>
		</method>
		<method name="notify_group">
			<return type="void" />
			<argument index="0" name="group" type="String" />
			<argument index="1" name="notification" type="int" />
			<description>
			</description>
		</method>
		<method name="notify_group_flags">
			<return type="void" />
			<argument index="0" name="call_flags" type="int" />
			<argument index="1" name="group" type="String" />
			<argument index="2" name="notification" type="int" />
			<description>
			</description>
		</method>
		<method name="queue_delete">
			<return type="void" />
			<argument index="0" name="obj" type="Object" />
			<description>
			</description>
		</method>
		<method name="quit">
			<return type="void" />
			<argument index="0" name="exit_code" type="int" default="-1" />
			<description>
			</description>
		</method>
		<method name="reload_current_scene">
			<return type="int" enum="Error" />
			<description>
			</description>
		</method>
		<method name="set_auto_accept_quit">
			<return type="void" />
			<argument index="0" name="enabled" type="bool" />
			<description>
			</description>
		</method>
		<method name="set_group">
			<return type="void" />
			<argument index="0" name="group" type="String" />
			<argument index="1" name="property" type="String" />
			<argument index="2" name="value" type="Variant" />
			<description>
			</description>
		</method>
		<method name="set_group_flags">
			<return type="void" />
			<argument index="0" name="call_flags" type="int" />
			<argument index="1" name="group" type="String" />
			<argument index="2" name="property" type="String" />
			<argument index="3" name="value" type="Variant" />
			<description>
			</description>
		</method>
		<method name="set_input_as_handled">
			<return type="void" />
			<description>
			</description>
		</method>
		<method name="set_quit_on_go_back">
			<return type="void" />
			<argument index="0" name="enabled" type="bool" />
			<description>
			</description>
		</method>
		<method name="set_screen_stretch">
			<return type="void" />
			<argument index="0" name="mode" type="int" enum="SceneTree.StretchMode" />
			<argument index="1" name="aspect" type="int" enum="SceneTree.StretchAspect" />
			<argument index="2" name="minsize" type="Vector2" />
			<argument index="3" name="shrink" type="float" default="1" />
			<description>
			</description>
		</method>
	</methods>
	<members>
		<member name="current_scene" type="Node" setter="set_current_scene" getter="get_current_scene">
		</member>
		<member name="debug_collisions_hint" type="bool" setter="set_debug_collisions_hint" getter="is_debugging_collisions_hint" default="false">
		</member>
		<member name="debug_navigation_hint" type="bool" setter="set_debug_navigation_hint" getter="is_debugging_navigation_hint" default="false">
		</member>
		<member name="edited_scene_root" type="Node" setter="set_edited_scene_root" getter="get_edited_scene_root">
		</member>
		<member name="multiplayer" type="MultiplayerAPI" setter="set_multiplayer" getter="get_multiplayer">
		</member>
		<member name="multiplayer_poll" type="bool" setter="set_multiplayer_poll_enabled" getter="is_multiplayer_poll_enabled" default="true">
		</member>
		<member name="network_peer" type="NetworkedMultiplayerPeer" setter="set_network_peer" getter="get_network_peer">
		</member>
		<member name="paused" type="bool" setter="set_pause" getter="is_paused" default="false">
		</member>
		<member name="refuse_new_network_connections" type="bool" setter="set_refuse_new_network_connections" getter="is_refusing_new_network_connections" default="false">
		</member>
		<member name="root" type="Viewport" setter="" getter="get_root">
		</member>
		<member name="use_font_oversampling" type="bool" setter="set_use_font_oversampling" getter="is_using_font_oversampling" default="false">
		</member>
	</members>
	<signals>
		<signal name="connected_to_server">
			<description>
			</description>
		</signal>
		<signal name="connection_failed">
			<description>
			</description>
		</signal>
		<signal name="files_dropped">
			<argument index="0" name="files" type="PoolStringArray" />
			<argument index="1" name="screen" type="int" />
			<description>
			</description>
		</signal>
		<signal name="global_menu_action">
			<argument index="0" name="id" type="Variant" />
			<argument index="1" name="meta" type="Variant" />
			<description>
			</description>
		</signal>
		<signal name="idle_frame">
			<description>
			</description>
		</signal>
		<signal name="network_peer_connected">
			<argument index="0" name="id" type="int" />
			<description>
			</description>
		</signal>
		<signal name="network_peer_disconnected">
			<argument index="0" name="id" type="int" />
			<description>
			</description>
		</signal>
		<signal name="node_added">
			<argument index="0" name="node" type="Node" />
			<description>
			</description>
		</signal>
		<signal name="node_configuration_warning_changed">
			<argument index="0" name="node" type="Node" />
			<description>
			</description>
		</signal>
		<signal name="node_removed">
			<argument index="0" name="node" type="Node" />
			<description>
			</description>
		</signal>
		<signal name="node_renamed">
			<argument index="0" name="node" type="Node" />
			<description>
			</description>
		</signal>
		<signal name="physics_frame">
			<description>
			</description>
		</signal>
		<signal name="screen_resized">
			<description>
			</description>
		</signal>
		<signal name="server_disconnected">
			<description>
			</description>
		</signal>
		<signal name="tree_changed">
			<description>
			</description>
		</signal>
	</signals>
	<constants>
		<constant name="GROUP_CALL_DEFAULT" value="0" enum="GroupCallFlags">
		</constant>
		<constant name="GROUP_CALL_REVERSE" value="1" enum="GroupCallFlags">
		</constant>
		<constant name="GROUP_CALL_REALTIME" value="2" enum="GroupCallFlags">
		</constant>
		<constant name="GROUP_CALL_UNIQUE" value="4" enum="GroupCallFlags">
		</constant>
		<constant name="STRETCH_MODE_DISABLED" value="0" enum="StretchMode">
		</constant>
		<constant name="STRETCH_MODE_2D" value="1" enum="StretchMode">
		</constant>
		<constant name="STRETCH_MODE_VIEWPORT" value="2" enum="StretchMode">
		</constant>
		<constant name="STRETCH_ASPECT_IGNORE" value="0" enum="StretchAspect">
		</constant>
		<constant name="STRETCH_ASPECT_KEEP" value="1" enum="StretchAspect">
		</constant>
		<constant name="STRETCH_ASPECT_KEEP_WIDTH" value="2" enum="StretchAspect">
		</constant>
		<constant name="STRETCH_ASPECT_KEEP_HEIGHT" value="3" enum="StretchAspect">
		</constant>
		<constant name="STRETCH_ASPECT_EXPAND" value="4" enum="StretchAspect">
		</constant>
	</constants>
</class>
