<?xml version="1.0" encoding="UTF-8" ?>
<class name="Sky" inherits="Resource" version="3.3">
	<brief_description>
	</brief_description>
	<description>
	</description>
	<tutorials>
	</tutorials>
	<methods>
	</methods>
	<members>
		<member name="radiance_size" type="int" setter="set_radiance_size" getter="get_radiance_size" enum="Sky.RadianceSize" default="2">
		</member>
	</members>
	<constants>
		<constant name="RADIANCE_SIZE_32" value="0" enum="RadianceSize">
		</constant>
		<constant name="RADIANCE_SIZE_64" value="1" enum="RadianceSize">
		</constant>
		<constant name="RADIANCE_SIZE_128" value="2" enum="RadianceSize">
		</constant>
		<constant name="RADIANCE_SIZE_256" value="3" enum="RadianceSize">
		</constant>
		<constant name="RADIANCE_SIZE_512" value="4" enum="RadianceSize">
		</constant>
		<constant name="RADIANCE_SIZE_1024" value="5" enum="RadianceSize">
		</constant>
		<constant name="RADIANCE_SIZE_2048" value="6" enum="RadianceSize">
		</constant>
		<constant name="RADIANCE_SIZE_MAX" value="7" enum="RadianceSize">
		</constant>
	</constants>
</class>
