<?xml version="1.0" encoding="UTF-8" ?>
<class name="SliderJoint" inherits="Joint" version="3.3">
	<brief_description>
	</brief_description>
	<description>
	</description>
	<tutorials>
	</tutorials>
	<methods>
		<method name="get_param" qualifiers="const">
			<return type="float" />
			<argument index="0" name="param" type="int" enum="SliderJoint.Param" />
			<description>
			</description>
		</method>
		<method name="set_param">
			<return type="void" />
			<argument index="0" name="param" type="int" enum="SliderJoint.Param" />
			<argument index="1" name="value" type="float" />
			<description>
			</description>
		</method>
	</methods>
	<members>
		<member name="angular_limit/damping" type="float" setter="set_param" getter="get_param" default="0.0">
		</member>
		<member name="angular_limit/lower_angle" type="float" setter="_set_lower_limit_angular" getter="_get_lower_limit_angular" default="0.0">
		</member>
		<member name="angular_limit/restitution" type="float" setter="set_param" getter="get_param" default="0.7">
		</member>
		<member name="angular_limit/softness" type="float" setter="set_param" getter="get_param" default="1.0">
		</member>
		<member name="angular_limit/upper_angle" type="float" setter="_set_upper_limit_angular" getter="_get_upper_limit_angular" default="0.0">
		</member>
		<member name="angular_motion/damping" type="float" setter="set_param" getter="get_param" default="1.0">
		</member>
		<member name="angular_motion/restitution" type="float" setter="set_param" getter="get_param" default="0.7">
		</member>
		<member name="angular_motion/softness" type="float" setter="set_param" getter="get_param" default="1.0">
		</member>
		<member name="angular_ortho/damping" type="float" setter="set_param" getter="get_param" default="1.0">
		</member>
		<member name="angular_ortho/restitution" type="float" setter="set_param" getter="get_param" default="0.7">
		</member>
		<member name="angular_ortho/softness" type="float" setter="set_param" getter="get_param" default="1.0">
		</member>
		<member name="linear_limit/damping" type="float" setter="set_param" getter="get_param" default="1.0">
		</member>
		<member name="linear_limit/lower_distance" type="float" setter="set_param" getter="get_param" default="-1.0">
		</member>
		<member name="linear_limit/restitution" type="float" setter="set_param" getter="get_param" default="0.7">
		</member>
		<member name="linear_limit/softness" type="float" setter="set_param" getter="get_param" default="1.0">
		</member>
		<member name="linear_limit/upper_distance" type="float" setter="set_param" getter="get_param" default="1.0">
		</member>
		<member name="linear_motion/damping" type="float" setter="set_param" getter="get_param" default="0.0">
		</member>
		<member name="linear_motion/restitution" type="float" setter="set_param" getter="get_param" default="0.7">
		</member>
		<member name="linear_motion/softness" type="float" setter="set_param" getter="get_param" default="1.0">
		</member>
		<member name="linear_ortho/damping" type="float" setter="set_param" getter="get_param" default="1.0">
		</member>
		<member name="linear_ortho/restitution" type="float" setter="set_param" getter="get_param" default="0.7">
		</member>
		<member name="linear_ortho/softness" type="float" setter="set_param" getter="get_param" default="1.0">
		</member>
	</members>
	<constants>
		<constant name="PARAM_LINEAR_LIMIT_UPPER" value="0" enum="Param">
		</constant>
		<constant name="PARAM_LINEAR_LIMIT_LOWER" value="1" enum="Param">
		</constant>
		<constant name="PARAM_LINEAR_LIMIT_SOFTNESS" value="2" enum="Param">
		</constant>
		<constant name="PARAM_LINEAR_LIMIT_RESTITUTION" value="3" enum="Param">
		</constant>
		<constant name="PARAM_LINEAR_LIMIT_DAMPING" value="4" enum="Param">
		</constant>
		<constant name="PARAM_LINEAR_MOTION_SOFTNESS" value="5" enum="Param">
		</constant>
		<constant name="PARAM_LINEAR_MOTION_RESTITUTION" value="6" enum="Param">
		</constant>
		<constant name="PARAM_LINEAR_MOTION_DAMPING" value="7" enum="Param">
		</constant>
		<constant name="PARAM_LINEAR_ORTHOGONAL_SOFTNESS" value="8" enum="Param">
		</constant>
		<constant name="PARAM_LINEAR_ORTHOGONAL_RESTITUTION" value="9" enum="Param">
		</constant>
		<constant name="PARAM_LINEAR_ORTHOGONAL_DAMPING" value="10" enum="Param">
		</constant>
		<constant name="PARAM_ANGULAR_LIMIT_UPPER" value="11" enum="Param">
		</constant>
		<constant name="PARAM_ANGULAR_LIMIT_LOWER" value="12" enum="Param">
		</constant>
		<constant name="PARAM_ANGULAR_LIMIT_SOFTNESS" value="13" enum="Param">
		</constant>
		<constant name="PARAM_ANGULAR_LIMIT_RESTITUTION" value="14" enum="Param">
		</constant>
		<constant name="PARAM_ANGULAR_LIMIT_DAMPING" value="15" enum="Param">
		</constant>
		<constant name="PARAM_ANGULAR_MOTION_SOFTNESS" value="16" enum="Param">
		</constant>
		<constant name="PARAM_ANGULAR_MOTION_RESTITUTION" value="17" enum="Param">
		</constant>
		<constant name="PARAM_ANGULAR_MOTION_DAMPING" value="18" enum="Param">
		</constant>
		<constant name="PARAM_ANGULAR_ORTHOGONAL_SOFTNESS" value="19" enum="Param">
		</constant>
		<constant name="PARAM_ANGULAR_ORTHOGONAL_RESTITUTION" value="20" enum="Param">
		</constant>
		<constant name="PARAM_ANGULAR_ORTHOGONAL_DAMPING" value="21" enum="Param">
		</constant>
		<constant name="PARAM_MAX" value="22" enum="Param">
		</constant>
	</constants>
</class>
