<?xml version="1.0" encoding="UTF-8" ?>
<class name="Slider" inherits="Range" version="3.3">
	<brief_description>
	</brief_description>
	<description>
	</description>
	<tutorials>
	</tutorials>
	<methods>
	</methods>
	<members>
		<member name="editable" type="bool" setter="set_editable" getter="is_editable" default="true">
		</member>
		<member name="focus_mode" type="int" setter="set_focus_mode" getter="get_focus_mode" override="true" enum="Control.FocusMode" default="2" />
		<member name="scrollable" type="bool" setter="set_scrollable" getter="is_scrollable" default="true">
		</member>
		<member name="size_flags_vertical" type="int" setter="set_v_size_flags" getter="get_v_size_flags" override="true" default="0" />
		<member name="tick_count" type="int" setter="set_ticks" getter="get_ticks" default="0">
		</member>
		<member name="ticks_on_borders" type="bool" setter="set_ticks_on_borders" getter="get_ticks_on_borders" default="false">
		</member>
	</members>
	<constants>
	</constants>
</class>
