<?xml version="1.0" encoding="UTF-8" ?>
<class name="SpriteBase3D" inherits="GeometryInstance" version="3.3">
	<brief_description>
	</brief_description>
	<description>
	</description>
	<tutorials>
	</tutorials>
	<methods>
		<method name="generate_triangle_mesh" qualifiers="const">
			<return type="TriangleMesh" />
			<description>
			</description>
		</method>
		<method name="get_draw_flag" qualifiers="const">
			<return type="bool" />
			<argument index="0" name="flag" type="int" enum="SpriteBase3D.DrawFlags" />
			<description>
			</description>
		</method>
		<method name="get_item_rect" qualifiers="const">
			<return type="Rect2" />
			<description>
			</description>
		</method>
		<method name="set_draw_flag">
			<return type="void" />
			<argument index="0" name="flag" type="int" enum="SpriteBase3D.DrawFlags" />
			<argument index="1" name="enabled" type="bool" />
			<description>
			</description>
		</method>
	</methods>
	<members>
		<member name="alpha_cut" type="int" setter="set_alpha_cut_mode" getter="get_alpha_cut_mode" enum="SpriteBase3D.AlphaCutMode" default="0">
		</member>
		<member name="axis" type="int" setter="set_axis" getter="get_axis" enum="Vector3.Axis" default="2">
		</member>
		<member name="billboard" type="int" setter="set_billboard_mode" getter="get_billboard_mode" enum="SpatialMaterial.BillboardMode" default="0">
		</member>
		<member name="centered" type="bool" setter="set_centered" getter="is_centered" default="true">
		</member>
		<member name="double_sided" type="bool" setter="set_draw_flag" getter="get_draw_flag" default="true">
		</member>
		<member name="flip_h" type="bool" setter="set_flip_h" getter="is_flipped_h" default="false">
		</member>
		<member name="flip_v" type="bool" setter="set_flip_v" getter="is_flipped_v" default="false">
		</member>
		<member name="modulate" type="Color" setter="set_modulate" getter="get_modulate" default="Color( 1, 1, 1, 1 )">
		</member>
		<member name="offset" type="Vector2" setter="set_offset" getter="get_offset" default="Vector2( 0, 0 )">
		</member>
		<member name="opacity" type="float" setter="set_opacity" getter="get_opacity" default="1.0">
		</member>
		<member name="pixel_size" type="float" setter="set_pixel_size" getter="get_pixel_size" default="0.01">
		</member>
		<member name="shaded" type="bool" setter="set_draw_flag" getter="get_draw_flag" default="false">
		</member>
		<member name="transparent" type="bool" setter="set_draw_flag" getter="get_draw_flag" default="true">
		</member>
	</members>
	<constants>
		<constant name="FLAG_TRANSPARENT" value="0" enum="DrawFlags">
		</constant>
		<constant name="FLAG_SHADED" value="1" enum="DrawFlags">
		</constant>
		<constant name="FLAG_DOUBLE_SIDED" value="2" enum="DrawFlags">
		</constant>
		<constant name="FLAG_MAX" value="3" enum="DrawFlags">
		</constant>
		<constant name="ALPHA_CUT_DISABLED" value="0" enum="AlphaCutMode">
		</constant>
		<constant name="ALPHA_CUT_DISCARD" value="1" enum="AlphaCutMode">
		</constant>
		<constant name="ALPHA_CUT_OPAQUE_PREPASS" value="2" enum="AlphaCutMode">
		</constant>
	</constants>
</class>
