<?xml version="1.0" encoding="UTF-8" ?>
<class name="StaticBody" inherits="PhysicsBody" version="3.3">
	<brief_description>
	</brief_description>
	<description>
	</description>
	<tutorials>
	</tutorials>
	<methods>
	</methods>
	<members>
		<member name="bounce" type="float" setter="set_bounce" getter="get_bounce">
		</member>
		<member name="constant_angular_velocity" type="Vector3" setter="set_constant_angular_velocity" getter="get_constant_angular_velocity" default="Vector3( 0, 0, 0 )">
		</member>
		<member name="constant_linear_velocity" type="Vector3" setter="set_constant_linear_velocity" getter="get_constant_linear_velocity" default="Vector3( 0, 0, 0 )">
		</member>
		<member name="friction" type="float" setter="set_friction" getter="get_friction">
		</member>
		<member name="physics_material_override" type="PhysicsMaterial" setter="set_physics_material_override" getter="get_physics_material_override">
		</member>
	</members>
	<constants>
	</constants>
</class>
