<?xml version="1.0" encoding="UTF-8" ?>
<class name="StreamPeer" inherits="Reference" version="3.3">
	<brief_description>
	</brief_description>
	<description>
	</description>
	<tutorials>
	</tutorials>
	<methods>
		<method name="get_16">
			<return type="int" />
			<description>
			</description>
		</method>
		<method name="get_32">
			<return type="int" />
			<description>
			</description>
		</method>
		<method name="get_64">
			<return type="int" />
			<description>
			</description>
		</method>
		<method name="get_8">
			<return type="int" />
			<description>
			</description>
		</method>
		<method name="get_available_bytes" qualifiers="const">
			<return type="int" />
			<description>
			</description>
		</method>
		<method name="get_data">
			<return type="Array" />
			<argument index="0" name="bytes" type="int" />
			<description>
			</description>
		</method>
		<method name="get_double">
			<return type="float" />
			<description>
			</description>
		</method>
		<method name="get_float">
			<return type="float" />
			<description>
			</description>
		</method>
		<method name="get_partial_data">
			<return type="Array" />
			<argument index="0" name="bytes" type="int" />
			<description>
			</description>
		</method>
		<method name="get_string">
			<return type="String" />
			<argument index="0" name="bytes" type="int" default="-1" />
			<description>
			</description>
		</method>
		<method name="get_u16">
			<return type="int" />
			<description>
			</description>
		</method>
		<method name="get_u32">
			<return type="int" />
			<description>
			</description>
		</method>
		<method name="get_u64">
			<return type="int" />
			<description>
			</description>
		</method>
		<method name="get_u8">
			<return type="int" />
			<description>
			</description>
		</method>
		<method name="get_utf8_string">
			<return type="String" />
			<argument index="0" name="bytes" type="int" default="-1" />
			<description>
			</description>
		</method>
		<method name="get_var">
			<return type="Variant" />
			<argument index="0" name="allow_objects" type="bool" default="false" />
			<description>
			</description>
		</method>
		<method name="put_16">
			<return type="void" />
			<argument index="0" name="value" type="int" />
			<description>
			</description>
		</method>
		<method name="put_32">
			<return type="void" />
			<argument index="0" name="value" type="int" />
			<description>
			</description>
		</method>
		<method name="put_64">
			<return type="void" />
			<argument index="0" name="value" type="int" />
			<description>
			</description>
		</method>
		<method name="put_8">
			<return type="void" />
			<argument index="0" name="value" type="int" />
			<description>
			</description>
		</method>
		<method name="put_data">
			<return type="int" enum="Error" />
			<argument index="0" name="data" type="PoolByteArray" />
			<description>
			</description>
		</method>
		<method name="put_double">
			<return type="void" />
			<argument index="0" name="value" type="float" />
			<description>
			</description>
		</method>
		<method name="put_float">
			<return type="void" />
			<argument index="0" name="value" type="float" />
			<description>
			</description>
		</method>
		<method name="put_partial_data">
			<return type="Array" />
			<argument index="0" name="data" type="PoolByteArray" />
			<description>
			</description>
		</method>
		<method name="put_string">
			<return type="void" />
			<argument index="0" name="value" type="String" />
			<description>
			</description>
		</method>
		<method name="put_u16">
			<return type="void" />
			<argument index="0" name="value" type="int" />
			<description>
			</description>
		</method>
		<method name="put_u32">
			<return type="void" />
			<argument index="0" name="value" type="int" />
			<description>
			</description>
		</method>
		<method name="put_u64">
			<return type="void" />
			<argument index="0" name="value" type="int" />
			<description>
			</description>
		</method>
		<method name="put_u8">
			<return type="void" />
			<argument index="0" name="value" type="int" />
			<description>
			</description>
		</method>
		<method name="put_utf8_string">
			<return type="void" />
			<argument index="0" name="value" type="String" />
			<description>
			</description>
		</method>
		<method name="put_var">
			<return type="void" />
			<argument index="0" name="value" type="Variant" />
			<argument index="1" name="full_objects" type="bool" default="false" />
			<description>
			</description>
		</method>
	</methods>
	<members>
		<member name="big_endian" type="bool" setter="set_big_endian" getter="is_big_endian_enabled" default="false">
		</member>
	</members>
	<constants>
	</constants>
</class>
