<?xml version="1.0" encoding="UTF-8" ?>
<class name="StreamPeerSSL" inherits="StreamPeer" version="3.3">
	<brief_description>
	</brief_description>
	<description>
	</description>
	<tutorials>
	</tutorials>
	<methods>
		<method name="accept_stream">
			<return type="int" enum="Error" />
			<argument index="0" name="stream" type="StreamPeer" />
			<argument index="1" name="private_key" type="CryptoKey" />
			<argument index="2" name="certificate" type="X509Certificate" />
			<argument index="3" name="chain" type="X509Certificate" default="null" />
			<description>
			</description>
		</method>
		<method name="connect_to_stream">
			<return type="int" enum="Error" />
			<argument index="0" name="stream" type="StreamPeer" />
			<argument index="1" name="validate_certs" type="bool" default="false" />
			<argument index="2" name="for_hostname" type="String" default="&quot;&quot;" />
			<argument index="3" name="valid_certificate" type="X509Certificate" default="null" />
			<description>
			</description>
		</method>
		<method name="disconnect_from_stream">
			<return type="void" />
			<description>
			</description>
		</method>
		<method name="get_status" qualifiers="const">
			<return type="int" enum="StreamPeerSSL.Status" />
			<description>
			</description>
		</method>
		<method name="poll">
			<return type="void" />
			<description>
			</description>
		</method>
	</methods>
	<members>
		<member name="blocking_handshake" type="bool" setter="set_blocking_handshake_enabled" getter="is_blocking_handshake_enabled" default="true">
		</member>
	</members>
	<constants>
		<constant name="STATUS_DISCONNECTED" value="0" enum="Status">
		</constant>
		<constant name="STATUS_HANDSHAKING" value="1" enum="Status">
		</constant>
		<constant name="STATUS_CONNECTED" value="2" enum="Status">
		</constant>
		<constant name="STATUS_ERROR" value="3" enum="Status">
		</constant>
		<constant name="STATUS_ERROR_HOSTNAME_MISMATCH" value="4" enum="Status">
		</constant>
	</constants>
</class>
