<?xml version="1.0" encoding="UTF-8" ?>
<class name="StyleBoxTexture" inherits="StyleBox" version="3.3">
	<brief_description>
	</brief_description>
	<description>
	</description>
	<tutorials>
	</tutorials>
	<methods>
		<method name="get_expand_margin_size" qualifiers="const">
			<return type="float" />
			<argument index="0" name="margin" type="int" enum="Margin" />
			<description>
			</description>
		</method>
		<method name="get_margin_size" qualifiers="const">
			<return type="float" />
			<argument index="0" name="margin" type="int" enum="Margin" />
			<description>
			</description>
		</method>
		<method name="set_expand_margin_all">
			<return type="void" />
			<argument index="0" name="size" type="float" />
			<description>
			</description>
		</method>
		<method name="set_expand_margin_individual">
			<return type="void" />
			<argument index="0" name="size_left" type="float" />
			<argument index="1" name="size_top" type="float" />
			<argument index="2" name="size_right" type="float" />
			<argument index="3" name="size_bottom" type="float" />
			<description>
			</description>
		</method>
		<method name="set_expand_margin_size">
			<return type="void" />
			<argument index="0" name="margin" type="int" enum="Margin" />
			<argument index="1" name="size" type="float" />
			<description>
			</description>
		</method>
		<method name="set_margin_size">
			<return type="void" />
			<argument index="0" name="margin" type="int" enum="Margin" />
			<argument index="1" name="size" type="float" />
			<description>
			</description>
		</method>
	</methods>
	<members>
		<member name="axis_stretch_horizontal" type="int" setter="set_h_axis_stretch_mode" getter="get_h_axis_stretch_mode" enum="StyleBoxTexture.AxisStretchMode" default="0">
		</member>
		<member name="axis_stretch_vertical" type="int" setter="set_v_axis_stretch_mode" getter="get_v_axis_stretch_mode" enum="StyleBoxTexture.AxisStretchMode" default="0">
		</member>
		<member name="draw_center" type="bool" setter="set_draw_center" getter="is_draw_center_enabled" default="true">
		</member>
		<member name="expand_margin_bottom" type="float" setter="set_expand_margin_size" getter="get_expand_margin_size" default="0.0">
		</member>
		<member name="expand_margin_left" type="float" setter="set_expand_margin_size" getter="get_expand_margin_size" default="0.0">
		</member>
		<member name="expand_margin_right" type="float" setter="set_expand_margin_size" getter="get_expand_margin_size" default="0.0">
		</member>
		<member name="expand_margin_top" type="float" setter="set_expand_margin_size" getter="get_expand_margin_size" default="0.0">
		</member>
		<member name="margin_bottom" type="float" setter="set_margin_size" getter="get_margin_size" default="0.0">
		</member>
		<member name="margin_left" type="float" setter="set_margin_size" getter="get_margin_size" default="0.0">
		</member>
		<member name="margin_right" type="float" setter="set_margin_size" getter="get_margin_size" default="0.0">
		</member>
		<member name="margin_top" type="float" setter="set_margin_size" getter="get_margin_size" default="0.0">
		</member>
		<member name="modulate_color" type="Color" setter="set_modulate" getter="get_modulate" default="Color( 1, 1, 1, 1 )">
		</member>
		<member name="normal_map" type="Texture" setter="set_normal_map" getter="get_normal_map">
		</member>
		<member name="region_rect" type="Rect2" setter="set_region_rect" getter="get_region_rect" default="Rect2( 0, 0, 0, 0 )">
		</member>
		<member name="texture" type="Texture" setter="set_texture" getter="get_texture">
		</member>
	</members>
	<signals>
		<signal name="texture_changed">
			<description>
			</description>
		</signal>
	</signals>
	<constants>
		<constant name="AXIS_STRETCH_MODE_STRETCH" value="0" enum="AxisStretchMode">
		</constant>
		<constant name="AXIS_STRETCH_MODE_TILE" value="1" enum="AxisStretchMode">
		</constant>
		<constant name="AXIS_STRETCH_MODE_TILE_FIT" value="2" enum="AxisStretchMode">
		</constant>
	</constants>
</class>
