<?xml version="1.0" encoding="UTF-8" ?>
<class name="SurfaceTool" inherits="Reference" version="3.3">
	<brief_description>
	</brief_description>
	<description>
	</description>
	<tutorials>
	</tutorials>
	<methods>
		<method name="add_bones">
			<return type="void" />
			<argument index="0" name="bones" type="PoolIntArray" />
			<description>
			</description>
		</method>
		<method name="add_color">
			<return type="void" />
			<argument index="0" name="color" type="Color" />
			<description>
			</description>
		</method>
		<method name="add_index">
			<return type="void" />
			<argument index="0" name="index" type="int" />
			<description>
			</description>
		</method>
		<method name="add_normal">
			<return type="void" />
			<argument index="0" name="normal" type="Vector3" />
			<description>
			</description>
		</method>
		<method name="add_smooth_group">
			<return type="void" />
			<argument index="0" name="smooth" type="bool" />
			<description>
			</description>
		</method>
		<method name="add_tangent">
			<return type="void" />
			<argument index="0" name="tangent" type="Plane" />
			<description>
			</description>
		</method>
		<method name="add_triangle_fan">
			<return type="void" />
			<argument index="0" name="vertices" type="PoolVector3Array" />
			<argument index="1" name="uvs" type="PoolVector2Array" default="PoolVector2Array(  )" />
			<argument index="2" name="colors" type="PoolColorArray" default="PoolColorArray(  )" />
			<argument index="3" name="uv2s" type="PoolVector2Array" default="PoolVector2Array(  )" />
			<argument index="4" name="normals" type="PoolVector3Array" default="PoolVector3Array(  )" />
			<argument index="5" name="tangents" type="Array" default="[  ]" />
			<description>
			</description>
		</method>
		<method name="add_uv">
			<return type="void" />
			<argument index="0" name="uv" type="Vector2" />
			<description>
			</description>
		</method>
		<method name="add_uv2">
			<return type="void" />
			<argument index="0" name="uv2" type="Vector2" />
			<description>
			</description>
		</method>
		<method name="add_vertex">
			<return type="void" />
			<argument index="0" name="vertex" type="Vector3" />
			<description>
			</description>
		</method>
		<method name="add_weights">
			<return type="void" />
			<argument index="0" name="weights" type="PoolRealArray" />
			<description>
			</description>
		</method>
		<method name="append_from">
			<return type="void" />
			<argument index="0" name="existing" type="Mesh" />
			<argument index="1" name="surface" type="int" />
			<argument index="2" name="transform" type="Transform" />
			<description>
			</description>
		</method>
		<method name="begin">
			<return type="void" />
			<argument index="0" name="primitive" type="int" enum="Mesh.PrimitiveType" />
			<description>
			</description>
		</method>
		<method name="clear">
			<return type="void" />
			<description>
			</description>
		</method>
		<method name="commit">
			<return type="ArrayMesh" />
			<argument index="0" name="existing" type="ArrayMesh" default="null" />
			<argument index="1" name="flags" type="int" default="97280" />
			<description>
			</description>
		</method>
		<method name="commit_to_arrays">
			<return type="Array" />
			<description>
			</description>
		</method>
		<method name="create_from">
			<return type="void" />
			<argument index="0" name="existing" type="Mesh" />
			<argument index="1" name="surface" type="int" />
			<description>
			</description>
		</method>
		<method name="create_from_blend_shape">
			<return type="void" />
			<argument index="0" name="existing" type="Mesh" />
			<argument index="1" name="surface" type="int" />
			<argument index="2" name="blend_shape" type="String" />
			<description>
			</description>
		</method>
		<method name="deindex">
			<return type="void" />
			<description>
			</description>
		</method>
		<method name="generate_normals">
			<return type="void" />
			<argument index="0" name="flip" type="bool" default="false" />
			<description>
			</description>
		</method>
		<method name="generate_tangents">
			<return type="void" />
			<description>
			</description>
		</method>
		<method name="index">
			<return type="void" />
			<description>
			</description>
		</method>
		<method name="set_material">
			<return type="void" />
			<argument index="0" name="material" type="Material" />
			<description>
			</description>
		</method>
	</methods>
	<constants>
	</constants>
</class>
