<?xml version="1.0" encoding="UTF-8" ?>
<class name="Thread" inherits="Reference" version="3.3">
	<brief_description>
	</brief_description>
	<description>
	</description>
	<tutorials>
	</tutorials>
	<methods>
		<method name="get_id" qualifiers="const">
			<return type="String" />
			<description>
			</description>
		</method>
		<method name="is_active" qualifiers="const">
			<return type="bool" />
			<description>
			</description>
		</method>
		<method name="start">
			<return type="int" enum="Error" />
			<argument index="0" name="instance" type="Object" />
			<argument index="1" name="method" type="String" />
			<argument index="2" name="userdata" type="Variant" default="null" />
			<argument index="3" name="priority" type="int" enum="Thread.Priority" default="1" />
			<description>
			</description>
		</method>
		<method name="wait_to_finish">
			<return type="Variant" />
			<description>
			</description>
		</method>
	</methods>
	<constants>
		<constant name="PRIORITY_LOW" value="0" enum="Priority">
		</constant>
		<constant name="PRIORITY_NORMAL" value="1" enum="Priority">
		</constant>
		<constant name="PRIORITY_HIGH" value="2" enum="Priority">
		</constant>
	</constants>
</class>
