<?xml version="1.0" encoding="UTF-8" ?>
<class name="TranslationServer" inherits="Object" version="3.3">
	<brief_description>
	</brief_description>
	<description>
	</description>
	<tutorials>
	</tutorials>
	<methods>
		<method name="add_translation">
			<return type="void" />
			<argument index="0" name="translation" type="Translation" />
			<description>
			</description>
		</method>
		<method name="clear">
			<return type="void" />
			<description>
			</description>
		</method>
		<method name="get_loaded_locales" qualifiers="const">
			<return type="Array" />
			<description>
			</description>
		</method>
		<method name="get_locale" qualifiers="const">
			<return type="String" />
			<description>
			</description>
		</method>
		<method name="get_locale_name" qualifiers="const">
			<return type="String" />
			<argument index="0" name="locale" type="String" />
			<description>
			</description>
		</method>
		<method name="remove_translation">
			<return type="void" />
			<argument index="0" name="translation" type="Translation" />
			<description>
			</description>
		</method>
		<method name="set_locale">
			<return type="void" />
			<argument index="0" name="locale" type="String" />
			<description>
			</description>
		</method>
		<method name="translate" qualifiers="const">
			<return type="String" />
			<argument index="0" name="message" type="String" />
			<description>
			</description>
		</method>
	</methods>
	<constants>
	</constants>
</class>
