<?xml version="1.0" encoding="UTF-8" ?>
<class name="TreeItem" inherits="Object" version="3.3">
	<brief_description>
	</brief_description>
	<description>
	</description>
	<tutorials>
	</tutorials>
	<methods>
		<method name="add_button">
			<return type="void" />
			<argument index="0" name="column" type="int" />
			<argument index="1" name="button" type="Texture" />
			<argument index="2" name="button_idx" type="int" default="-1" />
			<argument index="3" name="disabled" type="bool" default="false" />
			<argument index="4" name="tooltip" type="String" default="&quot;&quot;" />
			<description>
			</description>
		</method>
		<method name="call_recursive" qualifiers="vararg">
			<return type="Variant" />
			<argument index="0" name="method" type="String" />
			<description>
			</description>
		</method>
		<method name="clear_custom_bg_color">
			<return type="void" />
			<argument index="0" name="column" type="int" />
			<description>
			</description>
		</method>
		<method name="clear_custom_color">
			<return type="void" />
			<argument index="0" name="column" type="int" />
			<description>
			</description>
		</method>
		<method name="deselect">
			<return type="void" />
			<argument index="0" name="column" type="int" />
			<description>
			</description>
		</method>
		<method name="erase_button">
			<return type="void" />
			<argument index="0" name="column" type="int" />
			<argument index="1" name="button_idx" type="int" />
			<description>
			</description>
		</method>
		<method name="get_button" qualifiers="const">
			<return type="Texture" />
			<argument index="0" name="column" type="int" />
			<argument index="1" name="button_idx" type="int" />
			<description>
			</description>
		</method>
		<method name="get_button_count" qualifiers="const">
			<return type="int" />
			<argument index="0" name="column" type="int" />
			<description>
			</description>
		</method>
		<method name="get_button_tooltip" qualifiers="const">
			<return type="String" />
			<argument index="0" name="column" type="int" />
			<argument index="1" name="button_idx" type="int" />
			<description>
			</description>
		</method>
		<method name="get_cell_mode" qualifiers="const">
			<return type="int" enum="TreeItem.TreeCellMode" />
			<argument index="0" name="column" type="int" />
			<description>
			</description>
		</method>
		<method name="get_children">
			<return type="TreeItem" />
			<description>
			</description>
		</method>
		<method name="get_custom_bg_color" qualifiers="const">
			<return type="Color" />
			<argument index="0" name="column" type="int" />
			<description>
			</description>
		</method>
		<method name="get_custom_color" qualifiers="const">
			<return type="Color" />
			<argument index="0" name="column" type="int" />
			<description>
			</description>
		</method>
		<method name="get_expand_right" qualifiers="const">
			<return type="bool" />
			<argument index="0" name="column" type="int" />
			<description>
			</description>
		</method>
		<method name="get_icon" qualifiers="const">
			<return type="Texture" />
			<argument index="0" name="column" type="int" />
			<description>
			</description>
		</method>
		<method name="get_icon_max_width" qualifiers="const">
			<return type="int" />
			<argument index="0" name="column" type="int" />
			<description>
			</description>
		</method>
		<method name="get_icon_modulate" qualifiers="const">
			<return type="Color" />
			<argument index="0" name="column" type="int" />
			<description>
			</description>
		</method>
		<method name="get_icon_region" qualifiers="const">
			<return type="Rect2" />
			<argument index="0" name="column" type="int" />
			<description>
			</description>
		</method>
		<method name="get_metadata" qualifiers="const">
			<return type="Variant" />
			<argument index="0" name="column" type="int" />
			<description>
			</description>
		</method>
		<method name="get_next">
			<return type="TreeItem" />
			<description>
			</description>
		</method>
		<method name="get_next_visible">
			<return type="TreeItem" />
			<argument index="0" name="wrap" type="bool" default="false" />
			<description>
			</description>
		</method>
		<method name="get_parent">
			<return type="TreeItem" />
			<description>
			</description>
		</method>
		<method name="get_prev">
			<return type="TreeItem" />
			<description>
			</description>
		</method>
		<method name="get_prev_visible">
			<return type="TreeItem" />
			<argument index="0" name="wrap" type="bool" default="false" />
			<description>
			</description>
		</method>
		<method name="get_range" qualifiers="const">
			<return type="float" />
			<argument index="0" name="column" type="int" />
			<description>
			</description>
		</method>
		<method name="get_range_config">
			<return type="Dictionary" />
			<argument index="0" name="column" type="int" />
			<description>
			</description>
		</method>
		<method name="get_suffix" qualifiers="const">
			<return type="String" />
			<argument index="0" name="column" type="int" />
			<description>
			</description>
		</method>
		<method name="get_text" qualifiers="const">
			<return type="String" />
			<argument index="0" name="column" type="int" />
			<description>
			</description>
		</method>
		<method name="get_text_align" qualifiers="const">
			<return type="int" enum="TreeItem.TextAlign" />
			<argument index="0" name="column" type="int" />
			<description>
			</description>
		</method>
		<method name="get_tooltip" qualifiers="const">
			<return type="String" />
			<argument index="0" name="column" type="int" />
			<description>
			</description>
		</method>
		<method name="is_button_disabled" qualifiers="const">
			<return type="bool" />
			<argument index="0" name="column" type="int" />
			<argument index="1" name="button_idx" type="int" />
			<description>
			</description>
		</method>
		<method name="is_checked" qualifiers="const">
			<return type="bool" />
			<argument index="0" name="column" type="int" />
			<description>
			</description>
		</method>
		<method name="is_custom_set_as_button" qualifiers="const">
			<return type="bool" />
			<argument index="0" name="column" type="int" />
			<description>
			</description>
		</method>
		<method name="is_editable">
			<return type="bool" />
			<argument index="0" name="column" type="int" />
			<description>
			</description>
		</method>
		<method name="is_selectable" qualifiers="const">
			<return type="bool" />
			<argument index="0" name="column" type="int" />
			<description>
			</description>
		</method>
		<method name="is_selected">
			<return type="bool" />
			<argument index="0" name="column" type="int" />
			<description>
			</description>
		</method>
		<method name="move_to_bottom">
			<return type="void" />
			<description>
			</description>
		</method>
		<method name="move_to_top">
			<return type="void" />
			<description>
			</description>
		</method>
		<method name="remove_child">
			<return type="void" />
			<argument index="0" name="child" type="Object" />
			<description>
			</description>
		</method>
		<method name="select">
			<return type="void" />
			<argument index="0" name="column" type="int" />
			<description>
			</description>
		</method>
		<method name="set_button">
			<return type="void" />
			<argument index="0" name="column" type="int" />
			<argument index="1" name="button_idx" type="int" />
			<argument index="2" name="button" type="Texture" />
			<description>
			</description>
		</method>
		<method name="set_button_disabled">
			<return type="void" />
			<argument index="0" name="column" type="int" />
			<argument index="1" name="button_idx" type="int" />
			<argument index="2" name="disabled" type="bool" />
			<description>
			</description>
		</method>
		<method name="set_cell_mode">
			<return type="void" />
			<argument index="0" name="column" type="int" />
			<argument index="1" name="mode" type="int" enum="TreeItem.TreeCellMode" />
			<description>
			</description>
		</method>
		<method name="set_checked">
			<return type="void" />
			<argument index="0" name="column" type="int" />
			<argument index="1" name="checked" type="bool" />
			<description>
			</description>
		</method>
		<method name="set_custom_as_button">
			<return type="void" />
			<argument index="0" name="column" type="int" />
			<argument index="1" name="enable" type="bool" />
			<description>
			</description>
		</method>
		<method name="set_custom_bg_color">
			<return type="void" />
			<argument index="0" name="column" type="int" />
			<argument index="1" name="color" type="Color" />
			<argument index="2" name="just_outline" type="bool" default="false" />
			<description>
			</description>
		</method>
		<method name="set_custom_color">
			<return type="void" />
			<argument index="0" name="column" type="int" />
			<argument index="1" name="color" type="Color" />
			<description>
			</description>
		</method>
		<method name="set_custom_draw">
			<return type="void" />
			<argument index="0" name="column" type="int" />
			<argument index="1" name="object" type="Object" />
			<argument index="2" name="callback" type="String" />
			<description>
			</description>
		</method>
		<method name="set_editable">
			<return type="void" />
			<argument index="0" name="column" type="int" />
			<argument index="1" name="enabled" type="bool" />
			<description>
			</description>
		</method>
		<method name="set_expand_right">
			<return type="void" />
			<argument index="0" name="column" type="int" />
			<argument index="1" name="enable" type="bool" />
			<description>
			</description>
		</method>
		<method name="set_icon">
			<return type="void" />
			<argument index="0" name="column" type="int" />
			<argument index="1" name="texture" type="Texture" />
			<description>
			</description>
		</method>
		<method name="set_icon_max_width">
			<return type="void" />
			<argument index="0" name="column" type="int" />
			<argument index="1" name="width" type="int" />
			<description>
			</description>
		</method>
		<method name="set_icon_modulate">
			<return type="void" />
			<argument index="0" name="column" type="int" />
			<argument index="1" name="modulate" type="Color" />
			<description>
			</description>
		</method>
		<method name="set_icon_region">
			<return type="void" />
			<argument index="0" name="column" type="int" />
			<argument index="1" name="region" type="Rect2" />
			<description>
			</description>
		</method>
		<method name="set_metadata">
			<return type="void" />
			<argument index="0" name="column" type="int" />
			<argument index="1" name="meta" type="Variant" />
			<description>
			</description>
		</method>
		<method name="set_range">
			<return type="void" />
			<argument index="0" name="column" type="int" />
			<argument index="1" name="value" type="float" />
			<description>
			</description>
		</method>
		<method name="set_range_config">
			<return type="void" />
			<argument index="0" name="column" type="int" />
			<argument index="1" name="min" type="float" />
			<argument index="2" name="max" type="float" />
			<argument index="3" name="step" type="float" />
			<argument index="4" name="expr" type="bool" default="false" />
			<description>
			</description>
		</method>
		<method name="set_selectable">
			<return type="void" />
			<argument index="0" name="column" type="int" />
			<argument index="1" name="selectable" type="bool" />
			<description>
			</description>
		</method>
		<method name="set_suffix">
			<return type="void" />
			<argument index="0" name="column" type="int" />
			<argument index="1" name="text" type="String" />
			<description>
			</description>
		</method>
		<method name="set_text">
			<return type="void" />
			<argument index="0" name="column" type="int" />
			<argument index="1" name="text" type="String" />
			<description>
			</description>
		</method>
		<method name="set_text_align">
			<return type="void" />
			<argument index="0" name="column" type="int" />
			<argument index="1" name="text_align" type="int" enum="TreeItem.TextAlign" />
			<description>
			</description>
		</method>
		<method name="set_tooltip">
			<return type="void" />
			<argument index="0" name="column" type="int" />
			<argument index="1" name="tooltip" type="String" />
			<description>
			</description>
		</method>
	</methods>
	<members>
		<member name="collapsed" type="bool" setter="set_collapsed" getter="is_collapsed">
		</member>
		<member name="custom_minimum_height" type="int" setter="set_custom_minimum_height" getter="get_custom_minimum_height">
		</member>
		<member name="disable_folding" type="bool" setter="set_disable_folding" getter="is_folding_disabled">
		</member>
	</members>
	<constants>
		<constant name="CELL_MODE_STRING" value="0" enum="TreeCellMode">
		</constant>
		<constant name="CELL_MODE_CHECK" value="1" enum="TreeCellMode">
		</constant>
		<constant name="CELL_MODE_RANGE" value="2" enum="TreeCellMode">
		</constant>
		<constant name="CELL_MODE_ICON" value="3" enum="TreeCellMode">
		</constant>
		<constant name="CELL_MODE_CUSTOM" value="4" enum="TreeCellMode">
		</constant>
		<constant name="ALIGN_LEFT" value="0" enum="TextAlign">
		</constant>
		<constant name="ALIGN_CENTER" value="1" enum="TextAlign">
		</constant>
		<constant name="ALIGN_RIGHT" value="2" enum="TextAlign">
		</constant>
	</constants>
</class>
