<?xml version="1.0" encoding="UTF-8" ?>
<class name="UndoRedo" inherits="Object" version="3.3">
	<brief_description>
	</brief_description>
	<description>
	</description>
	<tutorials>
	</tutorials>
	<methods>
		<method name="add_do_method" qualifiers="vararg">
			<return type="void" />
			<argument index="0" name="object" type="Object" />
			<argument index="1" name="method" type="String" />
			<description>
			</description>
		</method>
		<method name="add_do_property">
			<return type="void" />
			<argument index="0" name="object" type="Object" />
			<argument index="1" name="property" type="String" />
			<argument index="2" name="value" type="Variant" />
			<description>
			</description>
		</method>
		<method name="add_do_reference">
			<return type="void" />
			<argument index="0" name="object" type="Object" />
			<description>
			</description>
		</method>
		<method name="add_undo_method" qualifiers="vararg">
			<return type="void" />
			<argument index="0" name="object" type="Object" />
			<argument index="1" name="method" type="String" />
			<description>
			</description>
		</method>
		<method name="add_undo_property">
			<return type="void" />
			<argument index="0" name="object" type="Object" />
			<argument index="1" name="property" type="String" />
			<argument index="2" name="value" type="Variant" />
			<description>
			</description>
		</method>
		<method name="add_undo_reference">
			<return type="void" />
			<argument index="0" name="object" type="Object" />
			<description>
			</description>
		</method>
		<method name="clear_history">
			<return type="void" />
			<argument index="0" name="increase_version" type="bool" default="true" />
			<description>
			</description>
		</method>
		<method name="commit_action">
			<return type="void" />
			<description>
			</description>
		</method>
		<method name="create_action">
			<return type="void" />
			<argument index="0" name="name" type="String" />
			<argument index="1" name="merge_mode" type="int" enum="UndoRedo.MergeMode" default="0" />
			<description>
			</description>
		</method>
		<method name="get_current_action_name" qualifiers="const">
			<return type="String" />
			<description>
			</description>
		</method>
		<method name="get_version" qualifiers="const">
			<return type="int" />
			<description>
			</description>
		</method>
		<method name="has_redo">
			<return type="bool" />
			<description>
			</description>
		</method>
		<method name="has_undo">
			<return type="bool" />
			<description>
			</description>
		</method>
		<method name="is_commiting_action" qualifiers="const">
			<return type="bool" />
			<description>
			</description>
		</method>
		<method name="redo">
			<return type="bool" />
			<description>
			</description>
		</method>
		<method name="undo">
			<return type="bool" />
			<description>
			</description>
		</method>
	</methods>
	<signals>
		<signal name="version_changed">
			<description>
			</description>
		</signal>
	</signals>
	<constants>
		<constant name="MERGE_DISABLE" value="0" enum="MergeMode">
		</constant>
		<constant name="MERGE_ENDS" value="1" enum="MergeMode">
		</constant>
		<constant name="MERGE_ALL" value="2" enum="MergeMode">
		</constant>
	</constants>
</class>
