<?xml version="1.0" encoding="UTF-8" ?>
<class name="VehicleBody" inherits="RigidBody" version="3.3">
	<brief_description>
	</brief_description>
	<description>
	</description>
	<tutorials>
	</tutorials>
	<methods>
	</methods>
	<members>
		<member name="brake" type="float" setter="set_brake" getter="get_brake" default="0.0">
		</member>
		<member name="engine_force" type="float" setter="set_engine_force" getter="get_engine_force" default="0.0">
		</member>
		<member name="mass" type="float" setter="set_mass" getter="get_mass" override="true" default="40.0" />
		<member name="steering" type="float" setter="set_steering" getter="get_steering" default="0.0">
		</member>
		<member name="weight" type="float" setter="set_weight" getter="get_weight" override="true" default="392.0" />
	</members>
	<constants>
	</constants>
</class>
