<?xml version="1.0" encoding="UTF-8" ?>
<class name="VehicleWheel" inherits="Spatial" version="3.3">
	<brief_description>
	</brief_description>
	<description>
	</description>
	<tutorials>
	</tutorials>
	<methods>
		<method name="get_rpm" qualifiers="const">
			<return type="float" />
			<description>
			</description>
		</method>
		<method name="get_skidinfo" qualifiers="const">
			<return type="float" />
			<description>
			</description>
		</method>
		<method name="is_in_contact" qualifiers="const">
			<return type="bool" />
			<description>
			</description>
		</method>
	</methods>
	<members>
		<member name="brake" type="float" setter="set_brake" getter="get_brake" default="0.0">
		</member>
		<member name="damping_compression" type="float" setter="set_damping_compression" getter="get_damping_compression" default="0.83">
		</member>
		<member name="damping_relaxation" type="float" setter="set_damping_relaxation" getter="get_damping_relaxation" default="0.88">
		</member>
		<member name="engine_force" type="float" setter="set_engine_force" getter="get_engine_force" default="0.0">
		</member>
		<member name="steering" type="float" setter="set_steering" getter="get_steering" default="0.0">
		</member>
		<member name="suspension_max_force" type="float" setter="set_suspension_max_force" getter="get_suspension_max_force" default="6000.0">
		</member>
		<member name="suspension_stiffness" type="float" setter="set_suspension_stiffness" getter="get_suspension_stiffness" default="5.88">
		</member>
		<member name="suspension_travel" type="float" setter="set_suspension_travel" getter="get_suspension_travel" default="5.0">
		</member>
		<member name="use_as_steering" type="bool" setter="set_use_as_steering" getter="is_used_as_steering" default="false">
		</member>
		<member name="use_as_traction" type="bool" setter="set_use_as_traction" getter="is_used_as_traction" default="false">
		</member>
		<member name="wheel_friction_slip" type="float" setter="set_friction_slip" getter="get_friction_slip" default="10.5">
		</member>
		<member name="wheel_radius" type="float" setter="set_radius" getter="get_radius" default="0.5">
		</member>
		<member name="wheel_rest_length" type="float" setter="set_suspension_rest_length" getter="get_suspension_rest_length" default="0.15">
		</member>
		<member name="wheel_roll_influence" type="float" setter="set_roll_influence" getter="get_roll_influence" default="0.1">
		</member>
	</members>
	<constants>
	</constants>
</class>
