<?xml version="1.0" encoding="UTF-8" ?>
<class name="ViewportContainer" inherits="Container" version="3.3">
	<brief_description>
	</brief_description>
	<description>
	</description>
	<tutorials>
	</tutorials>
	<methods>
	</methods>
	<members>
		<member name="stretch" type="bool" setter="set_stretch" getter="is_stretch_enabled" default="false">
		</member>
		<member name="stretch_shrink" type="int" setter="set_stretch_shrink" getter="get_stretch_shrink" default="1">
		</member>
	</members>
	<constants>
	</constants>
</class>
