<?xml version="1.0" encoding="UTF-8" ?>
<class name="VisualShaderNodeTransformMult" inherits="VisualShaderNode" version="3.3">
	<brief_description>
	</brief_description>
	<description>
	</description>
	<tutorials>
	</tutorials>
	<methods>
	</methods>
	<members>
		<member name="operator" type="int" setter="set_operator" getter="get_operator" enum="VisualShaderNodeTransformMult.Operator" default="0">
		</member>
	</members>
	<constants>
		<constant name="OP_AxB" value="0" enum="Operator">
		</constant>
		<constant name="OP_BxA" value="1" enum="Operator">
		</constant>
		<constant name="OP_AxB_COMP" value="2" enum="Operator">
		</constant>
		<constant name="OP_BxA_COMP" value="3" enum="Operator">
		</constant>
	</constants>
</class>
