<?xml version="1.0" encoding="UTF-8" ?>
<class name="World" inherits="Resource" version="3.3">
	<brief_description>
	</brief_description>
	<description>
	</description>
	<tutorials>
	</tutorials>
	<methods>
	</methods>
	<members>
		<member name="direct_space_state" type="PhysicsDirectSpaceState" setter="" getter="get_direct_space_state">
		</member>
		<member name="environment" type="Environment" setter="set_environment" getter="get_environment">
		</member>
		<member name="fallback_environment" type="Environment" setter="set_fallback_environment" getter="get_fallback_environment">
		</member>
		<member name="scenario" type="RID" setter="" getter="get_scenario">
		</member>
		<member name="space" type="RID" setter="" getter="get_space">
		</member>
	</members>
	<constants>
	</constants>
</class>
