<?xml version="1.0" encoding="UTF-8" ?>
<class name="AudioEffectNotchFilter" inherits="AudioEffectFilter" version="4.0" xmlns:xsi="http://www.w3.org/2001/XMLSchema-instance" xsi:noNamespaceSchemaLocation="../class.xsd">
	<brief_description>
		Adds a notch filter to the Audio bus.
	</brief_description>
	<description>
		Attenuates frequencies in a narrow band around the [member AudioEffectFilter.cutoff_hz] and cuts frequencies outside of this range.
	</description>
	<tutorials>
		<link title="Audio buses">$DOCS_URL/tutorials/audio/audio_buses.html</link>
	</tutorials>
</class>
