<?xml version="1.0" encoding="UTF-8" ?>
<class name="BackBufferCopy" inherits="Node2D" version="4.0" xmlns:xsi="http://www.w3.org/2001/XMLSchema-instance" xsi:noNamespaceSchemaLocation="../class.xsd">
	<brief_description>
		Copies a region of the screen (or the whole screen) to a buffer so it can be accessed in your shader scripts using the screen texture (i.e. a uniform sampler with ``hint_screen_texture``).
	</brief_description>
	<description>
		Node for back-buffering the currently-displayed screen. The region defined in the [BackBufferCopy] node is buffered with the content of the screen it covers, or the entire screen according to the copy mode set. Use the screen texture in your shader scripts to access the buffer.
		[b]Note:[/b] Since this node inherits from [Node2D] (and not [Control]), anchors and margins won't apply to child [Control]-derived nodes. This can be problematic when resizing the window. To avoid this, add [Control]-derived nodes as [i]siblings[/i] to the [BackBufferCopy] node instead of adding them as children.
	</description>
	<tutorials>
	</tutorials>
	<members>
		<member name="copy_mode" type="int" setter="set_copy_mode" getter="get_copy_mode" enum="BackBufferCopy.CopyMode" default="1">
			Buffer mode. See [enum CopyMode] constants.
		</member>
		<member name="rect" type="Rect2" setter="set_rect" getter="get_rect" default="Rect2(-100, -100, 200, 200)">
			The area covered by the [BackBufferCopy]. Only used if [member copy_mode] is [constant COPY_MODE_RECT].
		</member>
	</members>
	<constants>
		<constant name="COPY_MODE_DISABLED" value="0" enum="CopyMode">
			Disables the buffering mode. This means the [BackBufferCopy] node will directly use the portion of screen it covers.
		</constant>
		<constant name="COPY_MODE_RECT" value="1" enum="CopyMode">
			[BackBufferCopy] buffers a rectangular region.
		</constant>
		<constant name="COPY_MODE_VIEWPORT" value="2" enum="CopyMode">
			[BackBufferCopy] buffers the entire screen.
		</constant>
	</constants>
</class>
