<?xml version="1.0" encoding="UTF-8" ?>
<class name="CodeEdit" inherits="TextEdit" version="4.0" xmlns:xsi="http://www.w3.org/2001/XMLSchema-instance" xsi:noNamespaceSchemaLocation="../class.xsd">
	<brief_description>
		A multiline text editor designed for editing code.
	</brief_description>
	<description>
		CodeEdit is a specialized [TextEdit] designed for editing plain text code files. It has many features commonly found in code editors such as line numbers, line folding, code completion, indent management, and string/comment management.
		[b]Note:[/b] Regardless of locale, [CodeEdit] will by default always use left-to-right text direction to correctly display source code.
	</description>
	<tutorials>
	</tutorials>
	<methods>
		<method name="_confirm_code_completion" qualifiers="virtual">
			<return type="void" />
			<param index="0" name="replace" type="bool" />
			<description>
				Override this method to define how the selected entry should be inserted. If [param replace] is true, any existing text should be replaced.
			</description>
		</method>
		<method name="_filter_code_completion_candidates" qualifiers="virtual const">
			<return type="Dictionary[]" />
			<param index="0" name="candidates" type="Dictionary[]" />
			<description>
				Override this method to define what items in [param candidates] should be displayed.
				Both [param candidates] and the return is a [Array] of [Dictionary], see [method get_code_completion_option] for [Dictionary] content.
			</description>
		</method>
		<method name="_request_code_completion" qualifiers="virtual">
			<return type="void" />
			<param index="0" name="force" type="bool" />
			<description>
				Override this method to define what happens when the user requests code completion. If [param force] is true, any checks should be bypassed.
			</description>
		</method>
		<method name="add_auto_brace_completion_pair">
			<return type="void" />
			<param index="0" name="start_key" type="String" />
			<param index="1" name="end_key" type="String" />
			<description>
				Adds a brace pair.
				Both the start and end keys must be symbols. Only the start key has to be unique.
			</description>
		</method>
		<method name="add_code_completion_option">
			<return type="void" />
			<param index="0" name="type" type="int" enum="CodeEdit.CodeCompletionKind" />
			<param index="1" name="display_text" type="String" />
			<param index="2" name="insert_text" type="String" />
			<param index="3" name="text_color" type="Color" default="Color(1, 1, 1, 1)" />
			<param index="4" name="icon" type="Resource" default="null" />
			<param index="5" name="value" type="Variant" default="0" />
			<description>
				Submits an item to the queue of potential candidates for the autocomplete menu. Call [method update_code_completion_options] to update the list.
				[b]Note:[/b] This list will replace all current candidates.
			</description>
		</method>
		<method name="add_comment_delimiter">
			<return type="void" />
			<param index="0" name="start_key" type="String" />
			<param index="1" name="end_key" type="String" />
			<param index="2" name="line_only" type="bool" default="false" />
			<description>
				Adds a comment delimiter.
				Both the start and end keys must be symbols. Only the start key has to be unique.
				[param line_only] denotes if the region should continue until the end of the line or carry over on to the next line. If the end key is blank this is automatically set to [code]true[/code].
			</description>
		</method>
		<method name="add_string_delimiter">
			<return type="void" />
			<param index="0" name="start_key" type="String" />
			<param index="1" name="end_key" type="String" />
			<param index="2" name="line_only" type="bool" default="false" />
			<description>
				Adds a string delimiter.
				Both the start and end keys must be symbols. Only the start key has to be unique.
				[param line_only] denotes if the region should continue until the end of the line or carry over on to the next line. If the end key is blank this is automatically set to [code]true[/code].
			</description>
		</method>
		<method name="can_fold_line" qualifiers="const">
			<return type="bool" />
			<param index="0" name="line" type="int" />
			<description>
				Returns if the given line is foldable, that is, it has indented lines right below it or a comment / string block.
			</description>
		</method>
		<method name="cancel_code_completion">
			<return type="void" />
			<description>
				Cancels the autocomplete menu.
			</description>
		</method>
		<method name="clear_bookmarked_lines">
			<return type="void" />
			<description>
				Clears all bookmarked lines.
			</description>
		</method>
		<method name="clear_breakpointed_lines">
			<return type="void" />
			<description>
				Clears all breakpointed lines.
			</description>
		</method>
		<method name="clear_comment_delimiters">
			<return type="void" />
			<description>
				Removes all comment delimiters.
			</description>
		</method>
		<method name="clear_executing_lines">
			<return type="void" />
			<description>
				Clears all executed lines.
			</description>
		</method>
		<method name="clear_string_delimiters">
			<return type="void" />
			<description>
				Removes all string delimiters.
			</description>
		</method>
		<method name="confirm_code_completion">
			<return type="void" />
			<param index="0" name="replace" type="bool" default="false" />
			<description>
				Inserts the selected entry into the text. If [param replace] is true, any existing text is replaced rather then merged.
			</description>
		</method>
		<method name="do_indent">
			<return type="void" />
			<description>
				Perform an indent as if the user activated the "ui_text_indent" action.
			</description>
		</method>
		<method name="fold_all_lines">
			<return type="void" />
			<description>
				Folds all lines that are possible to be folded (see [method can_fold_line]).
			</description>
		</method>
		<method name="fold_line">
			<return type="void" />
			<param index="0" name="line" type="int" />
			<description>
				Folds the given line, if possible (see [method can_fold_line]).
			</description>
		</method>
		<method name="get_auto_brace_completion_close_key" qualifiers="const">
			<return type="String" />
			<param index="0" name="open_key" type="String" />
			<description>
				Gets the matching auto brace close key for [param open_key].
			</description>
		</method>
		<method name="get_bookmarked_lines" qualifiers="const">
			<return type="PackedInt32Array" />
			<description>
				Gets all bookmarked lines.
			</description>
		</method>
		<method name="get_breakpointed_lines" qualifiers="const">
			<return type="PackedInt32Array" />
			<description>
				Gets all breakpointed lines.
			</description>
		</method>
		<method name="get_code_completion_option" qualifiers="const">
			<return type="Dictionary" />
			<param index="0" name="index" type="int" />
			<description>
				Gets the completion option at [param index]. The return [Dictionary] has the following key-values:
				[code]kind[/code]: [enum CodeCompletionKind]
				[code]display_text[/code]: Text that is shown on the autocomplete menu.
				[code]insert_text[/code]: Text that is to be inserted when this item is selected.
				[code]font_color[/code]: Color of the text on the autocomplete menu.
				[code]icon[/code]: Icon to draw on the autocomplete menu.
				[code]default_value[/code]: Value of the symbol.
			</description>
		</method>
		<method name="get_code_completion_options" qualifiers="const">
			<return type="Dictionary[]" />
			<description>
				Gets all completion options, see [method get_code_completion_option] for return content.
			</description>
		</method>
		<method name="get_code_completion_selected_index" qualifiers="const">
			<return type="int" />
			<description>
				Gets the index of the current selected completion option.
			</description>
		</method>
		<method name="get_delimiter_end_key" qualifiers="const">
			<return type="String" />
			<param index="0" name="delimiter_index" type="int" />
			<description>
				Gets the end key for a string or comment region index.
			</description>
		</method>
		<method name="get_delimiter_end_position" qualifiers="const">
			<return type="Vector2" />
			<param index="0" name="line" type="int" />
			<param index="1" name="column" type="int" />
			<description>
				If [param line] [param column] is in a string or comment, returns the end position of the region. If not or no end could be found, both [Vector2] values will be [code]-1[/code].
			</description>
		</method>
		<method name="get_delimiter_start_key" qualifiers="const">
			<return type="String" />
			<param index="0" name="delimiter_index" type="int" />
			<description>
				Gets the start key for a string or comment region index.
			</description>
		</method>
		<method name="get_delimiter_start_position" qualifiers="const">
			<return type="Vector2" />
			<param index="0" name="line" type="int" />
			<param index="1" name="column" type="int" />
			<description>
				If [param line] [param column] is in a string or comment, returns the start position of the region. If not or no start could be found, both [Vector2] values will be [code]-1[/code].
			</description>
		</method>
		<method name="get_executing_lines" qualifiers="const">
			<return type="PackedInt32Array" />
			<description>
				Gets all executing lines.
			</description>
		</method>
		<method name="get_folded_lines" qualifiers="const">
			<return type="int[]" />
			<description>
				Returns all lines that are current folded.
			</description>
		</method>
		<method name="get_text_for_code_completion" qualifiers="const">
			<return type="String" />
			<description>
				Returns the full text with char [code]0xFFFF[/code] at the caret location.
			</description>
		</method>
		<method name="get_text_for_symbol_lookup">
			<return type="String" />
			<description>
				Returns the full text with char [code]0xFFFF[/code] at the cursor location.
			</description>
		</method>
		<method name="has_auto_brace_completion_close_key" qualifiers="const">
			<return type="bool" />
			<param index="0" name="close_key" type="String" />
			<description>
				Returns [code]true[/code] if close key [param close_key] exists.
			</description>
		</method>
		<method name="has_auto_brace_completion_open_key" qualifiers="const">
			<return type="bool" />
			<param index="0" name="open_key" type="String" />
			<description>
				Returns [code]true[/code] if open key [param open_key] exists.
			</description>
		</method>
		<method name="has_comment_delimiter" qualifiers="const">
			<return type="bool" />
			<param index="0" name="start_key" type="String" />
			<description>
				Returns [code]true[/code] if comment [param start_key] exists.
			</description>
		</method>
		<method name="has_string_delimiter" qualifiers="const">
			<return type="bool" />
			<param index="0" name="start_key" type="String" />
			<description>
				Returns [code]true[/code] if string [param start_key] exists.
			</description>
		</method>
		<method name="indent_lines">
			<return type="void" />
			<description>
				Indents selected lines, or in the case of no selection the caret line by one.
			</description>
		</method>
		<method name="is_in_comment" qualifiers="const">
			<return type="int" />
			<param index="0" name="line" type="int" />
			<param index="1" name="column" type="int" default="-1" />
			<description>
				Returns delimiter index if [param line] [param column] is in a comment. If [param column] is not provided, will return delimiter index if the entire [param line] is a comment. Otherwise [code]-1[/code].
			</description>
		</method>
		<method name="is_in_string" qualifiers="const">
			<return type="int" />
			<param index="0" name="line" type="int" />
			<param index="1" name="column" type="int" default="-1" />
			<description>
				Returns the delimiter index if [param line] [param column] is in a string. If [param column] is not provided, will return the delimiter index if the entire [param line] is a string. Otherwise [code]-1[/code].
			</description>
		</method>
		<method name="is_line_bookmarked" qualifiers="const">
			<return type="bool" />
			<param index="0" name="line" type="int" />
			<description>
				Returns whether the line at the specified index is bookmarked or not.
			</description>
		</method>
		<method name="is_line_breakpointed" qualifiers="const">
			<return type="bool" />
			<param index="0" name="line" type="int" />
			<description>
				Returns whether the line at the specified index is breakpointed or not.
			</description>
		</method>
		<method name="is_line_executing" qualifiers="const">
			<return type="bool" />
			<param index="0" name="line" type="int" />
			<description>
				Returns whether the line at the specified index is marked as executing or not.
			</description>
		</method>
		<method name="is_line_folded" qualifiers="const">
			<return type="bool" />
			<param index="0" name="line" type="int" />
			<description>
				Returns whether the line at the specified index is folded or not.
			</description>
		</method>
		<method name="remove_comment_delimiter">
			<return type="void" />
			<param index="0" name="start_key" type="String" />
			<description>
				Removes the comment delimiter with [param start_key].
			</description>
		</method>
		<method name="remove_string_delimiter">
			<return type="void" />
			<param index="0" name="start_key" type="String" />
			<description>
				Removes the string delimiter with [param start_key].
			</description>
		</method>
		<method name="request_code_completion">
			<return type="void" />
			<param index="0" name="force" type="bool" default="false" />
			<description>
				Emits [signal code_completion_requested], if [param force] is true will bypass all checks. Otherwise will check that the caret is in a word or in front of a prefix. Will ignore the request if all current options are of type file path, node path or signal.
			</description>
		</method>
		<method name="set_code_completion_selected_index">
			<return type="void" />
			<param index="0" name="index" type="int" />
			<description>
				Sets the current selected completion option.
			</description>
		</method>
		<method name="set_code_hint">
			<return type="void" />
			<param index="0" name="code_hint" type="String" />
			<description>
				Sets the code hint text. Pass an empty string to clear.
			</description>
		</method>
		<method name="set_code_hint_draw_below">
			<return type="void" />
			<param index="0" name="draw_below" type="bool" />
			<description>
				Sets if the code hint should draw below the text.
			</description>
		</method>
		<method name="set_line_as_bookmarked">
			<return type="void" />
			<param index="0" name="line" type="int" />
			<param index="1" name="bookmarked" type="bool" />
			<description>
				Sets the line as bookmarked.
			</description>
		</method>
		<method name="set_line_as_breakpoint">
			<return type="void" />
			<param index="0" name="line" type="int" />
			<param index="1" name="breakpointed" type="bool" />
			<description>
				Sets the line as breakpointed.
			</description>
		</method>
		<method name="set_line_as_executing">
			<return type="void" />
			<param index="0" name="line" type="int" />
			<param index="1" name="executing" type="bool" />
			<description>
				Sets the line as executing.
			</description>
		</method>
		<method name="set_symbol_lookup_word_as_valid">
			<return type="void" />
			<param index="0" name="valid" type="bool" />
			<description>
				Sets the symbol emitted by [signal symbol_validate] as a valid lookup.
			</description>
		</method>
		<method name="toggle_foldable_line">
			<return type="void" />
			<param index="0" name="line" type="int" />
			<description>
				Toggle the folding of the code block at the given line.
			</description>
		</method>
		<method name="unfold_all_lines">
			<return type="void" />
			<description>
				Unfolds all lines, folded or not.
			</description>
		</method>
		<method name="unfold_line">
			<return type="void" />
			<param index="0" name="line" type="int" />
			<description>
				Unfolds all lines that were previously folded.
			</description>
		</method>
		<method name="unindent_lines">
			<return type="void" />
			<description>
				Unindents selected lines, or in the case of no selection the caret line by one. Same as performing "ui_text_unindent" action.
			</description>
		</method>
		<method name="update_code_completion_options">
			<return type="void" />
			<param index="0" name="force" type="bool" />
			<description>
				Submits all completion options added with [method add_code_completion_option]. Will try to force the autoccomplete menu to popup, if [param force] is [code]true[/code].
				[b]Note:[/b] This will replace all current candidates.
			</description>
		</method>
	</methods>
	<members>
		<member name="auto_brace_completion_enabled" type="bool" setter="set_auto_brace_completion_enabled" getter="is_auto_brace_completion_enabled" default="false">
			Sets whether brace pairs should be autocompleted.
		</member>
		<member name="auto_brace_completion_highlight_matching" type="bool" setter="set_highlight_matching_braces_enabled" getter="is_highlight_matching_braces_enabled" default="false">
			Highlight mismatching brace pairs.
		</member>
		<member name="auto_brace_completion_pairs" type="Dictionary" setter="set_auto_brace_completion_pairs" getter="get_auto_brace_completion_pairs" default="{ &quot;\&quot;&quot;: &quot;\&quot;&quot;, &quot;&apos;&quot;: &quot;&apos;&quot;, &quot;(&quot;: &quot;)&quot;, &quot;[&quot;: &quot;]&quot;, &quot;{&quot;: &quot;}&quot; }">
			Sets the brace pairs to be autocompleted.
		</member>
		<member name="code_completion_enabled" type="bool" setter="set_code_completion_enabled" getter="is_code_completion_enabled" default="false">
			Sets whether code completion is allowed.
		</member>
		<member name="code_completion_prefixes" type="String[]" setter="set_code_completion_prefixes" getter="get_code_completion_prefixes" default="[]">
			Sets prefixes that will trigger code completion.
		</member>
		<member name="delimiter_comments" type="String[]" setter="set_comment_delimiters" getter="get_comment_delimiters" default="[]">
			Sets the comment delimiters. All existing comment delimiters will be removed.
		</member>
		<member name="delimiter_strings" type="String[]" setter="set_string_delimiters" getter="get_string_delimiters" default="[&quot;&apos; &apos;&quot;, &quot;\&quot; \&quot;&quot;]">
			Sets the string delimiters. All existing string delimiters will be removed.
		</member>
		<member name="gutters_draw_bookmarks" type="bool" setter="set_draw_bookmarks_gutter" getter="is_drawing_bookmarks_gutter" default="false">
			Sets if bookmarked should be drawn in the gutter. This gutter is shared with breakpoints and executing lines.
		</member>
		<member name="gutters_draw_breakpoints_gutter" type="bool" setter="set_draw_breakpoints_gutter" getter="is_drawing_breakpoints_gutter" default="false">
			Sets if breakpoints should be drawn in the gutter. This gutter is shared with bookmarks and executing lines.
		</member>
		<member name="gutters_draw_executing_lines" type="bool" setter="set_draw_executing_lines_gutter" getter="is_drawing_executing_lines_gutter" default="false">
			Sets if executing lines should be marked in the gutter. This gutter is shared with breakpoints and bookmarks lines.
		</member>
		<member name="gutters_draw_fold_gutter" type="bool" setter="set_draw_fold_gutter" getter="is_drawing_fold_gutter" default="false">
			Sets if foldable lines icons should be drawn in the gutter.
		</member>
		<member name="gutters_draw_line_numbers" type="bool" setter="set_draw_line_numbers" getter="is_draw_line_numbers_enabled" default="false">
			Sets if line numbers should be drawn in the gutter.
		</member>
		<member name="gutters_zero_pad_line_numbers" type="bool" setter="set_line_numbers_zero_padded" getter="is_line_numbers_zero_padded" default="false">
			Sets if line numbers drawn in the gutter are zero padded.
		</member>
		<member name="indent_automatic" type="bool" setter="set_auto_indent_enabled" getter="is_auto_indent_enabled" default="false">
			Sets whether automatic indent are enabled, this will add an extra indent if a prefix or brace is found.
		</member>
		<member name="indent_automatic_prefixes" type="String[]" setter="set_auto_indent_prefixes" getter="get_auto_indent_prefixes" default="[&quot;:&quot;, &quot;{&quot;, &quot;[&quot;, &quot;(&quot;]">
			Prefixes to trigger an automatic indent.
		</member>
		<member name="indent_size" type="int" setter="set_indent_size" getter="get_indent_size" default="4">
			Size of tabs, if [code]indent_use_spaces[/code] is enabled the number of spaces to use.
		</member>
		<member name="indent_use_spaces" type="bool" setter="set_indent_using_spaces" getter="is_indent_using_spaces" default="false">
			Use spaces instead of tabs for indentation.
		</member>
		<member name="layout_direction" type="int" setter="set_layout_direction" getter="get_layout_direction" overrides="Control" enum="Control.LayoutDirection" default="2" />
		<member name="line_folding" type="bool" setter="set_line_folding_enabled" getter="is_line_folding_enabled" default="false">
			Sets whether line folding is allowed.
		</member>
		<member name="line_length_guidelines" type="int[]" setter="set_line_length_guidelines" getter="get_line_length_guidelines" default="[]">
			Draws vertical lines at the provided columns. The first entry is considered a main hard guideline and is draw more prominently.
		</member>
		<member name="symbol_lookup_on_click" type="bool" setter="set_symbol_lookup_on_click_enabled" getter="is_symbol_lookup_on_click_enabled" default="false">
			Set when a validated word from [signal symbol_validate] is clicked, the [signal symbol_lookup] should be emitted.
		</member>
		<member name="text_direction" type="int" setter="set_text_direction" getter="get_text_direction" overrides="TextEdit" enum="Control.TextDirection" default="1" />
	</members>
	<signals>
		<signal name="breakpoint_toggled">
			<param index="0" name="line" type="int" />
			<description>
				Emitted when a breakpoint is added or removed from a line. If the line is moved via backspace a removed is emitted at the old line.
			</description>
		</signal>
		<signal name="code_completion_requested">
			<description>
				Emitted when the user requests code completion.
			</description>
		</signal>
		<signal name="symbol_lookup">
			<param index="0" name="symbol" type="String" />
			<param index="1" name="line" type="int" />
			<param index="2" name="column" type="int" />
			<description>
				Emitted when the user has clicked on a valid symbol.
			</description>
		</signal>
		<signal name="symbol_validate">
			<param index="0" name="symbol" type="String" />
			<description>
				Emitted when the user hovers over a symbol. The symbol should be validated and responded to, by calling [method set_symbol_lookup_word_as_valid].
			</description>
		</signal>
	</signals>
	<constants>
		<constant name="KIND_CLASS" value="0" enum="CodeCompletionKind">
			Marks the option as a class.
		</constant>
		<constant name="KIND_FUNCTION" value="1" enum="CodeCompletionKind">
			Marks the option as a function.
		</constant>
		<constant name="KIND_SIGNAL" value="2" enum="CodeCompletionKind">
			Marks the option as a Godot signal.
		</constant>
		<constant name="KIND_VARIABLE" value="3" enum="CodeCompletionKind">
			Marks the option as a variable.
		</constant>
		<constant name="KIND_MEMBER" value="4" enum="CodeCompletionKind">
			Marks the option as a member.
		</constant>
		<constant name="KIND_ENUM" value="5" enum="CodeCompletionKind">
			Marks the option as an enum entry.
		</constant>
		<constant name="KIND_CONSTANT" value="6" enum="CodeCompletionKind">
			Marks the option as a constant.
		</constant>
		<constant name="KIND_NODE_PATH" value="7" enum="CodeCompletionKind">
			Marks the option as a Godot node path.
		</constant>
		<constant name="KIND_FILE_PATH" value="8" enum="CodeCompletionKind">
			Marks the option as a file path.
		</constant>
		<constant name="KIND_PLAIN_TEXT" value="9" enum="CodeCompletionKind">
			Marks the option as unclassified or plain text.
		</constant>
	</constants>
	<theme_items>
		<theme_item name="background_color" data_type="color" type="Color" default="Color(0, 0, 0, 0)">
			Sets the background [Color].
		</theme_item>
		<theme_item name="bookmark_color" data_type="color" type="Color" default="Color(0.5, 0.64, 1, 0.8)">
			[Color] of the bookmark icon for bookmarked lines.
		</theme_item>
		<theme_item name="brace_mismatch_color" data_type="color" type="Color" default="Color(1, 0.2, 0.2, 1)">
			[Color] of the text to highlight mismatched braces.
		</theme_item>
		<theme_item name="breakpoint_color" data_type="color" type="Color" default="Color(0.9, 0.29, 0.3, 1)">
			[Color] of the breakpoint icon for bookmarked lines.
		</theme_item>
		<theme_item name="caret_background_color" data_type="color" type="Color" default="Color(0, 0, 0, 1)">
			[Color] of the text behind the caret when block caret is enabled.
		</theme_item>
		<theme_item name="caret_color" data_type="color" type="Color" default="Color(0.875, 0.875, 0.875, 1)">
			[Color] of the caret.
		</theme_item>
		<theme_item name="code_folding_color" data_type="color" type="Color" default="Color(0.8, 0.8, 0.8, 0.8)">
			[Color] for all icons related to line folding.
		</theme_item>
		<theme_item name="completion_background_color" data_type="color" type="Color" default="Color(0.17, 0.16, 0.2, 1)">
			Sets the background [Color] for the code completion popup.
		</theme_item>
		<theme_item name="completion_existing_color" data_type="color" type="Color" default="Color(0.87, 0.87, 0.87, 0.13)">
			Background highlight [Color] for matching text in code completion options.
		</theme_item>
		<theme_item name="completion_font_color" data_type="color" type="Color" default="Color(0.67, 0.67, 0.67, 1)">
			Font [Color] for the code completion popup.
		</theme_item>
		<theme_item name="completion_scroll_color" data_type="color" type="Color" default="Color(1, 1, 1, 0.29)">
			[Color] of the scrollbar in the code completion popup.
		</theme_item>
		<theme_item name="completion_scroll_hovered_color" data_type="color" type="Color" default="Color(1, 1, 1, 0.4)">
			[Color] of the scrollbar in the code completion popup when hovered.
		</theme_item>
		<theme_item name="completion_selected_color" data_type="color" type="Color" default="Color(0.26, 0.26, 0.27, 1)">
			Background highlight [Color] for the current selected option item in the code completion popup.
		</theme_item>
		<theme_item name="current_line_color" data_type="color" type="Color" default="Color(0.25, 0.25, 0.26, 0.8)">
			Background [Color] of the line containing the caret.
		</theme_item>
		<theme_item name="executing_line_color" data_type="color" type="Color" default="Color(0.98, 0.89, 0.27, 1)">
			[Color] of the executing icon for executing lines.
		</theme_item>
		<theme_item name="font_color" data_type="color" type="Color" default="Color(0.875, 0.875, 0.875, 1)">
			Sets the font [Color].
		</theme_item>
		<theme_item name="font_outline_color" data_type="color" type="Color" default="Color(1, 1, 1, 1)">
			The tint of text outline of the [CodeEdit].
		</theme_item>
		<theme_item name="font_placeholder_color" data_type="color" type="Color" default="Color(0.875, 0.875, 0.875, 0.6)">
			Font color for [member TextEdit.placeholder_text].
		</theme_item>
		<theme_item name="font_readonly_color" data_type="color" type="Color" default="Color(0.875, 0.875, 0.875, 0.5)">
			Sets the font [Color] when [member TextEdit.editable] is disabled.
		</theme_item>
		<theme_item name="font_selected_color" data_type="color" type="Color" default="Color(0, 0, 0, 0)">
			Sets the [Color] of the selected text. If equal to [code]Color(0, 0, 0, 0)[/code], it will be ignored.
		</theme_item>
		<theme_item name="line_length_guideline_color" data_type="color" type="Color" default="Color(0.3, 0.5, 0.8, 0.1)">
			[Color] of the main line length guideline, secondary guidelines will have 50% alpha applied.
		</theme_item>
		<theme_item name="line_number_color" data_type="color" type="Color" default="Color(0.67, 0.67, 0.67, 0.4)">
			Sets the [Color] of line numbers.
		</theme_item>
		<theme_item name="search_result_border_color" data_type="color" type="Color" default="Color(0.3, 0.3, 0.3, 0.4)">
			[Color] of the border around text that matches the search query.
		</theme_item>
		<theme_item name="search_result_color" data_type="color" type="Color" default="Color(0.3, 0.3, 0.3, 1)">
			[Color] behind the text that matches the search query.
		</theme_item>
		<theme_item name="selection_color" data_type="color" type="Color" default="Color(0.5, 0.5, 0.5, 1)">
			Sets the highlight [Color] of text selections.
		</theme_item>
		<theme_item name="word_highlighted_color" data_type="color" type="Color" default="Color(0.8, 0.9, 0.9, 0.15)">
			Sets the highlight [Color] of multiple occurrences. [member TextEdit.highlight_all_occurrences] has to be enabled.
		</theme_item>
		<theme_item name="completion_lines" data_type="constant" type="int" default="7">
			Max number of options to display in the code completion popup at any one time.
		</theme_item>
		<theme_item name="completion_max_width" data_type="constant" type="int" default="50">
			Max width of options in the code completion popup. Options longer then this will be cut off.
		</theme_item>
		<theme_item name="completion_scroll_width" data_type="constant" type="int" default="6">
			Width of the scrollbar in the code completion popup.
		</theme_item>
		<theme_item name="line_spacing" data_type="constant" type="int" default="4">
			Sets the spacing between the lines.
		</theme_item>
		<theme_item name="outline_size" data_type="constant" type="int" default="0">
			The size of the text outline.
			[b]Note:[/b] If using a font with [member FontFile.multichannel_signed_distance_field] enabled, its [member FontFile.msdf_pixel_range] must be set to at least [i]twice[/i] the value of [theme_item outline_size] for outline rendering to look correct. Otherwise, the outline may appear to be cut off earlier than intended.
		</theme_item>
		<theme_item name="font" data_type="font" type="Font">
			Sets the default [Font].
		</theme_item>
		<theme_item name="font_size" data_type="font_size" type="int">
			Sets default font size.
		</theme_item>
		<theme_item name="bookmark" data_type="icon" type="Texture2D">
			Sets a custom [Texture2D] to draw in the bookmark gutter for bookmarked lines.
		</theme_item>
		<theme_item name="breakpoint" data_type="icon" type="Texture2D">
			Sets a custom [Texture2D] to draw in the breakpoint gutter for breakpointed lines.
		</theme_item>
		<theme_item name="can_fold" data_type="icon" type="Texture2D">
			Sets a custom [Texture2D] to draw in the line folding gutter when a line can be folded.
		</theme_item>
		<theme_item name="executing_line" data_type="icon" type="Texture2D">
			Icon to draw in the executing gutter for executing lines.
		</theme_item>
		<theme_item name="folded" data_type="icon" type="Texture2D">
			Sets a custom [Texture2D] to draw in the line folding gutter when a line is folded and can be unfolded.
		</theme_item>
		<theme_item name="folded_eol_icon" data_type="icon" type="Texture2D">
			Sets a custom [Texture2D] to draw at the end of a folded line.
		</theme_item>
		<theme_item name="space" data_type="icon" type="Texture2D">
			Sets a custom [Texture2D] for space text characters.
		</theme_item>
		<theme_item name="tab" data_type="icon" type="Texture2D">
			Sets a custom [Texture2D] for tab text characters.
		</theme_item>
		<theme_item name="completion" data_type="style" type="StyleBox">
			[StyleBox] for the code completion popup.
		</theme_item>
		<theme_item name="focus" data_type="style" type="StyleBox">
			Sets the [StyleBox] when in focus. The [code]focus[/code] [StyleBox] is displayed [i]over[/i] the base [StyleBox], so a partially transparent [StyleBox] should be used to ensure the base [StyleBox] remains visible. A [StyleBox] that represents an outline or an underline works well for this purpose. To disable the focus visual effect, assign a [StyleBoxEmpty] resource. Note that disabling the focus visual effect will harm keyboard/controller navigation usability, so this is not recommended for accessibility reasons.
		</theme_item>
		<theme_item name="normal" data_type="style" type="StyleBox">
			Sets the [StyleBox].
		</theme_item>
		<theme_item name="read_only" data_type="style" type="StyleBox">
			Sets the [StyleBox] when [member TextEdit.editable] is disabled.
		</theme_item>
	</theme_items>
</class>
