<?xml version="1.0" encoding="UTF-8" ?>
<class name="InputEventMouseMotion" inherits="InputEventMouse" version="4.0" xmlns:xsi="http://www.w3.org/2001/XMLSchema-instance" xsi:noNamespaceSchemaLocation="../class.xsd">
	<brief_description>
		Represents a mouse or a pen movement.
	</brief_description>
	<description>
		Stores information about a mouse or a pen motion. This includes relative position, absolute position, and velocity. See [method Node._input].
		[b]Note:[/b] By default, this event is only emitted once per frame rendered at most. If you need more precise input reporting, set [member Input.use_accumulated_input] to [code]false[/code] to make events emitted as often as possible. If you use InputEventMouseMotion to draw lines, consider implementing [url=https://en.wikipedia.org/wiki/Bresenham%27s_line_algorithm]Bresenham's line algorithm[/url] as well to avoid visible gaps in lines if the user is moving the mouse quickly.
	</description>
	<tutorials>
		<link title="Using InputEvent">$DOCS_URL/tutorials/inputs/inputevent.html</link>
		<link title="Mouse and input coordinates">$DOCS_URL/tutorials/inputs/mouse_and_input_coordinates.html</link>
		<link title="3D Voxel Demo">https://godotengine.org/asset-library/asset/676</link>
	</tutorials>
	<members>
		<member name="pen_inverted" type="bool" setter="set_pen_inverted" getter="get_pen_inverted" default="false">
			Returns [code]true[/code] when using the eraser end of a stylus pen.
			[b]Note:[/b] This property is implemented on Linux, macOS and Windows.
		</member>
		<member name="pressure" type="float" setter="set_pressure" getter="get_pressure" default="0.0">
			Represents the pressure the user puts on the pen. Ranges from [code]0.0[/code] to [code]1.0[/code].
		</member>
		<member name="relative" type="Vector2" setter="set_relative" getter="get_relative" default="Vector2(0, 0)">
			The mouse position relative to the previous position (position at the last frame).
			[b]Note:[/b] Since [InputEventMouseMotion] is only emitted when the mouse moves, the last event won't have a relative position of [code]Vector2(0, 0)[/code] when the user stops moving the mouse.
		</member>
		<member name="tilt" type="Vector2" setter="set_tilt" getter="get_tilt" default="Vector2(0, 0)">
			Represents the angles of tilt of the pen. Positive X-coordinate value indicates a tilt to the right. Positive Y-coordinate value indicates a tilt toward the user. Ranges from [code]-1.0[/code] to [code]1.0[/code] for both axes.
		</member>
		<member name="velocity" type="Vector2" setter="set_velocity" getter="get_velocity" default="Vector2(0, 0)">
			The mouse velocity in pixels per second.
		</member>
	</members>
</class>
