<?xml version="1.0" encoding="UTF-8" ?>
<class name="Marker3D" inherits="Node3D" version="4.0" xmlns:xsi="http://www.w3.org/2001/XMLSchema-instance" xsi:noNamespaceSchemaLocation="../class.xsd">
	<brief_description>
		Generic 3D position hint for editing.
	</brief_description>
	<description>
		Generic 3D position hint for editing. It's just like a plain [Node3D], but it displays as a cross in the 3D editor at all times.
	</description>
	<tutorials>
	</tutorials>
	<members>
		<member name="gizmo_extents" type="float" setter="set_gizmo_extents" getter="get_gizmo_extents" default="0.25">
			Size of the gizmo cross that appears in the editor.
		</member>
	</members>
</class>
