<?xml version="1.0" encoding="UTF-8" ?>
<class name="Node" inherits="Object" version="4.0" xmlns:xsi="http://www.w3.org/2001/XMLSchema-instance" xsi:noNamespaceSchemaLocation="../class.xsd">
	<brief_description>
		Base class for all scene objects.
	</brief_description>
	<description>
		Nodes are Godot's building blocks. They can be assigned as the child of another node, resulting in a tree arrangement. A given node can contain any number of nodes as children with the requirement that all siblings (direct children of a node) should have unique names.
		A tree of nodes is called a [i]scene[/i]. Scenes can be saved to the disk and then instantiated into other scenes. This allows for very high flexibility in the architecture and data model of Godot projects.
		[b]Scene tree:[/b] The [SceneTree] contains the active tree of nodes. When a node is added to the scene tree, it receives the [constant NOTIFICATION_ENTER_TREE] notification and its [method _enter_tree] callback is triggered. Child nodes are always added [i]after[/i] their parent node, i.e. the [method _enter_tree] callback of a parent node will be triggered before its child's.
		Once all nodes have been added in the scene tree, they receive the [constant NOTIFICATION_READY] notification and their respective [method _ready] callbacks are triggered. For groups of nodes, the [method _ready] callback is called in reverse order, starting with the children and moving up to the parent nodes.
		This means that when adding a node to the scene tree, the following order will be used for the callbacks: [method _enter_tree] of the parent, [method _enter_tree] of the children, [method _ready] of the children and finally [method _ready] of the parent (recursively for the entire scene tree).
		[b]Processing:[/b] Nodes can override the "process" state, so that they receive a callback on each frame requesting them to process (do something). Normal processing (callback [method _process], toggled with [method set_process]) happens as fast as possible and is dependent on the frame rate, so the processing time [i]delta[/i] (in seconds) is passed as an argument. Physics processing (callback [method _physics_process], toggled with [method set_physics_process]) happens a fixed number of times per second (60 by default) and is useful for code related to the physics engine.
		Nodes can also process input events. When present, the [method _input] function will be called for each input that the program receives. In many cases, this can be overkill (unless used for simple projects), and the [method _unhandled_input] function might be preferred; it is called when the input event was not handled by anyone else (typically, GUI [Control] nodes), ensuring that the node only receives the events that were meant for it.
		To keep track of the scene hierarchy (especially when instancing scenes into other scenes), an "owner" can be set for the node with the [member owner] property. This keeps track of who instantiated what. This is mostly useful when writing editors and tools, though.
		Finally, when a node is freed with [method Object.free] or [method queue_free], it will also free all its children.
		[b]Groups:[/b] Nodes can be added to as many groups as you want to be easy to manage, you could create groups like "enemies" or "collectables" for example, depending on your game. See [method add_to_group], [method is_in_group] and [method remove_from_group]. You can then retrieve all nodes in these groups, iterate them and even call methods on groups via the methods on [SceneTree].
		[b]Networking with nodes:[/b] After connecting to a server (or making one, see [ENetMultiplayerPeer]), it is possible to use the built-in RPC (remote procedure call) system to communicate over the network. By calling [method rpc] with a method name, it will be called locally and in all connected peers (peers = clients and the server that accepts connections). To identify which node receives the RPC call, Godot will use its [NodePath] (make sure node names are the same on all peers). Also, take a look at the high-level networking tutorial and corresponding demos.
		[b]Note:[/b] The [code]script[/code] property is part of the [Object] class, not [Node]. It isn't exposed like most properties but does have a setter and getter ([code]set_script()[/code] and [code]get_script()[/code]).
	</description>
	<tutorials>
		<link title="Nodes and scenes">$DOCS_URL/getting_started/step_by_step/nodes_and_scenes.html</link>
		<link title="All Demos">https://github.com/godotengine/godot-demo-projects/</link>
	</tutorials>
	<methods>
		<method name="_enter_tree" qualifiers="virtual">
			<return type="void" />
			<description>
				Called when the node enters the [SceneTree] (e.g. upon instancing, scene changing, or after calling [method add_child] in a script). If the node has children, its [method _enter_tree] callback will be called first, and then that of the children.
				Corresponds to the [constant NOTIFICATION_ENTER_TREE] notification in [method Object._notification].
			</description>
		</method>
		<method name="_exit_tree" qualifiers="virtual">
			<return type="void" />
			<description>
				Called when the node is about to leave the [SceneTree] (e.g. upon freeing, scene changing, or after calling [method remove_child] in a script). If the node has children, its [method _exit_tree] callback will be called last, after all its children have left the tree.
				Corresponds to the [constant NOTIFICATION_EXIT_TREE] notification in [method Object._notification] and signal [signal tree_exiting]. To get notified when the node has already left the active tree, connect to the [signal tree_exited].
			</description>
		</method>
		<method name="_get_configuration_warnings" qualifiers="virtual const">
			<return type="PackedStringArray" />
			<description>
				The elements in the array returned from this method are displayed as warnings in the Scene dock if the script that overrides it is a [code]tool[/code] script.
				Returning an empty array produces no warnings.
				Call [method update_configuration_warnings] when the warnings need to be updated for this node.
				[codeblock]
				@export var energy = 0:
				    set(value):
				        energy = value
				        update_configuration_warnings()

				func _get_configuration_warnings():
				    if energy &lt; 0:
				        return ["Energy must be 0 or greater."]
				    else:
				        return []
				[/codeblock]
			</description>
		</method>
		<method name="_input" qualifiers="virtual">
			<return type="void" />
			<param index="0" name="event" type="InputEvent" />
			<description>
				Called when there is an input event. The input event propagates up through the node tree until a node consumes it.
				It is only called if input processing is enabled, which is done automatically if this method is overridden, and can be toggled with [method set_process_input].
				To consume the input event and stop it propagating further to other nodes, [method Viewport.set_input_as_handled] can be called.
				For gameplay input, [method _unhandled_input] and [method _unhandled_key_input] are usually a better fit as they allow the GUI to intercept the events first.
				[b]Note:[/b] This method is only called if the node is present in the scene tree (i.e. if it's not an orphan).
			</description>
		</method>
		<method name="_physics_process" qualifiers="virtual">
			<return type="void" />
			<param index="0" name="delta" type="float" />
			<description>
				Called during the physics processing step of the main loop. Physics processing means that the frame rate is synced to the physics, i.e. the [param delta] variable should be constant. [param delta] is in seconds.
				It is only called if physics processing is enabled, which is done automatically if this method is overridden, and can be toggled with [method set_physics_process].
				Corresponds to the [constant NOTIFICATION_PHYSICS_PROCESS] notification in [method Object._notification].
				[b]Note:[/b] This method is only called if the node is present in the scene tree (i.e. if it's not an orphan).
			</description>
		</method>
		<method name="_process" qualifiers="virtual">
			<return type="void" />
			<param index="0" name="delta" type="float" />
			<description>
				Called during the processing step of the main loop. Processing happens at every frame and as fast as possible, so the [param delta] time since the previous frame is not constant. [param delta] is in seconds.
				It is only called if processing is enabled, which is done automatically if this method is overridden, and can be toggled with [method set_process].
				Corresponds to the [constant NOTIFICATION_PROCESS] notification in [method Object._notification].
				[b]Note:[/b] This method is only called if the node is present in the scene tree (i.e. if it's not an orphan).
			</description>
		</method>
		<method name="_ready" qualifiers="virtual">
			<return type="void" />
			<description>
				Called when the node is "ready", i.e. when both the node and its children have entered the scene tree. If the node has children, their [method _ready] callbacks get triggered first, and the parent node will receive the ready notification afterwards.
				Corresponds to the [constant NOTIFICATION_READY] notification in [method Object._notification]. See also the [code]@onready[/code] annotation for variables.
				Usually used for initialization. For even earlier initialization, [method Object._init] may be used. See also [method _enter_tree].
				[b]Note:[/b] [method _ready] may be called only once for each node. After removing a node from the scene tree and adding it again, [code]_ready[/code] will not be called a second time. This can be bypassed by requesting another call with [method request_ready], which may be called anywhere before adding the node again.
			</description>
		</method>
		<method name="_shortcut_input" qualifiers="virtual">
			<return type="void" />
			<param index="0" name="event" type="InputEvent" />
			<description>
				Called when an [InputEventKey] or [InputEventShortcut] hasn't been consumed by [method _input] or any GUI [Control] item. The input event propagates up through the node tree until a node consumes it.
				It is only called if shortcut processing is enabled, which is done automatically if this method is overridden, and can be toggled with [method set_process_shortcut_input].
				To consume the input event and stop it propagating further to other nodes, [method Viewport.set_input_as_handled] can be called.
				This method can be used to handle shortcuts.
				[b]Note:[/b] This method is only called if the node is present in the scene tree (i.e. if it's not orphan).
			</description>
		</method>
		<method name="_unhandled_input" qualifiers="virtual">
			<return type="void" />
			<param index="0" name="event" type="InputEvent" />
			<description>
				Called when an [InputEvent] hasn't been consumed by [method _input] or any GUI [Control] item. The input event propagates up through the node tree until a node consumes it.
				It is only called if unhandled input processing is enabled, which is done automatically if this method is overridden, and can be toggled with [method set_process_unhandled_input].
				To consume the input event and stop it propagating further to other nodes, [method Viewport.set_input_as_handled] can be called.
				For gameplay input, this and [method _unhandled_key_input] are usually a better fit than [method _input] as they allow the GUI to intercept the events first.
				[b]Note:[/b] This method is only called if the node is present in the scene tree (i.e. if it's not an orphan).
			</description>
		</method>
		<method name="_unhandled_key_input" qualifiers="virtual">
			<return type="void" />
			<param index="0" name="event" type="InputEvent" />
			<description>
				Called when an [InputEventKey] hasn't been consumed by [method _input] or any GUI [Control] item. The input event propagates up through the node tree until a node consumes it.
				It is only called if unhandled key input processing is enabled, which is done automatically if this method is overridden, and can be toggled with [method set_process_unhandled_key_input].
				To consume the input event and stop it propagating further to other nodes, [method Viewport.set_input_as_handled] can be called.
				This method can be used to handle Unicode character input with [kbd]Alt[/kbd], [kbd]Alt + Ctrl[/kbd], and [kbd]Alt + Shift[/kbd] modifiers, after shortcuts were handled.
				For gameplay input, this and [method _unhandled_input] are usually a better fit than [method _input] as they allow the GUI to intercept the events first.
				This method also performs better than [method _unhandled_input], since unrelated events such as [InputEventMouseMotion] are automatically filtered.
				[b]Note:[/b] This method is only called if the node is present in the scene tree (i.e. if it's not an orphan).
			</description>
		</method>
		<method name="add_child">
			<return type="void" />
			<param index="0" name="node" type="Node" />
			<param index="1" name="force_readable_name" type="bool" default="false" />
			<param index="2" name="internal" type="int" enum="Node.InternalMode" default="0" />
			<description>
				Adds a child [param node]. Nodes can have any number of children, but every child must have a unique name. Child nodes are automatically deleted when the parent node is deleted, so an entire scene can be removed by deleting its topmost node.
				If [param force_readable_name] is [code]true[/code], improves the readability of the added [param node]. If not named, the [param node] is renamed to its type, and if it shares [member name] with a sibling, a number is suffixed more appropriately. This operation is very slow. As such, it is recommended leaving this to [code]false[/code], which assigns a dummy name featuring [code]@[/code] in both situations.
				If [param internal] is different than [constant INTERNAL_MODE_DISABLED], the child will be added as internal node. Such nodes are ignored by methods like [method get_children], unless their parameter [code]include_internal[/code] is [code]true[/code]. The intended usage is to hide the internal nodes from the user, so the user won't accidentally delete or modify them. Used by some GUI nodes, e.g. [ColorPicker]. See [enum InternalMode] for available modes.
				[b]Note:[/b] If the child node already has a parent, the function will fail. Use [method remove_child] first to remove the node from its current parent. For example:
				[codeblocks]
				[gdscript]
				var child_node = get_child(0)
				if child_node.get_parent():
				    child_node.get_parent().remove_child(child_node)
				add_child(child_node)
				[/gdscript]
				[csharp]
				Node childNode = GetChild(0);
				if (childNode.GetParent() != null)
				{
				    childNode.GetParent().RemoveChild(childNode);
				}
				AddChild(childNode);
				[/csharp]
				[/codeblocks]
				If you need the child node to be added below a specific node in the list of children, use [method add_sibling] instead of this method.
				[b]Note:[/b] If you want a child to be persisted to a [PackedScene], you must set [member owner] in addition to calling [method add_child]. This is typically relevant for [url=$DOCS_URL/tutorials/plugins/running_code_in_the_editor.html]tool scripts[/url] and [url=$DOCS_URL/tutorials/plugins/editor/index.html]editor plugins[/url]. If [method add_child] is called without setting [member owner], the newly added [Node] will not be visible in the scene tree, though it will be visible in the 2D/3D view.
			</description>
		</method>
		<method name="add_sibling">
			<return type="void" />
			<param index="0" name="sibling" type="Node" />
			<param index="1" name="force_readable_name" type="bool" default="false" />
			<description>
				Adds a [param sibling] node to current's node parent, at the same level as that node, right below it.
				If [param force_readable_name] is [code]true[/code], improves the readability of the added [param sibling]. If not named, the [param sibling] is renamed to its type, and if it shares [member name] with a sibling, a number is suffixed more appropriately. This operation is very slow. As such, it is recommended leaving this to [code]false[/code], which assigns a dummy name featuring [code]@[/code] in both situations.
				Use [method add_child] instead of this method if you don't need the child node to be added below a specific node in the list of children.
				[b]Note:[/b] If this node is internal, the new sibling will be internal too (see [code]internal[/code] parameter in [method add_child]).
			</description>
		</method>
		<method name="add_to_group">
			<return type="void" />
			<param index="0" name="group" type="StringName" />
			<param index="1" name="persistent" type="bool" default="false" />
			<description>
				Adds the node to a group. Groups are helpers to name and organize a subset of nodes, for example "enemies" or "collectables". A node can be in any number of groups. Nodes can be assigned a group at any time, but will not be added until they are inside the scene tree (see [method is_inside_tree]). See notes in the description, and the group methods in [SceneTree].
				The [param persistent] option is used when packing node to [PackedScene] and saving to file. Non-persistent groups aren't stored.
				[b]Note:[/b] For performance reasons, the order of node groups is [i]not[/i] guaranteed. The order of node groups should not be relied upon as it can vary across project runs.
			</description>
		</method>
		<method name="can_process" qualifiers="const">
			<return type="bool" />
			<description>
				Returns [code]true[/code] if the node can process while the scene tree is paused (see [member process_mode]). Always returns [code]true[/code] if the scene tree is not paused, and [code]false[/code] if the node is not in the tree.
			</description>
		</method>
		<method name="create_tween">
			<return type="Tween" />
			<description>
				Creates a new [Tween] and binds it to this node. This is equivalent of doing:
				[codeblocks]
				[gdscript]
				get_tree().create_tween().bind_node(self)
				[/gdscript]
				[csharp]
				GetTree().CreateTween().BindNode(this);
				[/csharp]
				[/codeblocks]
				The Tween will start automatically on the next process frame or physics frame (depending on [enum Tween.TweenProcessMode]).
			</description>
		</method>
		<method name="duplicate" qualifiers="const">
			<return type="Node" />
			<param index="0" name="flags" type="int" default="15" />
			<description>
				Duplicates the node, returning a new node.
				You can fine-tune the behavior using the [param flags] (see [enum DuplicateFlags]).
				[b]Note:[/b] It will not work properly if the node contains a script with constructor arguments (i.e. needs to supply arguments to [method Object._init] method). In that case, the node will be duplicated without a script.
			</description>
		</method>
		<method name="find_child" qualifiers="const">
			<return type="Node" />
			<param index="0" name="pattern" type="String" />
			<param index="1" name="recursive" type="bool" default="true" />
			<param index="2" name="owned" type="bool" default="true" />
			<description>
				Finds the first descendant of this node whose name matches [param pattern] as in [method String.match]. Internal children are also searched over (see [code]internal[/code] parameter in [method add_child]).
				[param pattern] does not match against the full path, just against individual node names. It is case-sensitive, with [code]"*"[/code] matching zero or more characters and [code]"?"[/code] matching any single character except [code]"."[/code]).
				If [param recursive] is [code]true[/code], all child nodes are included, even if deeply nested. Nodes are checked in tree order, so this node's first direct child is checked first, then its own direct children, etc., before moving to the second direct child, and so on. If [param recursive] is [code]false[/code], only this node's direct children are matched.
				If [param owned] is [code]true[/code], this method only finds nodes who have an assigned [member Node.owner]. This is especially important for scenes instantiated through a script, because those scenes don't have an owner.
				Returns [code]null[/code] if no matching [Node] is found.
				[b]Note:[/b] As this method walks through all the descendants of the node, it is the slowest way to get a reference to another node. Whenever possible, consider using [method get_node] with unique names instead (see [member unique_name_in_owner]), or caching the node references into variable.
				[b]Note:[/b] To find all descendant nodes matching a pattern or a class type, see [method find_children].
			</description>
		</method>
		<method name="find_children" qualifiers="const">
			<return type="Node[]" />
			<param index="0" name="pattern" type="String" />
			<param index="1" name="type" type="String" default="&quot;&quot;" />
			<param index="2" name="recursive" type="bool" default="true" />
			<param index="3" name="owned" type="bool" default="true" />
			<description>
				Finds descendants of this node whose name matches [param pattern] as in [method String.match], and/or type matches [param type] as in [method Object.is_class]. Internal children are also searched over (see [code]internal[/code] parameter in [method add_child]).
				[param pattern] does not match against the full path, just against individual node names. It is case-sensitive, with [code]"*"[/code] matching zero or more characters and [code]"?"[/code] matching any single character except [code]"."[/code]).
				[param type] will check equality or inheritance, and is case-sensitive. [code]"Object"[/code] will match a node whose type is [code]"Node"[/code] but not the other way around.
				If [param recursive] is [code]true[/code], all child nodes are included, even if deeply nested. Nodes are checked in tree order, so this node's first direct child is checked first, then its own direct children, etc., before moving to the second direct child, and so on. If [param recursive] is [code]false[/code], only this node's direct children are matched.
				If [param owned] is [code]true[/code], this method only finds nodes who have an assigned [member Node.owner]. This is especially important for scenes instantiated through a script, because those scenes don't have an owner.
				Returns an empty array if no matching nodes are found.
				[b]Note:[/b] As this method walks through all the descendants of the node, it is the slowest way to get references to other nodes. Whenever possible, consider caching the node references into variables.
				[b]Note:[/b] If you only want to find the first descendant node that matches a pattern, see [method find_child].
			</description>
		</method>
		<method name="find_parent" qualifiers="const">
			<return type="Node" />
			<param index="0" name="pattern" type="String" />
			<description>
				Finds the first parent of the current node whose name matches [param pattern] as in [method String.match].
				[param pattern] does not match against the full path, just against individual node names. It is case-sensitive, with [code]"*"[/code] matching zero or more characters and [code]"?"[/code] matching any single character except [code]"."[/code]).
				[b]Note:[/b] As this method walks upwards in the scene tree, it can be slow in large, deeply nested scene trees. Whenever possible, consider using [method get_node] with unique names instead (see [member unique_name_in_owner]), or caching the node references into variable.
			</description>
		</method>
		<method name="get_child" qualifiers="const">
			<return type="Node" />
			<param index="0" name="idx" type="int" />
			<param index="1" name="include_internal" type="bool" default="false" />
			<description>
				Returns a child node by its index (see [method get_child_count]). This method is often used for iterating all children of a node.
				Negative indices access the children from the last one.
				If [param include_internal] is [code]false[/code], internal children are skipped (see [code]internal[/code] parameter in [method add_child]).
				To access a child node via its name, use [method get_node].
			</description>
		</method>
		<method name="get_child_count" qualifiers="const">
			<return type="int" />
			<param index="0" name="include_internal" type="bool" default="false" />
			<description>
				Returns the number of child nodes.
				If [param include_internal] is [code]false[/code], internal children aren't counted (see [code]internal[/code] parameter in [method add_child]).
			</description>
		</method>
		<method name="get_children" qualifiers="const">
			<return type="Node[]" />
			<param index="0" name="include_internal" type="bool" default="false" />
			<description>
				Returns an array of references to node's children.
				If [param include_internal] is [code]false[/code], the returned array won't include internal children (see [code]internal[/code] parameter in [method add_child]).
			</description>
		</method>
		<method name="get_groups" qualifiers="const">
			<return type="StringName[]" />
			<description>
				Returns an array listing the groups that the node is a member of.
				[b]Note:[/b] For performance reasons, the order of node groups is [i]not[/i] guaranteed. The order of node groups should not be relied upon as it can vary across project runs.
				[b]Note:[/b] The engine uses some group names internally (all starting with an underscore). To avoid conflicts with internal groups, do not add custom groups whose name starts with an underscore. To exclude internal groups while looping over [method get_groups], use the following snippet:
				[codeblocks]
				[gdscript]
				# Stores the node's non-internal groups only (as an array of Strings).
				var non_internal_groups = []
				for group in get_groups():
				    if not group.begins_with("_"):
				        non_internal_groups.push_back(group)
				[/gdscript]
				[csharp]
				// Stores the node's non-internal groups only (as a List of strings).
				List&lt;string&gt; nonInternalGroups = new List&lt;string&gt;();
				foreach (string group in GetGroups())
				{
				    if (!group.BeginsWith("_"))
				        nonInternalGroups.Add(group);
				}
				[/csharp]
				[/codeblocks]
			</description>
		</method>
		<method name="get_index" qualifiers="const">
			<return type="int" />
			<param index="0" name="include_internal" type="bool" default="false" />
			<description>
				Returns the node's order in the scene tree branch. For example, if called on the first child node the position is [code]0[/code].
				If [param include_internal] is [code]false[/code], the index won't take internal children into account, i.e. first non-internal child will have index of 0 (see [code]internal[/code] parameter in [method add_child]).
			</description>
		</method>
		<method name="get_multiplayer_authority" qualifiers="const">
			<return type="int" />
			<description>
				Returns the peer ID of the multiplayer authority for this node. See [method set_multiplayer_authority].
			</description>
		</method>
		<method name="get_node" qualifiers="const">
			<return type="Node" />
			<param index="0" name="path" type="NodePath" />
			<description>
				Fetches a node. The [NodePath] can be either a relative path (from the current node) or an absolute path (in the scene tree) to a node. If the path does not exist, [code]null[/code] is returned and an error is logged. Attempts to access methods on the return value will result in an "Attempt to call &lt;method&gt; on a null instance." error.
				[b]Note:[/b] Fetching absolute paths only works when the node is inside the scene tree (see [method is_inside_tree]).
				[b]Example:[/b] Assume your current node is Character and the following tree:
				[codeblock]
				/root
				/root/Character
				/root/Character/Sword
				/root/Character/Backpack/Dagger
				/root/MyGame
				/root/Swamp/Alligator
				/root/Swamp/Mosquito
				/root/Swamp/Goblin
				[/codeblock]
				Possible paths are:
				[codeblocks]
				[gdscript]
				get_node("Sword")
				get_node("Backpack/Dagger")
				get_node("../Swamp/Alligator")
				get_node("/root/MyGame")
				[/gdscript]
				[csharp]
				GetNode("Sword");
				GetNode("Backpack/Dagger");
				GetNode("../Swamp/Alligator");
				GetNode("/root/MyGame");
				[/csharp]
				[/codeblocks]
			</description>
		</method>
		<method name="get_node_and_resource">
			<return type="Array" />
			<param index="0" name="path" type="NodePath" />
			<description>
				Fetches a node and one of its resources as specified by the [NodePath]'s subname (e.g. [code]Area2D/CollisionShape2D:shape[/code]). If several nested resources are specified in the [NodePath], the last one will be fetched.
				The return value is an array of size 3: the first index points to the [Node] (or [code]null[/code] if not found), the second index points to the [Resource] (or [code]null[/code] if not found), and the third index is the remaining [NodePath], if any.
				For example, assuming that [code]Area2D/CollisionShape2D[/code] is a valid node and that its [code]shape[/code] property has been assigned a [RectangleShape2D] resource, one could have this kind of output:
				[codeblocks]
				[gdscript]
				print(get_node_and_resource("Area2D/CollisionShape2D")) # [[CollisionShape2D:1161], Null, ]
				print(get_node_and_resource("Area2D/CollisionShape2D:shape")) # [[CollisionShape2D:1161], [RectangleShape2D:1156], ]
				print(get_node_and_resource("Area2D/CollisionShape2D:shape:extents")) # [[CollisionShape2D:1161], [RectangleShape2D:1156], :extents]
				[/gdscript]
				[csharp]
				GD.Print(GetNodeAndResource("Area2D/CollisionShape2D")); // [[CollisionShape2D:1161], Null, ]
				GD.Print(GetNodeAndResource("Area2D/CollisionShape2D:shape")); // [[CollisionShape2D:1161], [RectangleShape2D:1156], ]
				GD.Print(GetNodeAndResource("Area2D/CollisionShape2D:shape:extents")); // [[CollisionShape2D:1161], [RectangleShape2D:1156], :extents]
				[/csharp]
				[/codeblocks]
			</description>
		</method>
		<method name="get_node_or_null" qualifiers="const">
			<return type="Node" />
			<param index="0" name="path" type="NodePath" />
			<description>
				Similar to [method get_node], but does not log an error if [param path] does not point to a valid [Node].
			</description>
		</method>
		<method name="get_parent" qualifiers="const">
			<return type="Node" />
			<description>
				Returns the parent node of the current node, or [code]null[/code] if the node lacks a parent.
			</description>
		</method>
		<method name="get_path" qualifiers="const">
			<return type="NodePath" />
			<description>
				Returns the absolute path of the current node. This only works if the current node is inside the scene tree (see [method is_inside_tree]).
			</description>
		</method>
		<method name="get_path_to" qualifiers="const">
			<return type="NodePath" />
			<param index="0" name="node" type="Node" />
			<param index="1" name="use_unique_path" type="bool" default="false" />
			<description>
				Returns the relative [NodePath] from this node to the specified [param node]. Both nodes must be in the same scene or the function will fail.
				If [param use_unique_path] is [code]true[/code], returns the shortest path considering unique node.
				[b]Note:[/b] If you get a relative path which starts from a unique node, the path may be longer than a normal relative path due to the addition of the unique node's name.
			</description>
		</method>
		<method name="get_physics_process_delta_time" qualifiers="const">
			<return type="float" />
			<description>
				Returns the time elapsed (in seconds) since the last physics-bound frame (see [method _physics_process]). This is always a constant value in physics processing unless the frames per second is changed via [member Engine.physics_ticks_per_second].
			</description>
		</method>
		<method name="get_process_delta_time" qualifiers="const">
			<return type="float" />
			<description>
				Returns the time elapsed (in seconds) since the last process callback. This value may vary from frame to frame.
			</description>
		</method>
		<method name="get_scene_instance_load_placeholder" qualifiers="const">
			<return type="bool" />
			<description>
				Returns [code]true[/code] if this is an instance load placeholder. See [InstancePlaceholder].
			</description>
		</method>
		<method name="get_tree" qualifiers="const">
			<return type="SceneTree" />
			<description>
				Returns the [SceneTree] that contains this node.
			</description>
		</method>
		<method name="get_viewport" qualifiers="const">
			<return type="Viewport" />
			<description>
				Returns the node's [Viewport].
			</description>
		</method>
		<method name="get_window" qualifiers="const">
			<return type="Window" />
			<description>
				Returns the [Window] that contains this node. If the node is in the main window, this is equivalent to getting the root node ([code]get_tree().get_root()[/code]).
			</description>
		</method>
		<method name="has_node" qualifiers="const">
			<return type="bool" />
			<param index="0" name="path" type="NodePath" />
			<description>
				Returns [code]true[/code] if the node that the [NodePath] points to exists.
			</description>
		</method>
		<method name="has_node_and_resource" qualifiers="const">
			<return type="bool" />
			<param index="0" name="path" type="NodePath" />
			<description>
				Returns [code]true[/code] if the [NodePath] points to a valid node and its subname points to a valid resource, e.g. [code]Area2D/CollisionShape2D:shape[/code]. Properties with a non-[Resource] type (e.g. nodes or primitive math types) are not considered resources.
			</description>
		</method>
		<method name="is_ancestor_of" qualifiers="const">
			<return type="bool" />
			<param index="0" name="node" type="Node" />
			<description>
				Returns [code]true[/code] if the given node is a direct or indirect child of the current node.
			</description>
		</method>
		<method name="is_displayed_folded" qualifiers="const">
			<return type="bool" />
			<description>
				Returns [code]true[/code] if the node is folded (collapsed) in the Scene dock. This method is only intended for use with editor tooling.
			</description>
		</method>
		<method name="is_editable_instance" qualifiers="const">
			<return type="bool" />
			<param index="0" name="node" type="Node" />
			<description>
				Returns [code]true[/code] if [param node] has editable children enabled relative to this node. This method is only intended for use with editor tooling.
			</description>
		</method>
		<method name="is_greater_than" qualifiers="const">
			<return type="bool" />
			<param index="0" name="node" type="Node" />
			<description>
				Returns [code]true[/code] if the given node occurs later in the scene hierarchy than the current node.
			</description>
		</method>
		<method name="is_in_group" qualifiers="const">
			<return type="bool" />
			<param index="0" name="group" type="StringName" />
			<description>
				Returns [code]true[/code] if this node is in the specified group. See notes in the description, and the group methods in [SceneTree].
			</description>
		</method>
		<method name="is_inside_tree" qualifiers="const">
			<return type="bool" />
			<description>
				Returns [code]true[/code] if this node is currently inside a [SceneTree].
			</description>
		</method>
		<method name="is_multiplayer_authority" qualifiers="const">
			<return type="bool" />
			<description>
				Returns [code]true[/code] if the local system is the multiplayer authority of this node.
			</description>
		</method>
		<method name="is_node_ready" qualifiers="const">
			<return type="bool" />
			<description>
				Returns [code]true[/code] if the node is ready, i.e. it's inside scene tree and all its children are initialized.
				[method request_ready] resets it back to [code]false[/code].
			</description>
		</method>
		<method name="is_physics_processing" qualifiers="const">
			<return type="bool" />
			<description>
				Returns [code]true[/code] if physics processing is enabled (see [method set_physics_process]).
			</description>
		</method>
		<method name="is_physics_processing_internal" qualifiers="const">
			<return type="bool" />
			<description>
				Returns [code]true[/code] if internal physics processing is enabled (see [method set_physics_process_internal]).
			</description>
		</method>
		<method name="is_processing" qualifiers="const">
			<return type="bool" />
			<description>
				Returns [code]true[/code] if processing is enabled (see [method set_process]).
			</description>
		</method>
		<method name="is_processing_input" qualifiers="const">
			<return type="bool" />
			<description>
				Returns [code]true[/code] if the node is processing input (see [method set_process_input]).
			</description>
		</method>
		<method name="is_processing_internal" qualifiers="const">
			<return type="bool" />
			<description>
				Returns [code]true[/code] if internal processing is enabled (see [method set_process_internal]).
			</description>
		</method>
		<method name="is_processing_shortcut_input" qualifiers="const">
			<return type="bool" />
			<description>
				Returns [code]true[/code] if the node is processing shortcuts (see [method set_process_shortcut_input]).
			</description>
		</method>
		<method name="is_processing_unhandled_input" qualifiers="const">
			<return type="bool" />
			<description>
				Returns [code]true[/code] if the node is processing unhandled input (see [method set_process_unhandled_input]).
			</description>
		</method>
		<method name="is_processing_unhandled_key_input" qualifiers="const">
			<return type="bool" />
			<description>
				Returns [code]true[/code] if the node is processing unhandled key input (see [method set_process_unhandled_key_input]).
			</description>
		</method>
		<method name="move_child">
			<return type="void" />
			<param index="0" name="child_node" type="Node" />
			<param index="1" name="to_index" type="int" />
			<description>
				Moves a child node to a different index (order) among the other children. Since calls, signals, etc. are performed by tree order, changing the order of children nodes may be useful. If [param to_index] is negative, the index will be counted from the end.
				[b]Note:[/b] Internal children can only be moved within their expected "internal range" (see [code]internal[/code] parameter in [method add_child]).
			</description>
		</method>
		<method name="print_orphan_nodes" qualifiers="static">
			<return type="void" />
			<description>
				Prints all orphan nodes (nodes outside the [SceneTree]). Used for debugging.
				[b]Note:[/b] [method print_orphan_nodes] only works in debug builds. When called in a project exported in release mode, [method print_orphan_nodes] will not print anything.
			</description>
		</method>
		<method name="print_tree">
			<return type="void" />
			<description>
				Prints the tree to stdout. Used mainly for debugging purposes. This version displays the path relative to the current node, and is good for copy/pasting into the [method get_node] function.
				[b]Example output:[/b]
				[codeblock]
				TheGame
				TheGame/Menu
				TheGame/Menu/Label
				TheGame/Menu/Camera2D
				TheGame/SplashScreen
				TheGame/SplashScreen/Camera2D
				[/codeblock]
			</description>
		</method>
		<method name="print_tree_pretty">
			<return type="void" />
			<description>
				Similar to [method print_tree], this prints the tree to stdout. This version displays a more graphical representation similar to what is displayed in the Scene Dock. It is useful for inspecting larger trees.
				[b]Example output:[/b]
				[codeblock]
				 ┖╴TheGame
				    ┠╴Menu
				    ┃  ┠╴Label
				    ┃  ┖╴Camera2D
				    ┖╴SplashScreen
				       ┖╴Camera2D
				[/codeblock]
			</description>
		</method>
		<method name="propagate_call">
			<return type="void" />
			<param index="0" name="method" type="StringName" />
			<param index="1" name="args" type="Array" default="[]" />
			<param index="2" name="parent_first" type="bool" default="false" />
			<description>
				Calls the given method (if present) with the arguments given in [param args] on this node and recursively on all its children. If the [param parent_first] argument is [code]true[/code], the method will be called on the current node first, then on all its children. If [param parent_first] is [code]false[/code], the children will be called first.
			</description>
		</method>
		<method name="propagate_notification">
			<return type="void" />
			<param index="0" name="what" type="int" />
			<description>
				Notifies the current node and all its children recursively by calling [method Object.notification] on all of them.
			</description>
		</method>
		<method name="queue_free">
			<return type="void" />
			<description>
				Queues a node for deletion at the end of the current frame. When deleted, all of its child nodes will be deleted as well. This method ensures it's safe to delete the node, contrary to [method Object.free]. Use [method Object.is_queued_for_deletion] to check whether a node will be deleted at the end of the frame.
			</description>
		</method>
		<method name="remove_child">
			<return type="void" />
			<param index="0" name="node" type="Node" />
			<description>
				Removes a child node. The node is NOT deleted and must be deleted manually.
				[b]Note:[/b] This function may set the [member owner] of the removed Node (or its descendants) to be [code]null[/code], if that [member owner] is no longer a parent or ancestor.
			</description>
		</method>
		<method name="remove_from_group">
			<return type="void" />
			<param index="0" name="group" type="StringName" />
			<description>
				Removes a node from the [param group]. Does nothing if the node is not in the [param group]. See notes in the description, and the group methods in [SceneTree].
			</description>
		</method>
		<method name="reparent">
			<return type="void" />
			<param index="0" name="new_parent" type="Node" />
			<param index="1" name="keep_global_transform" type="bool" default="true" />
			<description>
				Changes the parent of this [Node] to the [param new_parent]. The node needs to already have a parent.
				If [param keep_global_transform] is [code]true[/code], the node's global transform will be preserved if supported. [Node2D], [Node3D] and [Control] support this argument (but [Control] keeps only position).
			</description>
		</method>
		<method name="replace_by">
			<return type="void" />
			<param index="0" name="node" type="Node" />
			<param index="1" name="keep_groups" type="bool" default="false" />
			<description>
				Replaces a node in a scene by the given one. Subscriptions that pass through this node will be lost.
				If [param keep_groups] is [code]true[/code], the [param node] is added to the same groups that the replaced node is in.
				[b]Note:[/b] The given node will become the new parent of any child nodes that the replaced node had.
				[b]Note:[/b] The replaced node is not automatically freed, so you either need to keep it in a variable for later use or free it using [method Object.free].
			</description>
		</method>
		<method name="request_ready">
			<return type="void" />
			<description>
				Requests that [code]_ready[/code] be called again. Note that the method won't be called immediately, but is scheduled for when the node is added to the scene tree again (see [method _ready]). [code]_ready[/code] is called only for the node which requested it, which means that you need to request ready for each child if you want them to call [code]_ready[/code] too (in which case, [code]_ready[/code] will be called in the same order as it would normally).
			</description>
		</method>
		<method name="rpc" qualifiers="vararg">
			<return type="int" enum="Error" />
			<param index="0" name="method" type="StringName" />
			<description>
				Sends a remote procedure call request for the given [param method] to peers on the network (and locally), optionally sending all additional arguments as arguments to the method called by the RPC. The call request will only be received by nodes with the same [NodePath], including the exact same node name. Behavior depends on the RPC configuration for the given method, see [method rpc_config] and [annotation @GDScript.@rpc]. Methods are not exposed to RPCs by default. Returns [code]null[/code].
				[b]Note:[/b] You can only safely use RPCs on clients after you received the [code]connected_to_server[/code] signal from the [MultiplayerAPI]. You also need to keep track of the connection state, either by the [MultiplayerAPI] signals like [code]server_disconnected[/code] or by checking [code]get_multiplayer().peer.get_connection_status() == CONNECTION_CONNECTED[/code].
			</description>
		</method>
		<method name="rpc_config">
			<return type="void" />
			<param index="0" name="method" type="StringName" />
			<param index="1" name="config" type="Variant" />
			<description>
				Changes the RPC mode for the given [param method] with the given [param config] which should be [code]null[/code] (to disable) or a [Dictionary] in the form:
				[codeblock]
				{
				    rpc_mode = MultiplayerAPI.RPCMode,
				    transfer_mode = MultiplayerPeer.TranferMode,
				    call_local = false,
				    channel = 0,
				}
				[/codeblock]
				See [enum MultiplayerAPI.RPCMode] and [enum MultiplayerPeer.TransferMode]. An alternative is annotating methods and properties with the corresponding [annotation @GDScript.@rpc] annotation ([code]@rpc("any_peer")[/code], [code]@rpc("authority")[/code]). By default, methods are not exposed to networking (and RPCs).
			</description>
		</method>
		<method name="rpc_id" qualifiers="vararg">
			<return type="int" enum="Error" />
			<param index="0" name="peer_id" type="int" />
			<param index="1" name="method" type="StringName" />
			<description>
				Sends a [method rpc] to a specific peer identified by [param peer_id] (see [method MultiplayerPeer.set_target_peer]). Returns [code]null[/code].
			</description>
		</method>
		<method name="set_display_folded">
			<return type="void" />
			<param index="0" name="fold" type="bool" />
			<description>
				Sets the folded state of the node in the Scene dock. This method is only intended for use with editor tooling.
			</description>
		</method>
		<method name="set_editable_instance">
			<return type="void" />
			<param index="0" name="node" type="Node" />
			<param index="1" name="is_editable" type="bool" />
			<description>
				Sets the editable children state of [param node] relative to this node. This method is only intended for use with editor tooling.
			</description>
		</method>
		<method name="set_multiplayer_authority">
			<return type="void" />
			<param index="0" name="id" type="int" />
			<param index="1" name="recursive" type="bool" default="true" />
			<description>
				Sets the node's multiplayer authority to the peer with the given peer ID. The multiplayer authority is the peer that has authority over the node on the network. Useful in conjunction with [method rpc_config] and the [MultiplayerAPI]. Inherited from the parent node by default, which ultimately defaults to peer ID 1 (the server). If [param recursive], the given peer is recursively set as the authority for all children of this node.
			</description>
		</method>
		<method name="set_physics_process">
			<return type="void" />
			<param index="0" name="enable" type="bool" />
			<description>
				Enables or disables physics (i.e. fixed framerate) processing. When a node is being processed, it will receive a [constant NOTIFICATION_PHYSICS_PROCESS] at a fixed (usually 60 FPS, see [member Engine.physics_ticks_per_second] to change) interval (and the [method _physics_process] callback will be called if exists). Enabled automatically if [method _physics_process] is overridden. Any calls to this before [method _ready] will be ignored.
			</description>
		</method>
		<method name="set_physics_process_internal">
			<return type="void" />
			<param index="0" name="enable" type="bool" />
			<description>
				Enables or disables internal physics for this node. Internal physics processing happens in isolation from the normal [method _physics_process] calls and is used by some nodes internally to guarantee proper functioning even if the node is paused or physics processing is disabled for scripting ([method set_physics_process]). Only useful for advanced uses to manipulate built-in nodes' behavior.
				[b]Warning:[/b] Built-in Nodes rely on the internal processing for their own logic, so changing this value from your code may lead to unexpected behavior. Script access to this internal logic is provided for specific advanced uses, but is unsafe and not supported.
			</description>
		</method>
		<method name="set_process">
			<return type="void" />
			<param index="0" name="enable" type="bool" />
			<description>
				Enables or disables processing. When a node is being processed, it will receive a [constant NOTIFICATION_PROCESS] on every drawn frame (and the [method _process] callback will be called if exists). Enabled automatically if [method _process] is overridden. Any calls to this before [method _ready] will be ignored.
			</description>
		</method>
		<method name="set_process_input">
			<return type="void" />
			<param index="0" name="enable" type="bool" />
			<description>
				Enables or disables input processing. This is not required for GUI controls! Enabled automatically if [method _input] is overridden. Any calls to this before [method _ready] will be ignored.
			</description>
		</method>
		<method name="set_process_internal">
			<return type="void" />
			<param index="0" name="enable" type="bool" />
			<description>
				Enables or disabled internal processing for this node. Internal processing happens in isolation from the normal [method _process] calls and is used by some nodes internally to guarantee proper functioning even if the node is paused or processing is disabled for scripting ([method set_process]). Only useful for advanced uses to manipulate built-in nodes' behavior.
				[b]Warning:[/b] Built-in Nodes rely on the internal processing for their own logic, so changing this value from your code may lead to unexpected behavior. Script access to this internal logic is provided for specific advanced uses, but is unsafe and not supported.
			</description>
		</method>
		<method name="set_process_shortcut_input">
			<return type="void" />
			<param index="0" name="enable" type="bool" />
			<description>
				Enables shortcut processing. Enabled automatically if [method _shortcut_input] is overridden. Any calls to this before [method _ready] will be ignored.
			</description>
		</method>
		<method name="set_process_unhandled_input">
			<return type="void" />
			<param index="0" name="enable" type="bool" />
			<description>
				Enables unhandled input processing. This is not required for GUI controls! It enables the node to receive all input that was not previously handled (usually by a [Control]). Enabled automatically if [method _unhandled_input] is overridden. Any calls to this before [method _ready] will be ignored.
			</description>
		</method>
		<method name="set_process_unhandled_key_input">
			<return type="void" />
			<param index="0" name="enable" type="bool" />
			<description>
				Enables unhandled key input processing. Enabled automatically if [method _unhandled_key_input] is overridden. Any calls to this before [method _ready] will be ignored.
			</description>
		</method>
		<method name="set_scene_instance_load_placeholder">
			<return type="void" />
			<param index="0" name="load_placeholder" type="bool" />
			<description>
				Sets whether this is an instance load placeholder. See [InstancePlaceholder].
			</description>
		</method>
		<method name="update_configuration_warnings">
			<return type="void" />
			<description>
				Updates the warning displayed for this node in the Scene Dock.
				Use [method _get_configuration_warnings] to setup the warning message to display.
			</description>
		</method>
	</methods>
	<members>
		<member name="editor_description" type="String" setter="set_editor_description" getter="get_editor_description" default="&quot;&quot;">
			Add a custom description to a node. It will be displayed in a tooltip when hovered in editor's scene tree.
		</member>
		<member name="multiplayer" type="MultiplayerAPI" setter="" getter="get_multiplayer">
			The [MultiplayerAPI] instance associated with this node. See [method SceneTree.get_multiplayer].
		</member>
		<member name="name" type="StringName" setter="set_name" getter="get_name">
			The name of the node. This name is unique among the siblings (other child nodes from the same parent). When set to an existing name, the node will be automatically renamed.
			[b]Note:[/b] Auto-generated names might include the [code]@[/code] character, which is reserved for unique names when using [method add_child]. When setting the name manually, any [code]@[/code] will be removed.
		</member>
		<member name="owner" type="Node" setter="set_owner" getter="get_owner">
			The node owner. A node can have any other node as owner (as long as it is a valid parent, grandparent, etc. ascending in the tree). When saving a node (using [PackedScene]), all the nodes it owns will be saved with it. This allows for the creation of complex [SceneTree]s, with instancing and subinstancing.
			[b]Note:[/b] If you want a child to be persisted to a [PackedScene], you must set [member owner] in addition to calling [method add_child]. This is typically relevant for [url=$DOCS_URL/tutorials/plugins/running_code_in_the_editor.html]tool scripts[/url] and [url=$DOCS_URL/tutorials/plugins/editor/index.html]editor plugins[/url]. If [method add_child] is called without setting [member owner], the newly added [Node] will not be visible in the scene tree, though it will be visible in the 2D/3D view.
		</member>
		<member name="process_mode" type="int" setter="set_process_mode" getter="get_process_mode" enum="Node.ProcessMode" default="0">
			Can be used to pause or unpause the node, or make the node paused based on the [SceneTree], or make it inherit the process mode from its parent (default).
		</member>
		<member name="process_priority" type="int" setter="set_process_priority" getter="get_process_priority" default="0">
			The node's priority in the execution order of the enabled processing callbacks (i.e. [constant NOTIFICATION_PROCESS], [constant NOTIFICATION_PHYSICS_PROCESS] and their internal counterparts). Nodes whose process priority value is [i]lower[/i] will have their processing callbacks executed first.
		</member>
		<member name="scene_file_path" type="String" setter="set_scene_file_path" getter="get_scene_file_path">
			If a scene is instantiated from a file, its topmost node contains the absolute file path from which it was loaded in [member scene_file_path] (e.g. [code]res://levels/1.tscn[/code]). Otherwise, [member scene_file_path] is set to an empty string.
		</member>
		<member name="unique_name_in_owner" type="bool" setter="set_unique_name_in_owner" getter="is_unique_name_in_owner" default="false">
			Sets this node's name as a unique name in its [member owner]. This allows the node to be accessed as [code]%Name[/code] instead of the full path, from any node within that scene.
			If another node with the same owner already had that name declared as unique, that other node's name will no longer be set as having a unique name.
		</member>
	</members>
	<signals>
		<signal name="child_entered_tree">
			<param index="0" name="node" type="Node" />
			<description>
				Emitted when a child node enters the scene tree, either because it entered on its own or because this node entered with it.
				This signal is emitted [i]after[/i] the child node's own [constant NOTIFICATION_ENTER_TREE] and [signal tree_entered].
			</description>
		</signal>
		<signal name="child_exiting_tree">
			<param index="0" name="node" type="Node" />
			<description>
				Emitted when a child node is about to exit the scene tree, either because it is being removed or freed directly, or because this node is exiting the tree.
				When this signal is received, the child [param node] is still in the tree and valid. This signal is emitted [i]after[/i] the child node's own [signal tree_exiting] and [constant NOTIFICATION_EXIT_TREE].
			</description>
		</signal>
		<signal name="ready">
			<description>
				Emitted when the node is ready. Comes after [method _ready] callback and follows the same rules.
			</description>
		</signal>
		<signal name="renamed">
			<description>
				Emitted when the node is renamed.
			</description>
		</signal>
		<signal name="tree_entered">
			<description>
				Emitted when the node enters the tree.
				This signal is emitted [i]after[/i] the related [constant NOTIFICATION_ENTER_TREE] notification.
			</description>
		</signal>
		<signal name="tree_exited">
			<description>
				Emitted after the node exits the tree and is no longer active.
			</description>
		</signal>
		<signal name="tree_exiting">
			<description>
				Emitted when the node is still active but about to exit the tree. This is the right place for de-initialization (or a "destructor", if you will).
				This signal is emitted [i]before[/i] the related [constant NOTIFICATION_EXIT_TREE] notification.
			</description>
		</signal>
	</signals>
	<constants>
		<constant name="NOTIFICATION_ENTER_TREE" value="10">
			Notification received when the node enters a [SceneTree].
			This notification is emitted [i]before[/i] the related [signal tree_entered].
		</constant>
		<constant name="NOTIFICATION_EXIT_TREE" value="11">
			Notification received when the node is about to exit a [SceneTree].
			This notification is emitted [i]after[/i] the related [signal tree_exiting].
		</constant>
		<constant name="NOTIFICATION_MOVED_IN_PARENT" value="12">
			Notification received when the node is moved in the parent.
		</constant>
		<constant name="NOTIFICATION_READY" value="13">
			Notification received when the node is ready. See [method _ready].
		</constant>
		<constant name="NOTIFICATION_PAUSED" value="14">
			Notification received when the node is paused.
		</constant>
		<constant name="NOTIFICATION_UNPAUSED" value="15">
			Notification received when the node is unpaused.
		</constant>
		<constant name="NOTIFICATION_PHYSICS_PROCESS" value="16">
			Notification received every frame when the physics process flag is set (see [method set_physics_process]).
		</constant>
		<constant name="NOTIFICATION_PROCESS" value="17">
			Notification received every frame when the process flag is set (see [method set_process]).
		</constant>
		<constant name="NOTIFICATION_PARENTED" value="18">
			Notification received when a node is set as a child of another node.
			[b]Note:[/b] This doesn't mean that a node entered the [SceneTree].
		</constant>
		<constant name="NOTIFICATION_UNPARENTED" value="19">
			Notification received when a node is unparented (parent removed it from the list of children).
		</constant>
		<constant name="NOTIFICATION_SCENE_INSTANTIATED" value="20">
			Notification received by scene owner when its scene is instantiated.
		</constant>
		<constant name="NOTIFICATION_DRAG_BEGIN" value="21">
			Notification received when a drag operation begins. All nodes receive this notification, not only the dragged one.
			Can be triggered either by dragging a [Control] that provides drag data (see [method Control._get_drag_data]) or using [method Control.force_drag].
			Use [method Viewport.gui_get_drag_data] to get the dragged data.
		</constant>
		<constant name="NOTIFICATION_DRAG_END" value="22">
			Notification received when a drag operation ends.
			Use [method Viewport.gui_is_drag_successful] to check if the drag succeeded.
		</constant>
		<constant name="NOTIFICATION_PATH_RENAMED" value="23">
			Notification received when the node's name or one of its parents' name is changed. This notification is [i]not[/i] received when the node is removed from the scene tree to be added to another parent later on.
		</constant>
		<constant name="NOTIFICATION_INTERNAL_PROCESS" value="25">
			Notification received every frame when the internal process flag is set (see [method set_process_internal]).
		</constant>
		<constant name="NOTIFICATION_INTERNAL_PHYSICS_PROCESS" value="26">
			Notification received every frame when the internal physics process flag is set (see [method set_physics_process_internal]).
		</constant>
		<constant name="NOTIFICATION_POST_ENTER_TREE" value="27">
			Notification received when the node is ready, just before [constant NOTIFICATION_READY] is received. Unlike the latter, it's sent every time the node enters tree, instead of only once.
		</constant>
		<constant name="NOTIFICATION_DISABLED" value="28">
			Notification received when the node is disabled. See [constant PROCESS_MODE_DISABLED].
		</constant>
		<constant name="NOTIFICATION_ENABLED" value="29">
			Notification received when the node is enabled again after being disabled. See [constant PROCESS_MODE_DISABLED].
		</constant>
		<constant name="NOTIFICATION_NODE_RECACHE_REQUESTED" value="30">
			Notification received when other nodes in the tree may have been removed/replaced and node pointers may require re-caching.
		</constant>
		<constant name="NOTIFICATION_EDITOR_PRE_SAVE" value="9001">
			Notification received right before the scene with the node is saved in the editor. This notification is only sent in the Godot editor and will not occur in exported projects.
		</constant>
		<constant name="NOTIFICATION_EDITOR_POST_SAVE" value="9002">
			Notification received right after the scene with the node is saved in the editor. This notification is only sent in the Godot editor and will not occur in exported projects.
		</constant>
		<constant name="NOTIFICATION_WM_MOUSE_ENTER" value="1002">
			Notification received from the OS when the mouse enters the game window.
			Implemented on desktop and web platforms.
		</constant>
		<constant name="NOTIFICATION_WM_MOUSE_EXIT" value="1003">
			Notification received from the OS when the mouse leaves the game window.
			Implemented on desktop and web platforms.
		</constant>
		<constant name="NOTIFICATION_WM_WINDOW_FOCUS_IN" value="1004">
			Notification received from the OS when the node's parent [Window] is focused. This may be a change of focus between two windows of the same engine instance, or from the OS desktop or a third-party application to a window of the game (in which case [constant NOTIFICATION_APPLICATION_FOCUS_IN] is also emitted).
		</constant>
		<constant name="NOTIFICATION_WM_WINDOW_FOCUS_OUT" value="1005">
			Notification received from the OS when the node's parent [Window] is defocused. This may be a change of focus between two windows of the same engine instance, or from a window of the game to the OS desktop or a third-party application (in which case [constant NOTIFICATION_APPLICATION_FOCUS_OUT] is also emitted).
		</constant>
		<constant name="NOTIFICATION_WM_CLOSE_REQUEST" value="1006">
			Notification received from the OS when a close request is sent (e.g. closing the window with a "Close" button or [kbd]Alt + F4[/kbd]).
			Implemented on desktop platforms.
		</constant>
		<constant name="NOTIFICATION_WM_GO_BACK_REQUEST" value="1007">
			Notification received from the OS when a go back request is sent (e.g. pressing the "Back" button on Android).
			Specific to the Android platform.
		</constant>
		<constant name="NOTIFICATION_WM_SIZE_CHANGED" value="1008">
			Notification received from the OS when the window is resized.
		</constant>
		<constant name="NOTIFICATION_WM_DPI_CHANGE" value="1009">
			Notification received from the OS when the screen's DPI has been changed. Only implemented on macOS.
		</constant>
		<constant name="NOTIFICATION_VP_MOUSE_ENTER" value="1010">
			Notification received when the mouse enters the viewport.
		</constant>
		<constant name="NOTIFICATION_VP_MOUSE_EXIT" value="1011">
			Notification received when the mouse leaves the viewport.
		</constant>
		<constant name="NOTIFICATION_OS_MEMORY_WARNING" value="2009">
			Notification received from the OS when the application is exceeding its allocated memory.
			Specific to the iOS platform.
		</constant>
		<constant name="NOTIFICATION_TRANSLATION_CHANGED" value="2010">
			Notification received when translations may have changed. Can be triggered by the user changing the locale. Can be used to respond to language changes, for example to change the UI strings on the fly. Useful when working with the built-in translation support, like [method Object.tr].
		</constant>
		<constant name="NOTIFICATION_WM_ABOUT" value="2011">
			Notification received from the OS when a request for "About" information is sent.
			Specific to the macOS platform.
		</constant>
		<constant name="NOTIFICATION_CRASH" value="2012">
			Notification received from Godot's crash handler when the engine is about to crash.
			Implemented on desktop platforms if the crash handler is enabled.
		</constant>
		<constant name="NOTIFICATION_OS_IME_UPDATE" value="2013">
			Notification received from the OS when an update of the Input Method Engine occurs (e.g. change of IME cursor position or composition string).
			Specific to the macOS platform.
		</constant>
		<constant name="NOTIFICATION_APPLICATION_RESUMED" value="2014">
			Notification received from the OS when the application is resumed.
			Specific to the Android platform.
		</constant>
		<constant name="NOTIFICATION_APPLICATION_PAUSED" value="2015">
			Notification received from the OS when the application is paused.
			Specific to the Android platform.
		</constant>
		<constant name="NOTIFICATION_APPLICATION_FOCUS_IN" value="2016">
			Notification received from the OS when the application is focused, i.e. when changing the focus from the OS desktop or a thirdparty application to any open window of the Godot instance.
			Implemented on desktop platforms.
		</constant>
		<constant name="NOTIFICATION_APPLICATION_FOCUS_OUT" value="2017">
			Notification received from the OS when the application is defocused, i.e. when changing the focus from any open window of the Godot instance to the OS desktop or a thirdparty application.
			Implemented on desktop platforms.
		</constant>
		<constant name="NOTIFICATION_TEXT_SERVER_CHANGED" value="2018">
			Notification received when text server is changed.
		</constant>
		<constant name="PROCESS_MODE_INHERIT" value="0" enum="ProcessMode">
			Inherits process mode from the node's parent. For the root node, it is equivalent to [constant PROCESS_MODE_PAUSABLE]. Default.
		</constant>
		<constant name="PROCESS_MODE_PAUSABLE" value="1" enum="ProcessMode">
			Stops processing when the [SceneTree] is paused (process when unpaused). This is the inverse of [constant PROCESS_MODE_WHEN_PAUSED].
		</constant>
		<constant name="PROCESS_MODE_WHEN_PAUSED" value="2" enum="ProcessMode">
			Only process when the [SceneTree] is paused (don't process when unpaused). This is the inverse of [constant PROCESS_MODE_PAUSABLE].
		</constant>
		<constant name="PROCESS_MODE_ALWAYS" value="3" enum="ProcessMode">
			Always process. Continue processing always, ignoring the [SceneTree]'s paused property. This is the inverse of [constant PROCESS_MODE_DISABLED].
		</constant>
		<constant name="PROCESS_MODE_DISABLED" value="4" enum="ProcessMode">
			Never process. Completely disables processing, ignoring the [SceneTree]'s paused property. This is the inverse of [constant PROCESS_MODE_ALWAYS].
		</constant>
		<constant name="DUPLICATE_SIGNALS" value="1" enum="DuplicateFlags">
			Duplicate the node's signals.
		</constant>
		<constant name="DUPLICATE_GROUPS" value="2" enum="DuplicateFlags">
			Duplicate the node's groups.
		</constant>
		<constant name="DUPLICATE_SCRIPTS" value="4" enum="DuplicateFlags">
			Duplicate the node's scripts.
		</constant>
		<constant name="DUPLICATE_USE_INSTANTIATION" value="8" enum="DuplicateFlags">
			Duplicate using instancing.
			An instance stays linked to the original so when the original changes, the instance changes too.
		</constant>
		<constant name="INTERNAL_MODE_DISABLED" value="0" enum="InternalMode">
			Node will not be internal.
		</constant>
		<constant name="INTERNAL_MODE_FRONT" value="1" enum="InternalMode">
			Node will be placed at the front of parent's node list, before any non-internal sibling.
		</constant>
		<constant name="INTERNAL_MODE_BACK" value="2" enum="InternalMode">
			Node will be placed at the back of parent's node list, after any non-internal sibling.
		</constant>
	</constants>
</class>
