<?xml version="1.0" encoding="UTF-8" ?>
<class name="SceneTree" inherits="MainLoop" version="4.0" xmlns:xsi="http://www.w3.org/2001/XMLSchema-instance" xsi:noNamespaceSchemaLocation="../class.xsd">
	<brief_description>
		Manages the game loop via a hierarchy of nodes.
	</brief_description>
	<description>
		As one of the most important classes, the [SceneTree] manages the hierarchy of nodes in a scene as well as scenes themselves. Nodes can be added, retrieved and removed. The whole scene tree (and thus the current scene) can be paused. Scenes can be loaded, switched and reloaded.
		You can also use the [SceneTree] to organize your nodes into groups: every node can be assigned as many groups as you want to create, e.g. an "enemy" group. You can then iterate these groups or even call methods and set properties on all the group's members at once.
		[SceneTree] is the default [MainLoop] implementation used by scenes, and is thus in charge of the game loop.
	</description>
	<tutorials>
		<link title="SceneTree">$DOCS_URL/tutorials/scripting/scene_tree.html</link>
		<link title="Multiple resolutions">$DOCS_URL/tutorials/rendering/multiple_resolutions.html</link>
	</tutorials>
	<methods>
		<method name="call_group" qualifiers="vararg">
			<return type="void" />
			<param index="0" name="group" type="StringName" />
			<param index="1" name="method" type="StringName" />
			<description>
				Calls [param method] on each member of the given group. You can pass arguments to [param method] by specifying them at the end of the method call. If a node doesn't have the given method or the argument list does not match (either in count or in types), it will be skipped.
				[b]Note:[/b] [method call_group] will call methods immediately on all members at once, which can cause stuttering if an expensive method is called on lots of members. To wait for one frame after [method call_group] was called, use [method call_group_flags] with the [constant GROUP_CALL_DEFERRED] flag.
			</description>
		</method>
		<method name="call_group_flags" qualifiers="vararg">
			<return type="void" />
			<param index="0" name="flags" type="int" />
			<param index="1" name="group" type="StringName" />
			<param index="2" name="method" type="StringName" />
			<description>
				Calls [param method] on each member of the given group, respecting the given [enum GroupCallFlags]. You can pass arguments to [param method] by specifying them at the end of the method call. If a node doesn't have the given method or the argument list does not match (either in count or in types), it will be skipped.
				[codeblock]
				# Call the method in a deferred manner and in reverse order.
				get_tree().call_group_flags(SceneTree.GROUP_CALL_DEFERRED | SceneTree.GROUP_CALL_REVERSE)
				[/codeblock]
				[b]Note:[/b] Group call flags are used to control the method calling behavior. By default, methods will be called immediately in a way similar to [method call_group]. However, if the [constant GROUP_CALL_DEFERRED] flag is present in the [param flags] argument, methods will be called with a one-frame delay in a way similar to [method Object.set_deferred].
			</description>
		</method>
		<method name="change_scene_to_file">
			<return type="int" enum="Error" />
			<param index="0" name="path" type="String" />
			<description>
				Changes the running scene to the one at the given [param path], after loading it into a [PackedScene] and creating a new instance.
				Returns [constant OK] on success, [constant ERR_CANT_OPEN] if the [param path] cannot be loaded into a [PackedScene], or [constant ERR_CANT_CREATE] if that scene cannot be instantiated.
				[b]Note:[/b] The scene change is deferred, which means that the new scene node is added on the next idle frame. This ensures that both scenes are never loaded at the same time, which can exhaust system resources if the scenes are too large or if running in a memory constrained environment. As such, you won't be able to access the loaded scene immediately after the [method change_scene_to_file] call.
			</description>
		</method>
		<method name="change_scene_to_packed">
			<return type="int" enum="Error" />
			<param index="0" name="packed_scene" type="PackedScene" />
			<description>
				Changes the running scene to a new instance of the given [PackedScene] (which must be valid).
				Returns [constant OK] on success, [constant ERR_CANT_CREATE] if the scene cannot be instantiated, or [constant ERR_INVALID_PARAMETER] if the scene is invalid.
				[b]Note:[/b] The scene change is deferred, which means that the new scene node is added on the next idle frame. You won't be able to access it immediately after the [method change_scene_to_packed] call.
			</description>
		</method>
		<method name="create_timer">
			<return type="SceneTreeTimer" />
			<param index="0" name="time_sec" type="float" />
			<param index="1" name="process_always" type="bool" default="true" />
			<param index="2" name="process_in_physics" type="bool" default="false" />
			<param index="3" name="ignore_time_scale" type="bool" default="false" />
			<description>
				Returns a [SceneTreeTimer] which will [signal SceneTreeTimer.timeout] after the given time in seconds elapsed in this [SceneTree].
				If [param process_always] is set to [code]false[/code], pausing the [SceneTree] will also pause the timer.
				If [param process_in_physics] is set to [code]true[/code], will update the [SceneTreeTimer] during the physics frame instead of the process frame (fixed framerate processing).
				If [param ignore_time_scale] is set to [code]true[/code], will ignore [member Engine.time_scale] and update the [SceneTreeTimer] with the actual frame delta.
				Commonly used to create a one-shot delay timer as in the following example:
				[codeblocks]
				[gdscript]
				func some_function():
				    print("start")
				    await get_tree().create_timer(1.0).timeout
				    print("end")
				[/gdscript]
				[csharp]
				public async Task SomeFunction()
				{
				    GD.Print("start");
				    await ToSignal(GetTree().CreateTimer(1.0f), SceneTreeTimer.SignalName.Timeout);
				    GD.Print("end");
				}
				[/csharp]
				[/codeblocks]
				The timer will be automatically freed after its time elapses.
			</description>
		</method>
		<method name="create_tween">
			<return type="Tween" />
			<description>
				Creates and returns a new [Tween]. The Tween will start automatically on the next process frame or physics frame (depending on [enum Tween.TweenProcessMode]).
			</description>
		</method>
		<method name="get_first_node_in_group">
			<return type="Node" />
			<param index="0" name="group" type="StringName" />
			<description>
				Returns the first node in the specified group, or [code]null[/code] if the group is empty or does not exist.
			</description>
		</method>
		<method name="get_frame" qualifiers="const">
			<return type="int" />
			<description>
				Returns the current frame number, i.e. the total frame count since the application started.
			</description>
		</method>
		<method name="get_multiplayer" qualifiers="const">
			<return type="MultiplayerAPI" />
			<param index="0" name="for_path" type="NodePath" default="NodePath(&quot;&quot;)" />
			<description>
				Return the [MultiplayerAPI] configured for the given path, or the default one if [param for_path] is empty.
			</description>
		</method>
		<method name="get_node_count" qualifiers="const">
			<return type="int" />
			<description>
				Returns the number of nodes in this [SceneTree].
			</description>
		</method>
		<method name="get_nodes_in_group">
			<return type="Node[]" />
			<param index="0" name="group" type="StringName" />
			<description>
				Returns a list of all nodes assigned to the given group.
			</description>
		</method>
		<method name="get_processed_tweens">
			<return type="Tween[]" />
			<description>
				Returns an array of currently existing [Tween]s in the [SceneTree] (both running and paused).
			</description>
		</method>
		<method name="has_group" qualifiers="const">
			<return type="bool" />
			<param index="0" name="name" type="StringName" />
			<description>
				Returns [code]true[/code] if the given group exists.
			</description>
		</method>
		<method name="notify_group">
			<return type="void" />
			<param index="0" name="group" type="StringName" />
			<param index="1" name="notification" type="int" />
			<description>
				Sends the given notification to all members of the [param group].
				[b]Note:[/b] [method notify_group] will immediately notify all members at once, which can cause stuttering if an expensive method is called as a result of sending the notification lots of members. To wait for one frame, use [method notify_group_flags] with the [constant GROUP_CALL_DEFERRED] flag.
			</description>
		</method>
		<method name="notify_group_flags">
			<return type="void" />
			<param index="0" name="call_flags" type="int" />
			<param index="1" name="group" type="StringName" />
			<param index="2" name="notification" type="int" />
			<description>
				Sends the given notification to all members of the [param group], respecting the given [enum GroupCallFlags].
				[b]Note:[/b] Group call flags are used to control the notification sending behavior. By default, notifications will be sent immediately in a way similar to [method notify_group]. However, if the [constant GROUP_CALL_DEFERRED] flag is present in the [param call_flags] argument, notifications will be sent with a one-frame delay in a way similar to using [code]Object.call_deferred("notification", ...)[/code].
			</description>
		</method>
		<method name="queue_delete">
			<return type="void" />
			<param index="0" name="obj" type="Object" />
			<description>
				Queues the given object for deletion, delaying the call to [method Object.free] to after the current frame.
			</description>
		</method>
		<method name="quit">
			<return type="void" />
			<param index="0" name="exit_code" type="int" default="0" />
			<description>
				Quits the application at the end of the current iteration. Argument [param exit_code] can optionally be given (defaulting to 0) to customize the exit status code.
				By convention, an exit code of [code]0[/code] indicates success whereas a non-zero exit code indicates an error.
				For portability reasons, the exit code should be set between 0 and 125 (inclusive).
				[b]Note:[/b] On iOS this method doesn't work. Instead, as recommended by the iOS Human Interface Guidelines, the user is expected to close apps via the Home button.
			</description>
		</method>
		<method name="reload_current_scene">
			<return type="int" enum="Error" />
			<description>
				Reloads the currently active scene.
				Returns [constant OK] on success, [constant ERR_UNCONFIGURED] if no [member current_scene] was defined yet, [constant ERR_CANT_OPEN] if [member current_scene] cannot be loaded into a [PackedScene], or [constant ERR_CANT_CREATE] if the scene cannot be instantiated.
			</description>
		</method>
		<method name="set_group">
			<return type="void" />
			<param index="0" name="group" type="StringName" />
			<param index="1" name="property" type="String" />
			<param index="2" name="value" type="Variant" />
			<description>
				Sets the given [param property] to [param value] on all members of the given group.
				[b]Note:[/b] [method set_group] will set the property immediately on all members at once, which can cause stuttering if a property with an expensive setter is set on lots of members. To wait for one frame, use [method set_group_flags] with the [constant GROUP_CALL_DEFERRED] flag.
			</description>
		</method>
		<method name="set_group_flags">
			<return type="void" />
			<param index="0" name="call_flags" type="int" />
			<param index="1" name="group" type="StringName" />
			<param index="2" name="property" type="String" />
			<param index="3" name="value" type="Variant" />
			<description>
				Sets the given [param property] to [param value] on all members of the given group, respecting the given [enum GroupCallFlags].
				[b]Note:[/b] Group call flags are used to control the property setting behavior. By default, properties will be set immediately in a way similar to [method set_group]. However, if the [constant GROUP_CALL_DEFERRED] flag is present in the [param call_flags] argument, properties will be set with a one-frame delay in a way similar to [method Object.call_deferred].
			</description>
		</method>
		<method name="set_multiplayer">
			<return type="void" />
			<param index="0" name="multiplayer" type="MultiplayerAPI" />
			<param index="1" name="root_path" type="NodePath" default="NodePath(&quot;&quot;)" />
			<description>
				Sets a custom [MultiplayerAPI] with the given [param root_path] (controlling also the relative subpaths), or override the default one if [param root_path] is empty.
			</description>
		</method>
		<method name="unload_current_scene">
			<return type="void" />
			<description>
				If a current scene is loaded, calling this method will unload it.
			</description>
		</method>
	</methods>
	<members>
		<member name="auto_accept_quit" type="bool" setter="set_auto_accept_quit" getter="is_auto_accept_quit" default="true">
			If [code]true[/code], the application automatically accepts quitting requests.
			For mobile platforms, see [member quit_on_go_back].
		</member>
		<member name="current_scene" type="Node" setter="set_current_scene" getter="get_current_scene">
			The current scene.
		</member>
		<member name="debug_collisions_hint" type="bool" setter="set_debug_collisions_hint" getter="is_debugging_collisions_hint" default="false">
			If [code]true[/code], collision shapes will be visible when running the game from the editor for debugging purposes.
			[b]Note:[/b] This property is not designed to be changed at run-time. Changing the value of [member debug_collisions_hint] while the project is running will not have the desired effect.
		</member>
		<member name="debug_navigation_hint" type="bool" setter="set_debug_navigation_hint" getter="is_debugging_navigation_hint" default="false">
			If [code]true[/code], navigation polygons will be visible when running the game from the editor for debugging purposes.
			[b]Note:[/b] This property is not designed to be changed at run-time. Changing the value of [member debug_navigation_hint] while the project is running will not have the desired effect.
		</member>
		<member name="debug_paths_hint" type="bool" setter="set_debug_paths_hint" getter="is_debugging_paths_hint" default="false">
			If [code]true[/code], curves from [Path2D] and [Path3D] nodes will be visible when running the game from the editor for debugging purposes.
			[b]Note:[/b] This property is not designed to be changed at run-time. Changing the value of [member debug_paths_hint] while the project is running will not have the desired effect.
		</member>
		<member name="edited_scene_root" type="Node" setter="set_edited_scene_root" getter="get_edited_scene_root">
			The root of the edited scene.
		</member>
		<member name="multiplayer_poll" type="bool" setter="set_multiplayer_poll_enabled" getter="is_multiplayer_poll_enabled" default="true">
			If [code]true[/code] (default value), enables automatic polling of the [MultiplayerAPI] for this SceneTree during [signal process_frame].
			If [code]false[/code], you need to manually call [method MultiplayerAPI.poll] to process network packets and deliver RPCs. This allows running RPCs in a different loop (e.g. physics, thread, specific time step) and for manual [Mutex] protection when accessing the [MultiplayerAPI] from threads.
		</member>
		<member name="paused" type="bool" setter="set_pause" getter="is_paused" default="false">
			If [code]true[/code], the [SceneTree] is paused. Doing so will have the following behavior:
			- 2D and 3D physics will be stopped. This includes signals and collision detection.
			- [method Node._process], [method Node._physics_process] and [method Node._input] will not be called anymore in nodes.
		</member>
		<member name="quit_on_go_back" type="bool" setter="set_quit_on_go_back" getter="is_quit_on_go_back" default="true">
			If [code]true[/code], the application quits automatically when navigating back (e.g. using the system "Back" button on Android).
			To handle 'Go Back' button when this option is disabled, use [constant DisplayServer.WINDOW_EVENT_GO_BACK_REQUEST].
		</member>
		<member name="root" type="Window" setter="" getter="get_root">
			The [SceneTree]'s root [Window].
		</member>
	</members>
	<signals>
		<signal name="node_added">
			<param index="0" name="node" type="Node" />
			<description>
				Emitted whenever a node is added to the [SceneTree].
			</description>
		</signal>
		<signal name="node_configuration_warning_changed">
			<param index="0" name="node" type="Node" />
			<description>
				Emitted when a node's configuration changed. Only emitted in [code]tool[/code] mode.
			</description>
		</signal>
		<signal name="node_removed">
			<param index="0" name="node" type="Node" />
			<description>
				Emitted whenever a node is removed from the [SceneTree].
			</description>
		</signal>
		<signal name="node_renamed">
			<param index="0" name="node" type="Node" />
			<description>
				Emitted whenever a node is renamed.
			</description>
		</signal>
		<signal name="physics_frame">
			<description>
				Emitted immediately before [method Node._physics_process] is called on every node in the [SceneTree].
			</description>
		</signal>
		<signal name="process_frame">
			<description>
				Emitted immediately before [method Node._process] is called on every node in the [SceneTree].
			</description>
		</signal>
		<signal name="tree_changed">
			<description>
				Emitted whenever the [SceneTree] hierarchy changed (children being moved or renamed, etc.).
			</description>
		</signal>
		<signal name="tree_process_mode_changed">
			<description>
				This signal is only emitted in the editor, it allows the editor to update the visibility of disabled nodes. Emitted whenever any node's [member Node.process_mode] is changed.
			</description>
		</signal>
	</signals>
	<constants>
		<constant name="GROUP_CALL_DEFAULT" value="0" enum="GroupCallFlags">
			Call a group with no flags (default).
		</constant>
		<constant name="GROUP_CALL_REVERSE" value="1" enum="GroupCallFlags">
			Call a group in reverse scene order.
		</constant>
		<constant name="GROUP_CALL_DEFERRED" value="2" enum="GroupCallFlags">
			Call a group with a one-frame delay (idle frame, not physics).
		</constant>
		<constant name="GROUP_CALL_UNIQUE" value="4" enum="GroupCallFlags">
			Call a group only once even if the call is executed many times.
			[b]Note:[/b] Arguments are not taken into account when deciding whether the call is unique or not. Therefore when the same method is called with different arguments, only the first call will be performed.
		</constant>
	</constants>
</class>
