<?xml version="1.0" encoding="UTF-8" ?>
<class name="VBoxContainer" inherits="BoxContainer" version="4.0" xmlns:xsi="http://www.w3.org/2001/XMLSchema-instance" xsi:noNamespaceSchemaLocation="../class.xsd">
	<brief_description>
		A container that arranges its child controls vertically.
	</brief_description>
	<description>
		A variant of [BoxContainer] that can only arrange its child controls vertically. Child controls are rearranged automatically when their minimum size changes.
	</description>
	<tutorials>
		<link title="Using Containers">$DOCS_URL/tutorials/ui/gui_containers.html</link>
		<link title="3D Voxel Demo">https://godotengine.org/asset-library/asset/676</link>
	</tutorials>
	<theme_items>
		<theme_item name="separation" data_type="constant" type="int" default="4">
			The vertical space between the [VBoxContainer]'s elements.
		</theme_item>
	</theme_items>
</class>
