<?xml version="1.0" encoding="UTF-8" ?>
<class name="VisualShaderNodeVec2Constant" inherits="VisualShaderNodeConstant" version="4.0" xmlns:xsi="http://www.w3.org/2001/XMLSchema-instance" xsi:noNamespaceSchemaLocation="../class.xsd">
	<brief_description>
		A [Vector2] constant to be used within the visual shader graph.
	</brief_description>
	<description>
		A constant [Vector2], which can be used as an input node.
	</description>
	<tutorials>
	</tutorials>
	<members>
		<member name="constant" type="Vector2" setter="set_constant" getter="get_constant" default="Vector2(0, 0)">
			A [Vector2] constant which represents the state of this node.
		</member>
	</members>
</class>
