<?xml version="1.0" encoding="UTF-8" ?>
<class name="Geometry" inherits="Object" version="3.3">
	<brief_description>
		Helper node to calculate generic geometry operations.
	</brief_description>
	<description>
		Geometry provides users with a set of helper functions to create geometric shapes, compute intersections between shapes, and process various other geometric operations.
	</description>
	<tutorials>
	</tutorials>
	<methods>
		<method name="build_box_planes">
			<return type="Array" />
			<argument index="0" name="extents" type="Vector3" />
			<description>
				Returns an array with 6 [Plane]s that describe the sides of a box centered at the origin. The box size is defined by [code]extents[/code], which represents one (positive) corner of the box (i.e. half its actual size).
			</description>
		</method>
		<method name="build_capsule_planes">
			<return type="Array" />
			<argument index="0" name="radius" type="float" />
			<argument index="1" name="height" type="float" />
			<argument index="2" name="sides" type="int" />
			<argument index="3" name="lats" type="int" />
			<argument index="4" name="axis" type="int" enum="Vector3.Axis" default="2" />
			<description>
				Returns an array of [Plane]s closely bounding a faceted capsule centered at the origin with radius [code]radius[/code] and height [code]height[/code]. The parameter [code]sides[/code] defines how many planes will be generated for the side part of the capsule, whereas [code]lats[/code] gives the number of latitudinal steps at the bottom and top of the capsule. The parameter [code]axis[/code] describes the axis along which the capsule is oriented (0 for X, 1 for Y, 2 for Z).
			</description>
		</method>
		<method name="build_cylinder_planes">
			<return type="Array" />
			<argument index="0" name="radius" type="float" />
			<argument index="1" name="height" type="float" />
			<argument index="2" name="sides" type="int" />
			<argument index="3" name="axis" type="int" enum="Vector3.Axis" default="2" />
			<description>
				Returns an array of [Plane]s closely bounding a faceted cylinder centered at the origin with radius [code]radius[/code] and height [code]height[/code]. The parameter [code]sides[/code] defines how many planes will be generated for the round part of the cylinder. The parameter [code]axis[/code] describes the axis along which the cylinder is oriented (0 for X, 1 for Y, 2 for Z).
			</description>
		</method>
		<method name="clip_polygon">
			<return type="PoolVector3Array" />
			<argument index="0" name="points" type="PoolVector3Array" />
			<argument index="1" name="plane" type="Plane" />
			<description>
				Clips the polygon defined by the points in [code]points[/code] against the [code]plane[/code] and returns the points of the clipped polygon.
			</description>
		</method>
		<method name="clip_polygons_2d">
			<return type="Array" />
			<argument index="0" name="polygon_a" type="PoolVector2Array" />
			<argument index="1" name="polygon_b" type="PoolVector2Array" />
			<description>
				Clips [code]polygon_a[/code] against [code]polygon_b[/code] and returns an array of clipped polygons. This performs [constant OPERATION_DIFFERENCE] between polygons. Returns an empty array if [code]polygon_b[/code] completely overlaps [code]polygon_a[/code].
				If [code]polygon_b[/code] is enclosed by [code]polygon_a[/code], returns an outer polygon (boundary) and inner polygon (hole) which could be distinguished by calling [method is_polygon_clockwise].
			</description>
		</method>
		<method name="clip_polyline_with_polygon_2d">
			<return type="Array" />
			<argument index="0" name="polyline" type="PoolVector2Array" />
			<argument index="1" name="polygon" type="PoolVector2Array" />
			<description>
				Clips [code]polyline[/code] against [code]polygon[/code] and returns an array of clipped polylines. This performs [constant OPERATION_DIFFERENCE] between the polyline and the polygon. This operation can be thought of as cutting a line with a closed shape.
			</description>
		</method>
		<method name="convex_hull_2d">
			<return type="PoolVector2Array" />
			<argument index="0" name="points" type="PoolVector2Array" />
			<description>
				Given an array of [Vector2]s, returns the convex hull as a list of points in counterclockwise order. The last point is the same as the first one.
			</description>
		</method>
		<method name="exclude_polygons_2d">
			<return type="Array" />
			<argument index="0" name="polygon_a" type="PoolVector2Array" />
			<argument index="1" name="polygon_b" type="PoolVector2Array" />
			<description>
				Mutually excludes common area defined by intersection of [code]polygon_a[/code] and [code]polygon_b[/code] (see [method intersect_polygons_2d]) and returns an array of excluded polygons. This performs [constant OPERATION_XOR] between polygons. In other words, returns all but common area between polygons.
				The operation may result in an outer polygon (boundary) and inner polygon (hole) produced which could be distinguished by calling [method is_polygon_clockwise].
			</description>
		</method>
		<method name="get_closest_point_to_segment">
			<return type="Vector3" />
			<argument index="0" name="point" type="Vector3" />
			<argument index="1" name="s1" type="Vector3" />
			<argument index="2" name="s2" type="Vector3" />
			<description>
				Returns the 3D point on the 3D segment ([code]s1[/code], [code]s2[/code]) that is closest to [code]point[/code]. The returned point will always be inside the specified segment.
			</description>
		</method>
		<method name="get_closest_point_to_segment_2d">
			<return type="Vector2" />
			<argument index="0" name="point" type="Vector2" />
			<argument index="1" name="s1" type="Vector2" />
			<argument index="2" name="s2" type="Vector2" />
			<description>
				Returns the 2D point on the 2D segment ([code]s1[/code], [code]s2[/code]) that is closest to [code]point[/code]. The returned point will always be inside the specified segment.
			</description>
		</method>
		<method name="get_closest_point_to_segment_uncapped">
			<return type="Vector3" />
			<argument index="0" name="point" type="Vector3" />
			<argument index="1" name="s1" type="Vector3" />
			<argument index="2" name="s2" type="Vector3" />
			<description>
				Returns the 3D point on the 3D line defined by ([code]s1[/code], [code]s2[/code]) that is closest to [code]point[/code]. The returned point can be inside the segment ([code]s1[/code], [code]s2[/code]) or outside of it, i.e. somewhere on the line extending from the segment.
			</description>
		</method>
		<method name="get_closest_point_to_segment_uncapped_2d">
			<return type="Vector2" />
			<argument index="0" name="point" type="Vector2" />
			<argument index="1" name="s1" type="Vector2" />
			<argument index="2" name="s2" type="Vector2" />
			<description>
				Returns the 2D point on the 2D line defined by ([code]s1[/code], [code]s2[/code]) that is closest to [code]point[/code]. The returned point can be inside the segment ([code]s1[/code], [code]s2[/code]) or outside of it, i.e. somewhere on the line extending from the segment.
			</description>
		</method>
		<method name="get_closest_points_between_segments">
			<return type="PoolVector3Array" />
			<argument index="0" name="p1" type="Vector3" />
			<argument index="1" name="p2" type="Vector3" />
			<argument index="2" name="q1" type="Vector3" />
			<argument index="3" name="q2" type="Vector3" />
			<description>
				Given the two 3D segments ([code]p1[/code], [code]p2[/code]) and ([code]q1[/code], [code]q2[/code]), finds those two points on the two segments that are closest to each other. Returns a [PoolVector3Array] that contains this point on ([code]p1[/code], [code]p2[/code]) as well the accompanying point on ([code]q1[/code], [code]q2[/code]).
			</description>
		</method>
		<method name="get_closest_points_between_segments_2d">
			<return type="PoolVector2Array" />
			<argument index="0" name="p1" type="Vector2" />
			<argument index="1" name="q1" type="Vector2" />
			<argument index="2" name="p2" type="Vector2" />
			<argument index="3" name="q2" type="Vector2" />
			<description>
				Given the two 2D segments ([code]p1[/code], [code]q1[/code]) and ([code]p2[/code], [code]q2[/code]), finds those two points on the two segments that are closest to each other. Returns a [PoolVector2Array] that contains this point on ([code]p1[/code], [code]q1[/code]) as well the accompanying point on ([code]p2[/code], [code]q2[/code]).
			</description>
		</method>
		<method name="get_uv84_normal_bit">
			<return type="int" />
			<argument index="0" name="normal" type="Vector3" />
			<description>
				Used internally by the engine.
			</description>
		</method>
		<method name="intersect_polygons_2d">
			<return type="Array" />
			<argument index="0" name="polygon_a" type="PoolVector2Array" />
			<argument index="1" name="polygon_b" type="PoolVector2Array" />
			<description>
				Intersects [code]polygon_a[/code] with [code]polygon_b[/code] and returns an array of intersected polygons. This performs [constant OPERATION_INTERSECTION] between polygons. In other words, returns common area shared by polygons. Returns an empty array if no intersection occurs.
				The operation may result in an outer polygon (boundary) and inner polygon (hole) produced which could be distinguished by calling [method is_polygon_clockwise].
			</description>
		</method>
		<method name="intersect_polyline_with_polygon_2d">
			<return type="Array" />
			<argument index="0" name="polyline" type="PoolVector2Array" />
			<argument index="1" name="polygon" type="PoolVector2Array" />
			<description>
				Intersects [code]polyline[/code] with [code]polygon[/code] and returns an array of intersected polylines. This performs [constant OPERATION_INTERSECTION] between the polyline and the polygon. This operation can be thought of as chopping a line with a closed shape.
			</description>
		</method>
		<method name="is_point_in_circle">
			<return type="bool" />
			<argument index="0" name="point" type="Vector2" />
			<argument index="1" name="circle_position" type="Vector2" />
			<argument index="2" name="circle_radius" type="float" />
			<description>
				Returns [code]true[/code] if [code]point[/code] is inside the circle or if it's located exactly [i]on[/i] the circle's boundary, otherwise returns [code]false[/code].
			</description>
		</method>
		<method name="is_point_in_polygon">
			<return type="bool" />
			<argument index="0" name="point" type="Vector2" />
			<argument index="1" name="polygon" type="PoolVector2Array" />
			<description>
				Returns [code]true[/code] if [code]point[/code] is inside [code]polygon[/code] or if it's located exactly [i]on[/i] polygon's boundary, otherwise returns [code]false[/code].
			</description>
		</method>
		<method name="is_polygon_clockwise">
			<return type="bool" />
			<argument index="0" name="polygon" type="PoolVector2Array" />
			<description>
				Returns [code]true[/code] if [code]polygon[/code]'s vertices are ordered in clockwise order, otherwise returns [code]false[/code].
			</description>
		</method>
		<method name="line_intersects_line_2d">
			<return type="Variant" />
			<argument index="0" name="from_a" type="Vector2" />
			<argument index="1" name="dir_a" type="Vector2" />
			<argument index="2" name="from_b" type="Vector2" />
			<argument index="3" name="dir_b" type="Vector2" />
			<description>
				Checks if the two lines ([code]from_a[/code], [code]dir_a[/code]) and ([code]from_b[/code], [code]dir_b[/code]) intersect. If yes, return the point of intersection as [Vector2]. If no intersection takes place, returns an empty [Variant].
				[b]Note:[/b] The lines are specified using direction vectors, not end points.
			</description>
		</method>
		<method name="make_atlas">
			<return type="Dictionary" />
			<argument index="0" name="sizes" type="PoolVector2Array" />
			<description>
				Given an array of [Vector2]s representing tiles, builds an atlas. The returned dictionary has two keys: [code]points[/code] is a vector of [Vector2] that specifies the positions of each tile, [code]size[/code] contains the overall size of the whole atlas as [Vector2].
			</description>
		</method>
		<method name="merge_polygons_2d">
			<return type="Array" />
			<argument index="0" name="polygon_a" type="PoolVector2Array" />
			<argument index="1" name="polygon_b" type="PoolVector2Array" />
			<description>
				Merges (combines) [code]polygon_a[/code] and [code]polygon_b[/code] and returns an array of merged polygons. This performs [constant OPERATION_UNION] between polygons.
				The operation may result in an outer polygon (boundary) and multiple inner polygons (holes) produced which could be distinguished by calling [method is_polygon_clockwise].
			</description>
		</method>
		<method name="offset_polygon_2d">
			<return type="Array" />
			<argument index="0" name="polygon" type="PoolVector2Array" />
			<argument index="1" name="delta" type="float" />
			<argument index="2" name="join_type" type="int" enum="Geometry.PolyJoinType" default="0" />
			<description>
				Inflates or deflates [code]polygon[/code] by [code]delta[/code] units (pixels). If [code]delta[/code] is positive, makes the polygon grow outward. If [code]delta[/code] is negative, shrinks the polygon inward. Returns an array of polygons because inflating/deflating may result in multiple discrete polygons. Returns an empty array if [code]delta[/code] is negative and the absolute value of it approximately exceeds the minimum bounding rectangle dimensions of the polygon.
				Each polygon's vertices will be rounded as determined by [code]join_type[/code], see [enum PolyJoinType].
				The operation may result in an outer polygon (boundary) and inner polygon (hole) produced which could be distinguished by calling [method is_polygon_clockwise].
				[b]Note:[/b] To translate the polygon's vertices specifically, use the [method Transform2D.xform] method:
				[codeblock]
				var polygon = PoolVector2Array([Vector2(0, 0), Vector2(100, 0), Vector2(100, 100), Vector2(0, 100)])
				var offset = Vector2(50, 50)
				polygon = Transform2D(0, offset).xform(polygon)
				print(polygon) # prints [Vector2(50, 50), Vector2(150, 50), Vector2(150, 150), Vector2(50, 150)]
				[/codeblock]
			</description>
		</method>
		<method name="offset_polyline_2d">
			<return type="Array" />
			<argument index="0" name="polyline" type="PoolVector2Array" />
			<argument index="1" name="delta" type="float" />
			<argument index="2" name="join_type" type="int" enum="Geometry.PolyJoinType" default="0" />
			<argument index="3" name="end_type" type="int" enum="Geometry.PolyEndType" default="3" />
			<description>
				Inflates or deflates [code]polyline[/code] by [code]delta[/code] units (pixels), producing polygons. If [code]delta[/code] is positive, makes the polyline grow outward. Returns an array of polygons because inflating/deflating may result in multiple discrete polygons. If [code]delta[/code] is negative, returns an empty array.
				Each polygon's vertices will be rounded as determined by [code]join_type[/code], see [enum PolyJoinType].
				Each polygon's endpoints will be rounded as determined by [code]end_type[/code], see [enum PolyEndType].
				The operation may result in an outer polygon (boundary) and inner polygon (hole) produced which could be distinguished by calling [method is_polygon_clockwise].
			</description>
		</method>
		<method name="point_is_inside_triangle" qualifiers="const">
			<return type="bool" />
			<argument index="0" name="point" type="Vector2" />
			<argument index="1" name="a" type="Vector2" />
			<argument index="2" name="b" type="Vector2" />
			<argument index="3" name="c" type="Vector2" />
			<description>
				Returns if [code]point[/code] is inside the triangle specified by [code]a[/code], [code]b[/code] and [code]c[/code].
			</description>
		</method>
		<method name="ray_intersects_triangle">
			<return type="Variant" />
			<argument index="0" name="from" type="Vector3" />
			<argument index="1" name="dir" type="Vector3" />
			<argument index="2" name="a" type="Vector3" />
			<argument index="3" name="b" type="Vector3" />
			<argument index="4" name="c" type="Vector3" />
			<description>
				Tests if the 3D ray starting at [code]from[/code] with the direction of [code]dir[/code] intersects the triangle specified by [code]a[/code], [code]b[/code] and [code]c[/code]. If yes, returns the point of intersection as [Vector3]. If no intersection takes place, an empty [Variant] is returned.
			</description>
		</method>
		<method name="segment_intersects_circle">
			<return type="float" />
			<argument index="0" name="segment_from" type="Vector2" />
			<argument index="1" name="segment_to" type="Vector2" />
			<argument index="2" name="circle_position" type="Vector2" />
			<argument index="3" name="circle_radius" type="float" />
			<description>
				Given the 2D segment ([code]segment_from[/code], [code]segment_to[/code]), returns the position on the segment (as a number between 0 and 1) at which the segment hits the circle that is located at position [code]circle_position[/code] and has radius [code]circle_radius[/code]. If the segment does not intersect the circle, -1 is returned (this is also the case if the line extending the segment would intersect the circle, but the segment does not).
			</description>
		</method>
		<method name="segment_intersects_convex">
			<return type="PoolVector3Array" />
			<argument index="0" name="from" type="Vector3" />
			<argument index="1" name="to" type="Vector3" />
			<argument index="2" name="planes" type="Array" />
			<description>
				Given a convex hull defined though the [Plane]s in the array [code]planes[/code], tests if the segment ([code]from[/code], [code]to[/code]) intersects with that hull. If an intersection is found, returns a [PoolVector3Array] containing the point the intersection and the hull's normal. If no intersecion is found, an the returned array is empty.
			</description>
		</method>
		<method name="segment_intersects_cylinder">
			<return type="PoolVector3Array" />
			<argument index="0" name="from" type="Vector3" />
			<argument index="1" name="to" type="Vector3" />
			<argument index="2" name="height" type="float" />
			<argument index="3" name="radius" type="float" />
			<description>
				Checks if the segment ([code]from[/code], [code]to[/code]) intersects the cylinder with height [code]height[/code] that is centered at the origin and has radius [code]radius[/code]. If no, returns an empty [PoolVector3Array]. If an intersection takes place, the returned array contains the point of intersection and the cylinder's normal at the point of intersection.
			</description>
		</method>
		<method name="segment_intersects_segment_2d">
			<return type="Variant" />
			<argument index="0" name="from_a" type="Vector2" />
			<argument index="1" name="to_a" type="Vector2" />
			<argument index="2" name="from_b" type="Vector2" />
			<argument index="3" name="to_b" type="Vector2" />
			<description>
				Checks if the two segments ([code]from_a[/code], [code]to_a[/code]) and ([code]from_b[/code], [code]to_b[/code]) intersect. If yes, return the point of intersection as [Vector2]. If no intersection takes place, returns an empty [Variant].
			</description>
		</method>
		<method name="segment_intersects_sphere">
			<return type="PoolVector3Array" />
			<argument index="0" name="from" type="Vector3" />
			<argument index="1" name="to" type="Vector3" />
			<argument index="2" name="sphere_position" type="Vector3" />
			<argument index="3" name="sphere_radius" type="float" />
			<description>
				Checks if the segment ([code]from[/code], [code]to[/code]) intersects the sphere that is located at [code]sphere_position[/code] and has radius [code]sphere_radius[/code]. If no, returns an empty [PoolVector3Array]. If yes, returns a [PoolVector3Array] containing the point of intersection and the sphere's normal at the point of intersection.
			</description>
		</method>
		<method name="segment_intersects_triangle">
			<return type="Variant" />
			<argument index="0" name="from" type="Vector3" />
			<argument index="1" name="to" type="Vector3" />
			<argument index="2" name="a" type="Vector3" />
			<argument index="3" name="b" type="Vector3" />
			<argument index="4" name="c" type="Vector3" />
			<description>
				Tests if the segment ([code]from[/code], [code]to[/code]) intersects the triangle [code]a[/code], [code]b[/code], [code]c[/code]. If yes, returns the point of intersection as [Vector3]. If no intersection takes place, an empty [Variant] is returned.
			</description>
		</method>
		<method name="triangulate_delaunay_2d">
			<return type="PoolIntArray" />
			<argument index="0" name="points" type="PoolVector2Array" />
			<description>
				Triangulates the area specified by discrete set of [code]points[/code] such that no point is inside the circumcircle of any resulting triangle. Returns a [PoolIntArray] where each triangle consists of three consecutive point indices into [code]points[/code] (i.e. the returned array will have [code]n * 3[/code] elements, with [code]n[/code] being the number of found triangles). If the triangulation did not succeed, an empty [PoolIntArray] is returned.
			</description>
		</method>
		<method name="triangulate_polygon">
			<return type="PoolIntArray" />
			<argument index="0" name="polygon" type="PoolVector2Array" />
			<description>
				Triangulates the polygon specified by the points in [code]polygon[/code]. Returns a [PoolIntArray] where each triangle consists of three consecutive point indices into [code]polygon[/code] (i.e. the returned array will have [code]n * 3[/code] elements, with [code]n[/code] being the number of found triangles). If the triangulation did not succeed, an empty [PoolIntArray] is returned.
			</description>
		</method>
	</methods>
	<constants>
		<constant name="OPERATION_UNION" value="0" enum="PolyBooleanOperation">
			Create regions where either subject or clip polygons (or both) are filled.
		</constant>
		<constant name="OPERATION_DIFFERENCE" value="1" enum="PolyBooleanOperation">
			Create regions where subject polygons are filled except where clip polygons are filled.
		</constant>
		<constant name="OPERATION_INTERSECTION" value="2" enum="PolyBooleanOperation">
			Create regions where both subject and clip polygons are filled.
		</constant>
		<constant name="OPERATION_XOR" value="3" enum="PolyBooleanOperation">
			Create regions where either subject or clip polygons are filled but not where both are filled.
		</constant>
		<constant name="JOIN_SQUARE" value="0" enum="PolyJoinType">
			Squaring is applied uniformally at all convex edge joins at [code]1 * delta[/code].
		</constant>
		<constant name="JOIN_ROUND" value="1" enum="PolyJoinType">
			While flattened paths can never perfectly trace an arc, they are approximated by a series of arc chords.
		</constant>
		<constant name="JOIN_MITER" value="2" enum="PolyJoinType">
			There's a necessary limit to mitered joins since offsetting edges that join at very acute angles will produce excessively long and narrow "spikes". For any given edge join, when miter offsetting would exceed that maximum distance, "square" joining is applied.
		</constant>
		<constant name="END_POLYGON" value="0" enum="PolyEndType">
			Endpoints are joined using the [enum PolyJoinType] value and the path filled as a polygon.
		</constant>
		<constant name="END_JOINED" value="1" enum="PolyEndType">
			Endpoints are joined using the [enum PolyJoinType] value and the path filled as a polyline.
		</constant>
		<constant name="END_BUTT" value="2" enum="PolyEndType">
			Endpoints are squared off with no extension.
		</constant>
		<constant name="END_SQUARE" value="3" enum="PolyEndType">
			Endpoints are squared off and extended by [code]delta[/code] units.
		</constant>
		<constant name="END_ROUND" value="4" enum="PolyEndType">
			Endpoints are rounded off and extended by [code]delta[/code] units.
		</constant>
	</constants>
</class>
