<?xml version="1.0" encoding="UTF-8" ?>
<class name="NavigationPolygonInstance" inherits="Node2D" version="3.3">
	<brief_description>
	</brief_description>
	<description>
	</description>
	<tutorials>
	</tutorials>
	<methods>
	</methods>
	<members>
		<member name="enabled" type="bool" setter="set_enabled" getter="is_enabled" default="true">
		</member>
		<member name="navpoly" type="NavigationPolygon" setter="set_navigation_polygon" getter="get_navigation_polygon">
		</member>
	</members>
	<constants>
	</constants>
</class>
