<?xml version="1.0" encoding="UTF-8" ?>
<class name="Texture3D" inherits="TextureLayered" version="3.3">
	<brief_description>
		Texture with 3 dimensions.
	</brief_description>
	<description>
		Texture3D is a 3-dimensional texture that has a width, height, and depth.
	</description>
	<tutorials>
	</tutorials>
	<methods>
	</methods>
	<members>
		<member name="data" type="Dictionary" setter="_set_data" getter="_get_data" override="true" default="{&quot;depth&quot;: 0,&quot;flags&quot;: 4,&quot;format&quot;: 37,&quot;height&quot;: 0,&quot;layers&quot;: [  ],&quot;width&quot;: 0}" />
	</members>
	<constants>
	</constants>
</class>
