<?xml version="1.0" encoding="UTF-8" ?>
<class name="VisualShaderNodeCustom" inherits="VisualShaderNode" version="3.3">
	<brief_description>
		Virtual class to define custom [VisualShaderNode]s for use in the Visual Shader Editor.
	</brief_description>
	<description>
		By inheriting this class you can create a custom [VisualShader] script addon which will be automatically added to the Visual Shader Editor. The [VisualShaderNode]'s behavior is defined by overriding the provided virtual methods.
		In order for the node to be registered as an editor addon, you must use the [code]tool[/code] keyword and provide a [code]class_name[/code] for your custom script. For example:
		[codeblock]
		tool
		extends VisualShaderNodeCustom
		class_name VisualShaderNodeNoise
		[/codeblock]
	</description>
	<tutorials>
		<link>https://docs.godotengine.org/en/3.3/tutorials/plugins/editor/visual_shader_plugins.html</link>
	</tutorials>
	<methods>
		<method name="_get_category" qualifiers="virtual">
			<return type="String" />
			<description>
				Override this method to define the category of the associated custom node in the Visual Shader Editor's members dialog. The path may look like [code]"MyGame/MyFunctions/Noise"[/code].
				Defining this method is [b]optional[/b]. If not overridden, the node will be filed under the "Custom" category.
			</description>
		</method>
		<method name="_get_code" qualifiers="virtual">
			<return type="String" />
			<argument index="0" name="input_vars" type="Array" />
			<argument index="1" name="output_vars" type="Array" />
			<argument index="2" name="mode" type="int" />
			<argument index="3" name="type" type="int" />
			<description>
				Override this method to define the actual shader code of the associated custom node. The shader code should be returned as a string, which can have multiple lines (the [code]"""[/code] multiline string construct can be used for convenience).
				The [code]input_vars[/code] and [code]output_vars[/code] arrays contain the string names of the various input and output variables, as defined by [code]_get_input_*[/code] and [code]_get_output_*[/code] virtual methods in this class.
				The output ports can be assigned values in the shader code. For example, [code]return output_vars[0] + " = " + input_vars[0] + ";"[/code].
				You can customize the generated code based on the shader [code]mode[/code] (see [enum Shader.Mode]) and/or [code]type[/code] (see [enum VisualShader.Type]).
				Defining this method is [b]required[/b].
			</description>
		</method>
		<method name="_get_description" qualifiers="virtual">
			<return type="String" />
			<description>
				Override this method to define the description of the associated custom node in the Visual Shader Editor's members dialog.
				Defining this method is [b]optional[/b].
			</description>
		</method>
		<method name="_get_global_code" qualifiers="virtual">
			<return type="String" />
			<argument index="0" name="mode" type="int" />
			<description>
				Override this method to add shader code on top of the global shader, to define your own standard library of reusable methods, varyings, constants, uniforms, etc. The shader code should be returned as a string, which can have multiple lines (the [code]"""[/code] multiline string construct can be used for convenience).
				Be careful with this functionality as it can cause name conflicts with other custom nodes, so be sure to give the defined entities unique names.
				You can customize the generated code based on the shader [code]mode[/code] (see [enum Shader.Mode]).
				Defining this method is [b]optional[/b].
			</description>
		</method>
		<method name="_get_input_port_count" qualifiers="virtual">
			<return type="int" />
			<description>
				Override this method to define the amount of input ports of the associated custom node.
				Defining this method is [b]required[/b]. If not overridden, the node has no input ports.
			</description>
		</method>
		<method name="_get_input_port_name" qualifiers="virtual">
			<return type="String" />
			<argument index="0" name="port" type="int" />
			<description>
				Override this method to define the names of input ports of the associated custom node. The names are used both for the input slots in the editor and as identifiers in the shader code, and are passed in the [code]input_vars[/code] array in [method _get_code].
				Defining this method is [b]optional[/b], but recommended. If not overridden, input ports are named as [code]"in" + str(port)[/code].
			</description>
		</method>
		<method name="_get_input_port_type" qualifiers="virtual">
			<return type="int" />
			<argument index="0" name="port" type="int" />
			<description>
				Override this method to define the returned type of each input port of the associated custom node (see [enum VisualShaderNode.PortType] for possible types).
				Defining this method is [b]optional[/b], but recommended. If not overridden, input ports will return the [constant VisualShaderNode.PORT_TYPE_SCALAR] type.
			</description>
		</method>
		<method name="_get_name" qualifiers="virtual">
			<return type="String" />
			<description>
				Override this method to define the name of the associated custom node in the Visual Shader Editor's members dialog and graph.
				Defining this method is [b]optional[/b], but recommended. If not overridden, the node will be named as "Unnamed".
			</description>
		</method>
		<method name="_get_output_port_count" qualifiers="virtual">
			<return type="int" />
			<description>
				Override this method to define the amount of output ports of the associated custom node.
				Defining this method is [b]required[/b]. If not overridden, the node has no output ports.
			</description>
		</method>
		<method name="_get_output_port_name" qualifiers="virtual">
			<return type="String" />
			<argument index="0" name="port" type="int" />
			<description>
				Override this method to define the names of output ports of the associated custom node. The names are used both for the output slots in the editor and as identifiers in the shader code, and are passed in the [code]output_vars[/code] array in [method _get_code].
				Defining this method is [b]optional[/b], but recommended. If not overridden, output ports are named as [code]"out" + str(port)[/code].
			</description>
		</method>
		<method name="_get_output_port_type" qualifiers="virtual">
			<return type="int" />
			<argument index="0" name="port" type="int" />
			<description>
				Override this method to define the returned type of each output port of the associated custom node (see [enum VisualShaderNode.PortType] for possible types).
				Defining this method is [b]optional[/b], but recommended. If not overridden, output ports will return the [constant VisualShaderNode.PORT_TYPE_SCALAR] type.
			</description>
		</method>
		<method name="_get_return_icon_type" qualifiers="virtual">
			<return type="int" />
			<description>
				Override this method to define the return icon of the associated custom node in the Visual Shader Editor's members dialog.
				Defining this method is [b]optional[/b]. If not overridden, no return icon is shown.
			</description>
		</method>
		<method name="_get_subcategory" qualifiers="virtual">
			<return type="String" />
			<description>
				Override this method to define the subcategory of the associated custom node in the Visual Shader Editor's members dialog.
				Defining this method is [b]optional[/b]. If not overridden, the node will be filed under the root of the main category (see [method _get_category]).
			</description>
		</method>
	</methods>
	<constants>
	</constants>
</class>
