<?xml version="1.0" encoding="UTF-8" ?>
<class name="CenterContainer" inherits="Container" version="4.1" xmlns:xsi="http://www.w3.org/2001/XMLSchema-instance" xsi:noNamespaceSchemaLocation="../class.xsd">
	<brief_description>
		A container that keeps child controls in its center.
	</brief_description>
	<description>
		[CenterContainer] is a container that keeps all of its child controls in its center at their minimum size.
	</description>
	<tutorials>
		<link title="Using Containers">$DOCS_URL/tutorials/ui/gui_containers.html</link>
	</tutorials>
	<members>
		<member name="use_top_left" type="bool" setter="set_use_top_left" getter="is_using_top_left" default="false">
			If [code]true[/code], centers children relative to the [CenterContainer]'s top left corner.
		</member>
	</members>
</class>
