<?xml version="1.0" encoding="UTF-8" ?>
<class name="EditorSyntaxHighlighter" inherits="SyntaxHighlighter" version="4.1" xmlns:xsi="http://www.w3.org/2001/XMLSchema-instance" xsi:noNamespaceSchemaLocation="../class.xsd">
	<brief_description>
		Base class for [SyntaxHighlighter] used by the [ScriptEditor].
	</brief_description>
	<description>
		Base class that all [SyntaxHighlighter]s used by the [ScriptEditor] extend from.
		Add a syntax highlighter to an individual script by calling [method ScriptEditorBase.add_syntax_highlighter]. To apply to all scripts on open, call [method ScriptEditor.register_syntax_highlighter]
	</description>
	<tutorials>
	</tutorials>
	<methods>
		<method name="_get_name" qualifiers="virtual const">
			<return type="String" />
			<description>
				Virtual method which can be overridden to return the syntax highlighter name.
			</description>
		</method>
		<method name="_get_supported_languages" qualifiers="virtual const">
			<return type="PackedStringArray" />
			<description>
				Virtual method which can be overridden to return the supported language names.
			</description>
		</method>
	</methods>
</class>
