<?xml version="1.0" encoding="UTF-8" ?>
<class name="GDExtension" inherits="Resource" version="4.1" xmlns:xsi="http://www.w3.org/2001/XMLSchema-instance" xsi:noNamespaceSchemaLocation="../class.xsd">
	<brief_description>
	</brief_description>
	<description>
	</description>
	<tutorials>
	</tutorials>
	<methods>
		<method name="close_library">
			<return type="void" />
			<description>
			</description>
		</method>
		<method name="get_minimum_library_initialization_level" qualifiers="const">
			<return type="int" enum="GDExtension.InitializationLevel" />
			<description>
			</description>
		</method>
		<method name="initialize_library">
			<return type="void" />
			<param index="0" name="level" type="int" enum="GDExtension.InitializationLevel" />
			<description>
			</description>
		</method>
		<method name="is_library_open" qualifiers="const">
			<return type="bool" />
			<description>
			</description>
		</method>
		<method name="open_library">
			<return type="int" enum="Error" />
			<param index="0" name="path" type="String" />
			<param index="1" name="entry_symbol" type="String" />
			<description>
			</description>
		</method>
	</methods>
	<constants>
		<constant name="INITIALIZATION_LEVEL_CORE" value="0" enum="InitializationLevel">
		</constant>
		<constant name="INITIALIZATION_LEVEL_SERVERS" value="1" enum="InitializationLevel">
		</constant>
		<constant name="INITIALIZATION_LEVEL_SCENE" value="2" enum="InitializationLevel">
		</constant>
		<constant name="INITIALIZATION_LEVEL_EDITOR" value="3" enum="InitializationLevel">
		</constant>
	</constants>
</class>
