<?xml version="1.0" encoding="UTF-8" ?>
<class name="LightmapGI" inherits="VisualInstance3D" version="4.1" xmlns:xsi="http://www.w3.org/2001/XMLSchema-instance" xsi:noNamespaceSchemaLocation="../class.xsd">
	<brief_description>
		Computes and stores baked lightmaps for fast global illumination.
	</brief_description>
	<description>
		The [LightmapGI] node is used to compute and store baked lightmaps. Lightmaps are used to provide high-quality indirect lighting with very little light leaking. [LightmapGI] can also provide rough reflections using spherical harmonics if [member directional] is enabled. Dynamic objects can receive indirect lighting thanks to [i]light probes[/i], which can be automatically placed by setting [member generate_probes_subdiv] to a value other than [constant GENERATE_PROBES_DISABLED]. Additional lightmap probes can also be added by creating [LightmapProbe] nodes. The downside is that lightmaps are fully static and cannot be baked in an exported project. Baking a [LightmapGI] node is also slower compared to [VoxelGI].
		[b]Procedural generation:[/b] Lightmap baking functionality is only available in the editor. This means [LightmapGI] is not suited to procedurally generated or user-built levels. For procedurally generated or user-built levels, use [VoxelGI] or SDFGI instead (see [member Environment.sdfgi_enabled]).
		[b]Performance:[/b] [LightmapGI] provides the best possible run-time performance for global illumination. It is suitable for low-end hardware including integrated graphics and mobile devices.
		[b]Note:[/b] Due to how lightmaps work, most properties only have a visible effect once lightmaps are baked again.
		[b]Note:[/b] Lightmap baking on [CSGShape3D]s and [PrimitiveMesh]es is not supported, as these cannot store UV2 data required for baking.
		[b]Note:[/b] If no custom lightmappers are installed, [LightmapGI] can only be baked when using the Vulkan backend (Forward+ or Mobile), not OpenGL.
	</description>
	<tutorials>
	</tutorials>
	<members>
		<member name="bias" type="float" setter="set_bias" getter="get_bias" default="0.0005">
			The bias to use when computing shadows. Increasing [member bias] can fix shadow acne on the resulting baked lightmap, but can introduce peter-panning (shadows not connecting to their casters). Real-time [Light3D] shadows are not affected by this [member bias] property.
		</member>
		<member name="bounces" type="int" setter="set_bounces" getter="get_bounces" default="3">
			Number of light bounces that are taken into account during baking. Higher values result in brighter, more realistic lighting, at the cost of longer bake times. If set to [code]0[/code], only environment lighting, direct light and emissive lighting is baked.
		</member>
		<member name="camera_attributes" type="CameraAttributes" setter="set_camera_attributes" getter="get_camera_attributes">
			The [CameraAttributes] resource that specifies exposure levels to bake at. Auto-exposure and non exposure properties will be ignored. Exposure settings should be used to reduce the dynamic range present when baking. If exposure is too high, the [LightmapGI] will have banding artifacts or may have over-exposure artifacts.
		</member>
		<member name="directional" type="bool" setter="set_directional" getter="is_directional" default="false">
			If [code]true[/code], bakes lightmaps to contain directional information as spherical harmonics. This results in more realistic lighting appearance, especially with normal mapped materials and for lights that have their direct light baked ([member Light3D.light_bake_mode] set to [constant Light3D.BAKE_STATIC]). The directional information is also used to provide rough reflections for static and dynamic objects. This has a small run-time performance cost as the shader has to perform more work to interpret the direction information from the lightmap. Directional lightmaps also take longer to bake and result in larger file sizes.
			[b]Note:[/b] The property's name has no relationship with [DirectionalLight3D]. [member directional] works with all light types.
		</member>
		<member name="environment_custom_color" type="Color" setter="set_environment_custom_color" getter="get_environment_custom_color">
			The color to use for environment lighting. Only effective if [member environment_mode] is [constant ENVIRONMENT_MODE_CUSTOM_COLOR].
		</member>
		<member name="environment_custom_energy" type="float" setter="set_environment_custom_energy" getter="get_environment_custom_energy">
			The color multiplier to use for environment lighting. Only effective if [member environment_mode] is [constant ENVIRONMENT_MODE_CUSTOM_COLOR].
		</member>
		<member name="environment_custom_sky" type="Sky" setter="set_environment_custom_sky" getter="get_environment_custom_sky">
			The sky to use as a source of environment lighting. Only effective if [member environment_mode] is [constant ENVIRONMENT_MODE_CUSTOM_SKY].
		</member>
		<member name="environment_mode" type="int" setter="set_environment_mode" getter="get_environment_mode" enum="LightmapGI.EnvironmentMode" default="1">
			The environment mode to use when baking lightmaps.
		</member>
		<member name="generate_probes_subdiv" type="int" setter="set_generate_probes" getter="get_generate_probes" enum="LightmapGI.GenerateProbes" default="2">
			The level of subdivision to use when automatically generating [LightmapProbe]s for dynamic object lighting. Higher values result in more accurate indirect lighting on dynamic objects, at the cost of longer bake times and larger file sizes.
			[b]Note:[/b] Automatically generated [LightmapProbe]s are not visible as nodes in the Scene tree dock, and cannot be modified this way after they are generated.
			[b]Note:[/b] Regardless of [member generate_probes_subdiv], direct lighting on dynamic objects is always applied using [Light3D] nodes in real-time.
		</member>
		<member name="interior" type="bool" setter="set_interior" getter="is_interior" default="false">
			If [code]true[/code], ignore environment lighting when baking lightmaps.
		</member>
		<member name="light_data" type="LightmapGIData" setter="set_light_data" getter="get_light_data">
			The [LightmapGIData] associated to this [LightmapGI] node. This resource is automatically created after baking, and is not meant to be created manually.
		</member>
		<member name="max_texture_size" type="int" setter="set_max_texture_size" getter="get_max_texture_size" default="16384">
			The maximum texture size for the generated texture atlas. Higher values will result in fewer slices being generated, but may not work on all hardware as a result of hardware limitations on texture sizes. Leave [member max_texture_size] at its default value of [code]16384[/code] if unsure.
		</member>
		<member name="quality" type="int" setter="set_bake_quality" getter="get_bake_quality" enum="LightmapGI.BakeQuality" default="1">
			The quality preset to use when baking lightmaps. This affects bake times, but output file sizes remain mostly identical across quality levels.
			To further speed up bake times, decrease [member bounces], disable [member use_denoiser] and increase the lightmap texel size on 3D scenes in the Import doc.
		</member>
		<member name="use_denoiser" type="bool" setter="set_use_denoiser" getter="is_using_denoiser" default="true">
			If [code]true[/code], uses a CPU-based denoising algorithm on the generated lightmap. This eliminates most noise within the generated lightmap at the cost of longer bake times. File sizes are generally not impacted significantly by the use of a denoiser, although lossless compression may do a better job at compressing a denoised image.
			[b]Note:[/b] The built-in denoiser (OpenImageDenoise) may crash when denoising lightmaps in large scenes. If you encounter a crash at the end of lightmap baking, try disabling [member use_denoiser].
		</member>
	</members>
	<constants>
		<constant name="BAKE_QUALITY_LOW" value="0" enum="BakeQuality">
			Low bake quality (fastest bake times). The quality of this preset can be adjusted by changing [member ProjectSettings.rendering/lightmapping/bake_quality/low_quality_ray_count] and [member ProjectSettings.rendering/lightmapping/bake_quality/low_quality_probe_ray_count].
		</constant>
		<constant name="BAKE_QUALITY_MEDIUM" value="1" enum="BakeQuality">
			Medium bake quality (fast bake times). The quality of this preset can be adjusted by changing [member ProjectSettings.rendering/lightmapping/bake_quality/medium_quality_ray_count] and [member ProjectSettings.rendering/lightmapping/bake_quality/medium_quality_probe_ray_count].
		</constant>
		<constant name="BAKE_QUALITY_HIGH" value="2" enum="BakeQuality">
			High bake quality (slow bake times). The quality of this preset can be adjusted by changing [member ProjectSettings.rendering/lightmapping/bake_quality/high_quality_ray_count] and [member ProjectSettings.rendering/lightmapping/bake_quality/high_quality_probe_ray_count].
		</constant>
		<constant name="BAKE_QUALITY_ULTRA" value="3" enum="BakeQuality">
			Highest bake quality (slowest bake times). The quality of this preset can be adjusted by changing [member ProjectSettings.rendering/lightmapping/bake_quality/ultra_quality_ray_count] and [member ProjectSettings.rendering/lightmapping/bake_quality/ultra_quality_probe_ray_count].
		</constant>
		<constant name="GENERATE_PROBES_DISABLED" value="0" enum="GenerateProbes">
			Don't generate lightmap probes for lighting dynamic objects.
		</constant>
		<constant name="GENERATE_PROBES_SUBDIV_4" value="1" enum="GenerateProbes">
			Lowest level of subdivision (fastest bake times, smallest file sizes).
		</constant>
		<constant name="GENERATE_PROBES_SUBDIV_8" value="2" enum="GenerateProbes">
			Low level of subdivision (fast bake times, small file sizes).
		</constant>
		<constant name="GENERATE_PROBES_SUBDIV_16" value="3" enum="GenerateProbes">
			High level of subdivision (slow bake times, large file sizes).
		</constant>
		<constant name="GENERATE_PROBES_SUBDIV_32" value="4" enum="GenerateProbes">
			Highest level of subdivision (slowest bake times, largest file sizes).
		</constant>
		<constant name="BAKE_ERROR_OK" value="0" enum="BakeError">
			Lightmap baking was successful.
		</constant>
		<constant name="BAKE_ERROR_NO_SCENE_ROOT" value="1" enum="BakeError">
			Lightmap baking failed because the root node for the edited scene could not be accessed.
		</constant>
		<constant name="BAKE_ERROR_FOREIGN_DATA" value="2" enum="BakeError">
			Lightmap baking failed as the lightmap data resource is embedded in a foreign resource.
		</constant>
		<constant name="BAKE_ERROR_NO_LIGHTMAPPER" value="3" enum="BakeError">
			Lightmap baking failed as there is no lightmapper available in this Godot build.
		</constant>
		<constant name="BAKE_ERROR_NO_SAVE_PATH" value="4" enum="BakeError">
			Lightmap baking failed as the [LightmapGIData] save path isn't configured in the resource.
		</constant>
		<constant name="BAKE_ERROR_NO_MESHES" value="5" enum="BakeError">
			Lightmap baking failed as there are no meshes whose [member GeometryInstance3D.gi_mode] is [constant GeometryInstance3D.GI_MODE_STATIC] and with valid UV2 mapping in the current scene. You may need to select 3D scenes in the Import dock and change their global illumination mode accordingly.
		</constant>
		<constant name="BAKE_ERROR_MESHES_INVALID" value="6" enum="BakeError">
			Lightmap baking failed as the lightmapper failed to analyze some of the meshes marked as static for baking.
		</constant>
		<constant name="BAKE_ERROR_CANT_CREATE_IMAGE" value="7" enum="BakeError">
			Lightmap baking failed as the resulting image couldn't be saved or imported by Godot after it was saved.
		</constant>
		<constant name="BAKE_ERROR_USER_ABORTED" value="8" enum="BakeError">
			The user aborted the lightmap baking operation (typically by clicking the [b]Cancel[/b] button in the progress dialog).
		</constant>
		<constant name="ENVIRONMENT_MODE_DISABLED" value="0" enum="EnvironmentMode">
			Ignore environment lighting when baking lightmaps.
		</constant>
		<constant name="ENVIRONMENT_MODE_SCENE" value="1" enum="EnvironmentMode">
			Use the scene's environment lighting when baking lightmaps.
			[b]Note:[/b] If baking lightmaps in a scene with no [WorldEnvironment] node, this will act like [constant ENVIRONMENT_MODE_DISABLED]. The editor's preview sky and sun is [i]not[/i] taken into account by [LightmapGI] when baking lightmaps.
		</constant>
		<constant name="ENVIRONMENT_MODE_CUSTOM_SKY" value="2" enum="EnvironmentMode">
			Use [member environment_custom_sky] as a source of environment lighting when baking lightmaps.
		</constant>
		<constant name="ENVIRONMENT_MODE_CUSTOM_COLOR" value="3" enum="EnvironmentMode">
			Use [member environment_custom_color] multiplied by [member environment_custom_energy] as a constant source of environment lighting when baking lightmaps.
		</constant>
	</constants>
</class>
