<?xml version="1.0" encoding="UTF-8" ?>
<class name="MultiplayerPeer" inherits="PacketPeer" version="4.1" xmlns:xsi="http://www.w3.org/2001/XMLSchema-instance" xsi:noNamespaceSchemaLocation="../class.xsd">
	<brief_description>
		Abstract class for specialized [PacketPeer]s used by the [MultiplayerAPI].
	</brief_description>
	<description>
		Manages the connection with one or more remote peers acting as server or client and assigning unique IDs to each of them. See also [MultiplayerAPI].
		[b]Note:[/b] The [MultiplayerAPI] protocol is an implementation detail and isn't meant to be used by non-Godot servers. It may change without notice.
		[b]Note:[/b] When exporting to Android, make sure to enable the [code]INTERNET[/code] permission in the Android export preset before exporting the project or using one-click deploy. Otherwise, network communication of any kind will be blocked by Android.
	</description>
	<tutorials>
		<link title="High-level multiplayer">$DOCS_URL/tutorials/networking/high_level_multiplayer.html</link>
		<link title="WebRTC Signaling Demo">https://godotengine.org/asset-library/asset/537</link>
	</tutorials>
	<methods>
		<method name="close">
			<return type="void" />
			<description>
				Immediately close the multiplayer peer returning to the state [constant CONNECTION_DISCONNECTED]. Connected peers will be dropped without emitting [signal peer_disconnected].
			</description>
		</method>
		<method name="disconnect_peer">
			<return type="void" />
			<param index="0" name="peer" type="int" />
			<param index="1" name="force" type="bool" default="false" />
			<description>
				Disconnects the given [param peer] from this host. If [param force] is [code]true[/code] the [signal peer_disconnected] signal will not be emitted for this peer.
			</description>
		</method>
		<method name="generate_unique_id" qualifiers="const">
			<return type="int" />
			<description>
				Returns a randomly generated integer that can be used as a network unique ID.
			</description>
		</method>
		<method name="get_connection_status" qualifiers="const">
			<return type="int" enum="MultiplayerPeer.ConnectionStatus" />
			<description>
				Returns the current state of the connection. See [enum ConnectionStatus].
			</description>
		</method>
		<method name="get_packet_channel" qualifiers="const">
			<return type="int" />
			<description>
				Returns the channel over which the next available packet was received. See [method PacketPeer.get_available_packet_count].
			</description>
		</method>
		<method name="get_packet_mode" qualifiers="const">
			<return type="int" enum="MultiplayerPeer.TransferMode" />
			<description>
				Returns the [enum MultiplayerPeer.TransferMode] the remote peer used to send the next available packet. See [method PacketPeer.get_available_packet_count].
			</description>
		</method>
		<method name="get_packet_peer" qualifiers="const">
			<return type="int" />
			<description>
				Returns the ID of the [MultiplayerPeer] who sent the next available packet. See [method PacketPeer.get_available_packet_count].
			</description>
		</method>
		<method name="get_unique_id" qualifiers="const">
			<return type="int" />
			<description>
				Returns the ID of this [MultiplayerPeer].
			</description>
		</method>
		<method name="is_server_relay_supported" qualifiers="const">
			<return type="bool" />
			<description>
				Returns true if the server can act as a relay in the current configuration (i.e. if the higher level [MultiplayerAPI] should notify connected clients of other peers, and implement a relay protocol to allow communication between them).
			</description>
		</method>
		<method name="poll">
			<return type="void" />
			<description>
				Waits up to 1 second to receive a new network event.
			</description>
		</method>
		<method name="set_target_peer">
			<return type="void" />
			<param index="0" name="id" type="int" />
			<description>
				Sets the peer to which packets will be sent.
				The [param id] can be one of: [constant TARGET_PEER_BROADCAST] to send to all connected peers, [constant TARGET_PEER_SERVER] to send to the peer acting as server, a valid peer ID to send to that specific peer, a negative peer ID to send to all peers except that one. By default, the target peer is [constant TARGET_PEER_BROADCAST].
			</description>
		</method>
	</methods>
	<members>
		<member name="refuse_new_connections" type="bool" setter="set_refuse_new_connections" getter="is_refusing_new_connections" default="false">
			If [code]true[/code], this [MultiplayerPeer] refuses new connections.
		</member>
		<member name="transfer_channel" type="int" setter="set_transfer_channel" getter="get_transfer_channel" default="0">
			The channel to use to send packets. Many network APIs such as ENet and WebRTC allow the creation of multiple independent channels which behaves, in a way, like separate connections. This means that reliable data will only block delivery of other packets on that channel, and ordering will only be in respect to the channel the packet is being sent on. Using different channels to send [b]different and independent[/b] state updates is a common way to optimize network usage and decrease latency in fast-paced games.
			[b]Note:[/b] The default channel ([code]0[/code]) actually works as 3 separate channels (one for each [enum TransferMode]) so that [constant TRANSFER_MODE_RELIABLE] and [constant TRANSFER_MODE_UNRELIABLE_ORDERED] does not interact with each other by default. Refer to the specific network API documentation (e.g. ENet or WebRTC) to learn how to set up channels correctly.
		</member>
		<member name="transfer_mode" type="int" setter="set_transfer_mode" getter="get_transfer_mode" enum="MultiplayerPeer.TransferMode" default="2">
			The manner in which to send packets to the target peer. See [enum TransferMode], and the [method set_target_peer] method.
		</member>
	</members>
	<signals>
		<signal name="peer_connected">
			<param index="0" name="id" type="int" />
			<description>
				Emitted when a remote peer connects.
			</description>
		</signal>
		<signal name="peer_disconnected">
			<param index="0" name="id" type="int" />
			<description>
				Emitted when a remote peer has disconnected.
			</description>
		</signal>
	</signals>
	<constants>
		<constant name="CONNECTION_DISCONNECTED" value="0" enum="ConnectionStatus">
			The MultiplayerPeer is disconnected.
		</constant>
		<constant name="CONNECTION_CONNECTING" value="1" enum="ConnectionStatus">
			The MultiplayerPeer is currently connecting to a server.
		</constant>
		<constant name="CONNECTION_CONNECTED" value="2" enum="ConnectionStatus">
			This MultiplayerPeer is connected.
		</constant>
		<constant name="TARGET_PEER_BROADCAST" value="0">
			Packets are sent to all connected peers.
		</constant>
		<constant name="TARGET_PEER_SERVER" value="1">
			Packets are sent to the remote peer acting as server.
		</constant>
		<constant name="TRANSFER_MODE_UNRELIABLE" value="0" enum="TransferMode">
			Packets are not acknowledged, no resend attempts are made for lost packets. Packets may arrive in any order. Potentially faster than [constant TRANSFER_MODE_UNRELIABLE_ORDERED]. Use for non-critical data, and always consider whether the order matters.
		</constant>
		<constant name="TRANSFER_MODE_UNRELIABLE_ORDERED" value="1" enum="TransferMode">
			Packets are not acknowledged, no resend attempts are made for lost packets. Packets are received in the order they were sent in. Potentially faster than [constant TRANSFER_MODE_RELIABLE]. Use for non-critical data or data that would be outdated if received late due to resend attempt(s) anyway, for example movement and positional data.
		</constant>
		<constant name="TRANSFER_MODE_RELIABLE" value="2" enum="TransferMode">
			Packets must be received and resend attempts should be made until the packets are acknowledged. Packets must be received in the order they were sent in. Most reliable transfer mode, but potentially the slowest due to the overhead. Use for critical data that must be transmitted and arrive in order, for example an ability being triggered or a chat message. Consider carefully if the information really is critical, and use sparingly.
		</constant>
	</constants>
</class>
