<?xml version="1.0" encoding="UTF-8" ?>
<class name="PacketPeerExtension" inherits="PacketPeer" version="4.1" xmlns:xsi="http://www.w3.org/2001/XMLSchema-instance" xsi:noNamespaceSchemaLocation="../class.xsd">
	<brief_description>
	</brief_description>
	<description>
	</description>
	<tutorials>
	</tutorials>
	<methods>
		<method name="_get_available_packet_count" qualifiers="virtual const">
			<return type="int" />
			<description>
			</description>
		</method>
		<method name="_get_max_packet_size" qualifiers="virtual const">
			<return type="int" />
			<description>
			</description>
		</method>
		<method name="_get_packet" qualifiers="virtual">
			<return type="int" enum="Error" />
			<param index="0" name="r_buffer" type="const uint8_t **" />
			<param index="1" name="r_buffer_size" type="int32_t*" />
			<description>
			</description>
		</method>
		<method name="_put_packet" qualifiers="virtual">
			<return type="int" enum="Error" />
			<param index="0" name="p_buffer" type="const uint8_t*" />
			<param index="1" name="p_buffer_size" type="int" />
			<description>
			</description>
		</method>
	</methods>
</class>
