<?xml version="1.0" encoding="UTF-8" ?>
<class name="InputEventGesture" inherits="InputEventWithModifiers" version="3.2">
	<brief_description>
		Base class for touch control gestures.
	</brief_description>
	<description>
	</description>
	<tutorials>
	</tutorials>
	<methods>
	</methods>
	<members>
		<member name="position" type="Vector2" setter="set_position" getter="get_position" default="Vector2( 0, 0 )">
			The local gesture position relative to the [Viewport]. If used in [method Control._gui_input], the position is relative to the current [Control] that received this gesture.
		</member>
	</members>
	<constants>
	</constants>
</class>
