<?xml version="1.0" encoding="UTF-8" ?>
<class name="InputEventMIDI" inherits="InputEvent" version="3.2">
	<brief_description>
	</brief_description>
	<description>
	</description>
	<tutorials>
	</tutorials>
	<methods>
	</methods>
	<members>
		<member name="channel" type="int" setter="set_channel" getter="get_channel" default="0">
		</member>
		<member name="controller_number" type="int" setter="set_controller_number" getter="get_controller_number" default="0">
		</member>
		<member name="controller_value" type="int" setter="set_controller_value" getter="get_controller_value" default="0">
		</member>
		<member name="instrument" type="int" setter="set_instrument" getter="get_instrument" default="0">
		</member>
		<member name="message" type="int" setter="set_message" getter="get_message" default="0">
		</member>
		<member name="pitch" type="int" setter="set_pitch" getter="get_pitch" default="0">
		</member>
		<member name="pressure" type="int" setter="set_pressure" getter="get_pressure" default="0">
		</member>
		<member name="velocity" type="int" setter="set_velocity" getter="get_velocity" default="0">
		</member>
	</members>
	<constants>
	</constants>
</class>
