<?xml version="1.0" encoding="UTF-8" ?>
<class name="PHashTranslation" inherits="Translation" version="3.2">
	<brief_description>
		Optimized translation.
	</brief_description>
	<description>
		Optimized translation. Uses real-time compressed translations, which results in very small dictionaries.
	</description>
	<tutorials>
	</tutorials>
	<methods>
		<method name="generate">
			<return type="void">
			</return>
			<argument index="0" name="from" type="Translation">
			</argument>
			<description>
				Generates and sets an optimized translation from the given [Translation] resource.
			</description>
		</method>
	</methods>
	<constants>
	</constants>
</class>
