<?xml version="1.0" encoding="UTF-8" ?>
<class name="VehicleWheel" inherits="Spatial" version="3.2">
	<brief_description>
		Physics object that simulates the behavior of a wheel.
	</brief_description>
	<description>
		This node needs to be used as a child node of [VehicleBody] and simulates the behavior of one of its wheels. This node also acts as a collider to detect if the wheel is touching a surface.
		[b]Note:[/b] This class has known issues and isn't designed to provide realistic 3D vehicle physics. If you want advanced vehicle physics, you will probably have to write your own physics integration using another [PhysicsBody] class.
	</description>
	<tutorials>
	</tutorials>
	<methods>
		<method name="get_rpm" qualifiers="const">
			<return type="float">
			</return>
			<description>
				Returns the rotational speed of the wheel in revolutions per minute.
			</description>
		</method>
		<method name="get_skidinfo" qualifiers="const">
			<return type="float">
			</return>
			<description>
				Returns a value between 0.0 and 1.0 that indicates whether this wheel is skidding. 0.0 is skidding (the wheel has lost grip, e.g. icy terrain), 1.0 means not skidding (the wheel has full grip, e.g. dry asphalt road).
			</description>
		</method>
		<method name="is_in_contact" qualifiers="const">
			<return type="bool">
			</return>
			<description>
				Returns [code]true[/code] if this wheel is in contact with a surface.
			</description>
		</method>
	</methods>
	<members>
		<member name="brake" type="float" setter="set_brake" getter="get_brake" default="0.0">
			Slows down the wheel by applying a braking force. The wheel is only slowed down if it is in contact with a surface. The force you need to apply to adequately slow down your vehicle depends on the [member RigidBody.mass] of the vehicle. For a vehicle with a mass set to 1000, try a value in the 25 - 30 range for hard braking.
		</member>
		<member name="damping_compression" type="float" setter="set_damping_compression" getter="get_damping_compression" default="0.83">
			The damping applied to the spring when the spring is being compressed. This value should be between 0.0 (no damping) and 1.0. A value of 0.0 means the car will keep bouncing as the spring keeps its energy. A good value for this is around 0.3 for a normal car, 0.5 for a race car.
		</member>
		<member name="damping_relaxation" type="float" setter="set_damping_relaxation" getter="get_damping_relaxation" default="0.88">
			The damping applied to the spring when relaxing. This value should be between 0.0 (no damping) and 1.0. This value should always be slightly higher than the [member damping_compression] property. For a [member damping_compression] value of 0.3, try a relaxation value of 0.5.
		</member>
		<member name="engine_force" type="float" setter="set_engine_force" getter="get_engine_force" default="0.0">
			Accelerates the wheel by applying an engine force. The wheel is only speed up if it is in contact with a surface. The [member RigidBody.mass] of the vehicle has an effect on the acceleration of the vehicle. For a vehicle with a mass set to 1000, try a value in the 25 - 50 range for acceleration.
			[b]Note:[/b] The simulation does not take the effect of gears into account, you will need to add logic for this if you wish to simulate gears.
			A negative value will result in the wheel reversing.
		</member>
		<member name="steering" type="float" setter="set_steering" getter="get_steering" default="0.0">
			The steering angle for the wheel. Setting this to a non-zero value will result in the vehicle turning when it's moving.
		</member>
		<member name="suspension_max_force" type="float" setter="set_suspension_max_force" getter="get_suspension_max_force" default="6000.0">
			The maximum force the spring can resist. This value should be higher than a quarter of the [member RigidBody.mass] of the [VehicleBody] or the spring will not carry the weight of the vehicle. Good results are often obtained by a value that is about 3× to 4× this number.
		</member>
		<member name="suspension_stiffness" type="float" setter="set_suspension_stiffness" getter="get_suspension_stiffness" default="5.88">
			This value defines the stiffness of the suspension. Use a value lower than 50 for an off-road car, a value between 50 and 100 for a race car and try something around 200 for something like a Formula 1 car.
		</member>
		<member name="suspension_travel" type="float" setter="set_suspension_travel" getter="get_suspension_travel" default="5.0">
			This is the distance the suspension can travel. As Godot units are equivalent to meters, keep this setting relatively low. Try a value between 0.1 and 0.3 depending on the type of car.
		</member>
		<member name="use_as_steering" type="bool" setter="set_use_as_steering" getter="is_used_as_steering" default="false">
			If [code]true[/code], this wheel will be turned when the car steers. This value is used in conjunction with [member VehicleBody.steering] and ignored if you are using the per-wheel [member steering] value instead.
		</member>
		<member name="use_as_traction" type="bool" setter="set_use_as_traction" getter="is_used_as_traction" default="false">
			If [code]true[/code], this wheel transfers engine force to the ground to propel the vehicle forward. This value is used in conjunction with [member VehicleBody.engine_force] and ignored if you are using the per-wheel [member engine_force] value instead.
		</member>
		<member name="wheel_friction_slip" type="float" setter="set_friction_slip" getter="get_friction_slip" default="10.5">
			This determines how much grip this wheel has. It is combined with the friction setting of the surface the wheel is in contact with. 0.0 means no grip, 1.0 is normal grip. For a drift car setup, try setting the grip of the rear wheels slightly lower than the front wheels, or use a lower value to simulate tire wear.
			It's best to set this to 1.0 when starting out.
		</member>
		<member name="wheel_radius" type="float" setter="set_radius" getter="get_radius" default="0.5">
			The radius of the wheel in meters.
		</member>
		<member name="wheel_rest_length" type="float" setter="set_suspension_rest_length" getter="get_suspension_rest_length" default="0.15">
			This is the distance in meters the wheel is lowered from its origin point. Don't set this to 0.0 and move the wheel into position, instead move the origin point of your wheel (the gizmo in Godot) to the position the wheel will take when bottoming out, then use the rest length to move the wheel down to the position it should be in when the car is in rest.
		</member>
		<member name="wheel_roll_influence" type="float" setter="set_roll_influence" getter="get_roll_influence" default="0.1">
			This value affects the roll of your vehicle. If set to 1.0 for all wheels, your vehicle will be prone to rolling over, while a value of 0.0 will resist body roll.
		</member>
	</members>
	<constants>
	</constants>
</class>
